[2026-07-21 01:48:24.310] [autoaim] [info] HikCamera initialized: 1440x1080 @ device_index=0
[2026-07-21 01:48:24.315] [autoaim] [info] Serial opened: /dev/ttyACM0 @ 115200 8N1
[2026-07-21 01:48:24.317] [autoaim] [info] Classifier loaded: models/lenet.onnx (9 classes: 1 2 3 4 5 outpost sentry base negative )
[2026-07-21 01:48:24.317] [autoaim] [info] AutoAim initialized. Waiting for data...
[2026-07-21 01:48:24.317] [autoaim] [debug] [Outpost][IMU] raw_deg=(0.00,0.00,0.00) solver_rad=(0.0000,-0.0000,0.0000)
[2026-07-21 01:48:24.324] [autoaim] [info] [Tracker] Outpost tracker initialized
[2026-07-21 01:48:24.329] [autoaim] [debug] [Outpost][OBS_INPUT] seq=1 candidates=1 confidence=0.999 image=(726.8,553.3) image_dist=33.3 camera=(-0.030,0.029,2.300) gimbal=(2.451,0.063,-0.603) world=(2.451,0.063,-0.603) gimbal_ypr=(26.0,17.2,9.4)deg world_ypr=(26.0,17.2,9.4)deg
[2026-07-21 01:48:24.406] [autoaim] [debug] [Outpost][OBS_INPUT] seq=11 candidates=1 confidence=1.000 image=(683.8,552.2) image_dist=70.7 camera=(-0.092,0.030,2.493) gimbal=(2.636,0.128,-0.657) world=(2.636,0.128,-0.657) gimbal_ypr=(3.0,6.6,0.6)deg world_ypr=(3.0,6.6,0.6)deg
[2026-07-21 01:48:24.447] [autoaim] [debug] [Outpost][OBS_INPUT] seq=21 candidates=1 confidence=0.999 image=(663.6,552.5) image_dist=90.2 camera=(-0.121,0.030,2.511) gimbal=(2.652,0.157,-0.662) world=(2.652,0.157,-0.662) gimbal_ypr=(178.5,156.5,178.7)deg world_ypr=(178.5,156.5,178.7)deg
[2026-07-21 01:48:24.489] [autoaim] [debug] [Outpost][OBS_INPUT] seq=31 candidates=1 confidence=0.982 image=(641.7,553.7) image_dist=111.8 camera=(-0.155,0.033,2.573) gimbal=(2.711,0.192,-0.681) world=(2.711,0.192,-0.681) gimbal_ypr=(178.9,148.0,176.9)deg world_ypr=(178.9,148.0,176.9)deg
[2026-07-21 01:48:24.921] [autoaim] [debug] [Outpost][GEOM_COLLECT] meas=(2.799,-0.091,-0.858) yaw=37.3deg center_minus=(2.580,-0.257) center_plus=(3.018,0.076)
[2026-07-21 01:48:24.925] [autoaim] [debug] [Outpost][OBS_INPUT] seq=41 candidates=1 confidence=0.998 image=(835.9,651.5) image_dist=147.8 camera=(0.127,0.179,2.691) gimbal=(2.789,-0.089,-0.854) world=(2.789,-0.089,-0.854) gimbal_ypr=(35.8,7.3,18.9)deg world_ypr=(35.8,7.3,18.9)deg
[2026-07-21 01:48:24.985] [autoaim] [debug] [Outpost][OBS_INPUT] seq=51 candidates=1 confidence=1.000 image=(811.9,648.1) image_dist=132.5 camera=(0.088,0.168,2.599) gimbal=(2.703,-0.051,-0.819) world=(2.703,-0.051,-0.819) gimbal_ypr=(28.6,8.8,15.6)deg world_ypr=(28.6,8.8,15.6)deg
[2026-07-21 01:48:25.033] [autoaim] [debug] [Outpost][OBS_INPUT] seq=61 candidates=1 confidence=1.000 image=(790.4,646.0) image_dist=122.1 camera=(0.058,0.168,2.640) gimbal=(2.742,-0.020,-0.829) world=(2.742,-0.020,-0.829) gimbal_ypr=(17.7,15.9,11.2)deg world_ypr=(17.7,15.9,11.2)deg
[2026-07-21 01:48:25.094] [autoaim] [debug] [Outpost][OBS_INPUT] seq=71 candidates=1 confidence=1.000 image=(761.7,643.4) image_dist=113.4 camera=(0.015,0.160,2.570) gimbal=(2.676,0.021,-0.802) world=(2.676,0.021,-0.802) gimbal_ypr=(7.2,13.9,6.3)deg world_ypr=(7.2,13.9,6.3)deg
[2026-07-21 01:48:25.142] [autoaim] [debug] [Outpost][GEOM_COLLECT] meas=(2.603,0.054,-0.775) yaw=8.0deg center_minus=(2.331,0.016) center_plus=(2.876,0.092)
[2026-07-21 01:48:25.158] [autoaim] [debug] [Outpost][OBS_INPUT] seq=81 candidates=1 confidence=1.000 image=(731.2,641.9) image_dist=113.2 camera=(-0.027,0.153,2.494) gimbal=(2.604,0.063,-0.775) world=(2.604,0.063,-0.775) gimbal_ypr=(5.8,35.5,4.2)deg world_ypr=(5.8,35.5,4.2)deg
[2026-07-21 01:48:25.202] [autoaim] [debug] [Outpost][OBS_INPUT] seq=91 candidates=1 confidence=0.999 image=(705.9,641.0) image_dist=119.4 camera=(-0.061,0.149,2.456) gimbal=(2.568,0.096,-0.762) world=(2.568,0.096,-0.762) gimbal_ypr=(4.6,35.7,2.8)deg world_ypr=(4.6,35.7,2.8)deg
[2026-07-21 01:48:25.251] [autoaim] [debug] [Outpost][OBS_INPUT] seq=101 candidates=1 confidence=1.000 image=(680.1,640.6) image_dist=131.0 camera=(-0.096,0.149,2.453) gimbal=(2.565,0.131,-0.760) world=(2.565,0.131,-0.760) gimbal_ypr=(4.9,36.2,1.6)deg world_ypr=(4.9,36.2,1.6)deg
[2026-07-21 01:48:25.310] [autoaim] [debug] [Outpost][OBS_INPUT] seq=111 candidates=1 confidence=1.000 image=(648.1,641.2) image_dist=151.3 camera=(-0.142,0.153,2.512) gimbal=(2.620,0.178,-0.780) world=(2.620,0.178,-0.780) gimbal_ypr=(8.2,4.0,1.2)deg world_ypr=(8.2,4.0,1.2)deg
[2026-07-21 01:48:25.450] [autoaim] [debug] [Outpost][IMU] raw_deg=(0.00,0.00,0.00) solver_rad=(0.0000,-0.0000,0.0000)
[2026-07-21 01:48:25.699] [autoaim] [debug] [Outpost][FIT_CANDIDATE] center=(2.778,0.094) R=0.169 med=0.023 p80=0.044 span=0.562 coverage=3.32 n=115
[2026-07-21 01:48:25.716] [autoaim] [debug] [Outpost][GEOM_COLLECT] meas=(2.951,-0.106,-0.658) yaw=41.2deg center_minus=(2.744,-0.287) center_plus=(3.158,0.075)
[2026-07-21 01:48:25.716] [autoaim] [debug] [Outpost][FIT_RESTART] age=0.020s center_shift=0.107 radius_shift=0.089 new=(2.872,0.145,R=0.258)
[2026-07-21 01:48:25.720] [autoaim] [debug] [Outpost][OBS_INPUT] seq=121 candidates=1 confidence=0.992 image=(844.8,495.0) image_dist=100.3 camera=(0.146,-0.054,2.806) gimbal=(2.963,-0.105,-0.661) world=(2.963,-0.105,-0.661) gimbal_ypr=(40.8,7.9,20.0)deg world_ypr=(40.8,7.9,20.0)deg
[2026-07-21 01:48:25.780] [autoaim] [debug] [Outpost][OBS_INPUT] seq=131 candidates=1 confidence=0.999 image=(824.1,490.6) image_dist=83.2 camera=(0.109,-0.059,2.702) gimbal=(2.864,-0.070,-0.628) world=(2.864,-0.070,-0.628) gimbal_ypr=(33.7,10.6,17.3)deg world_ypr=(33.7,10.6,17.3)deg
[2026-07-21 01:48:25.846] [autoaim] [debug] [Outpost][OBS_INPUT] seq=141 candidates=1 confidence=1.000 image=(800.3,486.2) image_dist=66.2 camera=(0.072,-0.064,2.648) gimbal=(2.813,-0.034,-0.608) world=(2.813,-0.034,-0.608) gimbal_ypr=(24.6,11.3,13.2)deg world_ypr=(24.6,11.3,13.2)deg
[2026-07-21 01:48:25.889] [autoaim] [debug] [Outpost][OBS_INPUT] seq=151 candidates=1 confidence=1.000 image=(779.2,483.1) image_dist=55.1 camera=(0.041,-0.068,2.623) gimbal=(2.789,-0.003,-0.598) world=(2.789,-0.003,-0.598) gimbal_ypr=(16.4,14.9,9.8)deg world_ypr=(16.4,14.9,9.8)deg
[2026-07-21 01:48:25.917] [autoaim] [debug] [Outpost][FIT_RESTART] age=0.197s center_shift=0.071 radius_shift=0.042 new=(2.898,0.212,R=0.300)
[2026-07-21 01:48:25.933] [autoaim] [debug] [Outpost][GEOM_COLLECT] meas=(2.770,0.027,-0.590) yaw=172.4deg center_minus=(3.042,-0.009) center_plus=(2.497,0.063)
[2026-07-21 01:48:25.933] [autoaim] [debug] [Outpost][FIT_RESTART] age=0.020s center_shift=0.049 radius_shift=0.041 new=(2.928,0.250,R=0.341)
[2026-07-21 01:48:25.937] [autoaim] [debug] [Outpost][OBS_INPUT] seq=161 candidates=1 confidence=0.999 image=(756.6,481.2) image_dist=49.5 camera=(0.008,-0.070,2.590) gimbal=(2.758,0.030,-0.587) world=(2.758,0.030,-0.587) gimbal_ypr=(171.8,169.9,-177.9)deg world_ypr=(171.8,169.9,-177.9)deg
[2026-07-21 01:48:26.002] [autoaim] [debug] [Outpost][OBS_INPUT] seq=171 candidates=1 confidence=0.990 image=(725.4,479.1) image_dist=57.4 camera=(-0.035,-0.071,2.504) gimbal=(2.674,0.071,-0.563) world=(2.674,0.071,-0.563) gimbal_ypr=(9.1,29.9,3.9)deg world_ypr=(9.1,29.9,3.9)deg
[2026-07-21 01:48:26.061] [autoaim] [debug] [Outpost][OBS_INPUT] seq=181 candidates=1 confidence=0.994 image=(694.9,478.1) image_dist=76.8 camera=(-0.077,-0.071,2.493) gimbal=(2.664,0.113,-0.559) world=(2.664,0.113,-0.559) gimbal_ypr=(3.8,33.4,1.1)deg world_ypr=(3.8,33.4,1.1)deg
[2026-07-21 01:48:26.110] [autoaim] [debug] [Outpost][OBS_INPUT] seq=191 candidates=1 confidence=1.000 image=(670.0,478.5) image_dist=96.3 camera=(-0.113,-0.072,2.525) gimbal=(2.694,0.150,-0.567) world=(2.694,0.150,-0.567) gimbal_ypr=(1.8,24.5,-1.3)deg world_ypr=(1.8,24.5,-1.3)deg
[2026-07-21 01:48:26.154] [autoaim] [debug] [Outpost][GEOM_COLLECT] meas=(2.762,0.185,-0.586) yaw=4.0deg center_minus=(2.487,0.166) center_plus=(3.036,0.204)
[2026-07-21 01:48:26.154] [autoaim] [debug] [Outpost][FIT_CANDIDATE] center=(2.926,0.210) R=0.302 med=0.032 p80=0.061 span=0.628 coverage=2.08 n=200
[2026-07-21 01:48:26.471] [autoaim] [debug] [Outpost][OBS_INPUT] seq=201 candidates=1 confidence=1.000 image=(869.2,575.1) image_dist=126.3 camera=(0.177,0.066,2.708) gimbal=(2.837,-0.138,-0.750) world=(2.837,-0.138,-0.750) gimbal_ypr=(55.6,1.5,25.9)deg world_ypr=(55.6,1.5,25.9)deg
[2026-07-21 01:48:26.499] [autoaim] [info] [Outpost] CALIBRATING cx=(2.932,0.209) omega=-2.513 fit_R=0.307 med=0.032 p80=0.061 span=0.628 coverage=2.04 n=205 confirm=0.345s shift=(0.006,0.005) slot0_z=-0.747
[2026-07-21 01:48:26.503] [autoaim] [debug] [Outpost][OBS_ASSOC] seq=1 state=1 dt=0.0039s world=(2.808,-0.125,-0.737) yaw=51.0deg rho=0.356 radial_res=+0.081 raw_ang=-110.4deg pred=(-106.4,13.6,133.6)deg err=(-4.0,-124.0,+116.0)deg chosen=0 changed=0 corrected=-110.4deg residual=+0.0deg z=(-0.746,0.000,0.000) seen=(1,0,0)
[2026-07-21 01:48:26.538] [autoaim] [debug] [Outpost][IMU] raw_deg=(0.00,0.00,0.00) solver_rad=(0.0000,-0.0000,0.0000)
[2026-07-21 01:48:26.539] [autoaim] [debug] [Outpost][OBS_INPUT] seq=211 candidates=1 confidence=0.995 image=(851.8,569.6) image_dist=108.1 camera=(0.145,0.056,2.606) gimbal=(2.740,-0.107,-0.713) world=(2.740,-0.107,-0.713) gimbal_ypr=(47.5,5.1,22.3)deg world_ypr=(47.5,5.1,22.3)deg
[2026-07-21 01:48:26.571] [autoaim] [debug] [Outpost][OBS_ASSOC] seq=11 state=1 dt=0.0038s world=(2.717,-0.093,-0.702) yaw=43.4deg rho=0.371 radial_res=+0.096 raw_ang=-125.5deg pred=(-118.2,1.8,121.8)deg err=(-7.3,-127.3,+112.7)deg chosen=0 changed=0 corrected=-125.5deg residual=+0.0deg z=(-0.734,0.000,0.000) seen=(1,0,0)
[2026-07-21 01:48:26.603] [autoaim] [debug] [Outpost][OBS_INPUT] seq=221 candidates=1 confidence=1.000 image=(832.9,565.0) image_dist=88.8 camera=(0.117,0.049,2.588) gimbal=(2.725,-0.080,-0.701) world=(2.725,-0.080,-0.701) gimbal_ypr=(39.2,6.6,19.7)deg world_ypr=(39.2,6.6,19.7)deg
[2026-07-21 01:48:26.620] [autoaim] [debug] [Outpost][OBS_ASSOC] seq=21 state=1 dt=0.0040s world=(2.727,-0.070,-0.700) yaw=36.6deg rho=0.346 radial_res=+0.071 raw_ang=-126.3deg pred=(-126.7,-6.7,113.3)deg err=(+0.3,-119.7,+120.3)deg chosen=0 changed=0 corrected=-126.3deg residual=+0.0deg z=(-0.721,0.000,0.000) seen=(1,0,0)
[2026-07-21 01:48:26.651] [autoaim] [debug] [Outpost][OBS_INPUT] seq=231 candidates=1 confidence=0.999 image=(813.2,561.6) image_dist=69.5 camera=(0.088,0.044,2.560) gimbal=(2.699,-0.051,-0.689) world=(2.699,-0.051,-0.689) gimbal_ypr=(32.5,8.9,16.6)deg world_ypr=(32.5,8.9,16.6)deg
[2026-07-21 01:48:26.680] [autoaim] [debug] [Outpost][OBS_ASSOC] seq=31 state=1 dt=0.0041s world=(2.724,-0.035,-0.694) yaw=27.6deg rho=0.321 radial_res=+0.046 raw_ang=-130.4deg pred=(-133.7,-13.7,106.3)deg err=(+3.3,-116.7,+123.3)deg chosen=0 changed=0 corrected=-130.4deg residual=+0.0deg z=(-0.710,0.000,0.000) seen=(1,0,0)
[2026-07-21 01:48:26.709] [autoaim] [debug] [Outpost][OBS_INPUT] seq=241 candidates=1 confidence=0.999 image=(789.0,558.3) image_dist=47.0 camera=(0.054,0.039,2.533) gimbal=(2.674,-0.017,-0.676) world=(2.674,-0.017,-0.676) gimbal_ypr=(24.8,9.2,12.9)deg world_ypr=(24.8,9.2,12.9)deg
[2026-07-21 01:48:26.728] [autoaim] [debug] [Outpost][OBS_ASSOC] seq=41 state=1 dt=0.0042s world=(2.719,-0.004,-0.688) yaw=18.1deg rho=0.302 radial_res=+0.027 raw_ang=-135.0deg pred=(-138.9,-18.9,101.1)deg err=(+3.9,-116.1,+123.9)deg chosen=0 changed=0 corrected=-135.0deg residual=+0.0deg z=(-0.700,0.000,0.000) seen=(1,0,0)
[2026-07-21 01:48:26.756] [autoaim] [debug] [Outpost][OBS_INPUT] seq=251 candidates=1 confidence=0.999 image=(766.6,556.1) image_dist=30.0 camera=(0.022,0.036,2.540) gimbal=(2.681,0.015,-0.675) world=(2.681,0.015,-0.675) gimbal_ypr=(18.1,19.2,10.0)deg world_ypr=(18.1,19.2,10.0)deg
[2026-07-21 01:48:26.784] [autoaim] [debug] [Outpost][OBS_ASSOC] seq=51 state=1 dt=0.0019s world=(2.683,0.033,-0.674) yaw=10.5deg rho=0.304 radial_res=+0.029 raw_ang=-144.7deg pred=(-143.7,-23.7,96.3)deg err=(-1.0,-121.0,+119.0)deg chosen=0 changed=0 corrected=-144.7deg residual=+0.0deg z=(-0.691,0.000,0.000) seen=(1,0,0)
[2026-07-21 01:48:26.819] [autoaim] [debug] [Outpost][OBS_INPUT] seq=261 candidates=1 confidence=0.999 image=(737.2,553.9) image_dist=27.2 camera=(-0.020,0.032,2.525) gimbal=(2.667,0.056,-0.668) world=(2.667,0.056,-0.668) gimbal_ypr=(180.0,171.8,-176.9)deg world_ypr=(180.0,171.8,-176.9)deg
[2026-07-21 01:48:26.836] [autoaim] [debug] [Outpost][OBS_ASSOC] seq=61 state=1 dt=0.0040s world=(2.604,0.068,-0.649) yaw=169.1deg rho=0.357 radial_res=+0.082 raw_ang=-156.8deg pred=(-154.0,-34.0,86.0)deg err=(-2.7,-122.7,+117.3)deg chosen=0 changed=0 corrected=-156.8deg residual=+0.0deg z=(-0.680,0.000,0.000) seen=(1,0,0)
[2026-07-21 01:48:26.864] [autoaim] [debug] [Outpost][OBS_INPUT] seq=271 candidates=1 confidence=0.999 image=(713.0,552.8) image_dist=44.1 camera=(-0.051,0.030,2.471) gimbal=(2.615,0.087,-0.651) world=(2.615,0.087,-0.651) gimbal_ypr=(11.1,31.7,5.1)deg world_ypr=(11.1,31.7,5.1)deg
[2026-07-21 01:48:26.893] [autoaim] [debug] [Outpost][OBS_ASSOC] seq=71 state=1 dt=0.0022s world=(2.608,0.107,-0.649) yaw=6.4deg rho=0.340 radial_res=+0.065 raw_ang=-162.5deg pred=(-162.6,-42.6,77.4)deg err=(+0.2,-119.8,+120.2)deg chosen=0 changed=0 corrected=-162.5deg residual=+0.0deg z=(-0.669,0.000,0.000) seen=(1,0,0)
[2026-07-21 01:48:26.927] [autoaim] [debug] [Outpost][OBS_INPUT] seq=281 candidates=1 confidence=1.000 image=(682.5,552.6) image_dist=72.1 camera=(-0.094,0.031,2.481) gimbal=(2.623,0.130,-0.654) world=(2.623,0.130,-0.654) gimbal_ypr=(3.0,5.1,0.6)deg world_ypr=(3.0,5.1,0.6)deg
[2026-07-21 01:48:26.945] [autoaim] [debug] [Outpost][OBS_ASSOC] seq=81 state=1 dt=0.0043s world=(2.632,0.143,-0.656) yaw=179.8deg rho=0.307 radial_res=+0.032 raw_ang=-167.7deg pred=(-167.7,-47.7,72.3)deg err=(-0.0,-120.0,+120.0)deg chosen=0 changed=0 corrected=-167.7deg residual=+0.0deg z=(-0.663,0.000,0.000) seen=(1,0,0)
[2026-07-21 01:48:26.977] [autoaim] [debug] [Outpost][OBS_INPUT] seq=291 candidates=1 confidence=0.998 image=(656.4,552.6) image_dist=97.2 camera=(-0.132,0.031,2.524) gimbal=(2.665,0.168,-0.667) world=(2.665,0.168,-0.667) gimbal_ypr=(1.2,19.1,-1.1)deg world_ypr=(1.2,19.1,-1.1)deg
[2026-07-21 01:48:27.009] [autoaim] [debug] [Outpost][OBS_ASSOC] seq=91 state=1 dt=0.0043s world=(2.719,0.193,-0.684) yaw=3.9deg rho=0.213 radial_res=-0.062 raw_ang=-175.8deg pred=(-175.8,-55.8,64.2)deg err=(-0.0,-120.0,+120.0)deg chosen=0 changed=0 corrected=-175.8deg residual=+0.0deg z=(-0.665,0.000,0.000) seen=(1,0,0)
[2026-07-21 01:48:27.406] [autoaim] [debug] [Outpost][Z_SLOT] slot=1 offset=120.0deg z=-0.875
[2026-07-21 01:48:27.406] [autoaim] [debug] [Outpost][OBS_ASSOC] seq=92 state=1 dt=0.3972s world=(2.834,-0.110,-0.875) yaw=41.8deg rho=0.334 radial_res=+0.059 raw_ang=-107.0deg pred=(127.0,-113.0,7.0)deg err=(+126.1,+6.1,-113.9)deg chosen=1 changed=1 corrected=-107.0deg residual=+0.0deg z=(-0.665,-0.875,0.000) seen=(1,1,0)
[2026-07-21 01:48:27.436] [autoaim] [debug] [Outpost][OBS_INPUT] seq=301 candidates=1 confidence=1.000 image=(840.2,652.6) image_dist=151.2 camera=(0.130,0.177,2.632) gimbal=(2.733,-0.093,-0.836) world=(2.733,-0.093,-0.836) gimbal_ypr=(39.5,7.2,20.4)deg world_ypr=(39.5,7.2,20.4)deg
[2026-07-21 01:48:27.450] [autoaim] [debug] [Outpost][GEOM_OK] state=1 rho=0.328 res=+0.053 yaw_radial=151.6deg model_center=(2.932,0.209) center_minus=(2.564,-0.246) center_plus=(3.011,0.074)
[2026-07-21 01:48:27.465] [autoaim] [debug] [Outpost][OBS_ASSOC] seq=101 state=1 dt=0.0120s world=(2.772,-0.079,-0.847) yaw=33.3deg rho=0.329 radial_res=+0.054 raw_ang=-119.0deg pred=(122.2,-117.8,2.2)deg err=(+118.8,-1.2,-121.2)deg chosen=1 changed=0 corrected=-119.0deg residual=+0.0deg z=(-0.665,-0.866,0.000) seen=(1,1,0)
[2026-07-21 01:48:27.482] [autoaim] [debug] [Outpost][OBS_INPUT] seq=311 candidates=1 confidence=1.000 image=(822.1,649.8) image_dist=138.9 camera=(0.103,0.171,2.606) gimbal=(2.709,-0.066,-0.823) world=(2.709,-0.066,-0.823) gimbal_ypr=(32.4,8.3,17.3)deg world_ypr=(32.4,8.3,17.3)deg
[2026-07-21 01:48:27.511] [autoaim] [debug] [Outpost][OBS_ASSOC] seq=111 state=1 dt=0.0041s world=(2.696,-0.049,-0.816) yaw=28.3deg rho=0.349 radial_res=+0.074 raw_ang=-132.4deg pred=(107.4,-132.6,-12.6)deg err=(+120.2,+0.2,-119.8)deg chosen=1 changed=0 corrected=-132.4deg residual=+0.0deg z=(-0.665,-0.852,0.000) seen=(1,1,0)
[2026-07-21 01:48:27.544] [autoaim] [debug] [Outpost][OBS_INPUT] seq=321 candidates=1 confidence=1.000 image=(795.7,646.5) image_dist=124.4 camera=(0.065,0.166,2.602) gimbal=(2.706,-0.028,-0.817) world=(2.706,-0.028,-0.817) gimbal_ypr=(22.7,12.8,13.0)deg world_ypr=(22.7,12.8,13.0)deg
[2026-07-21 01:48:27.578] [autoaim] [debug] [Outpost][OBS_ASSOC] seq=121 state=1 dt=0.0160s world=(2.665,-0.006,-0.801) yaw=17.8deg rho=0.342 radial_res=+0.067 raw_ang=-141.2deg pred=(99.8,-140.2,-20.2)deg err=(+119.0,-1.0,-121.0)deg chosen=1 changed=0 corrected=-141.2deg residual=+0.0deg z=(-0.665,-0.837,0.000) seen=(1,1,0)
[2026-07-21 01:48:27.595] [autoaim] [debug] [Outpost][OBS_INPUT] seq=331 candidates=1 confidence=1.000 image=(770.5,644.4) image_dist=115.6 camera=(0.028,0.160,2.558) gimbal=(2.665,0.009,-0.800) world=(2.665,0.009,-0.800) gimbal_ypr=(13.5,9.7,8.6)deg world_ypr=(13.5,9.7,8.6)deg
[2026-07-21 01:48:27.623] [autoaim] [debug] [Outpost][OBS_ASSOC] seq=131 state=1 dt=0.0039s world=(2.662,0.029,-0.797) yaw=1.3deg rho=0.324 radial_res=+0.049 raw_ang=-146.3deg pred=(93.8,-146.2,-26.2)deg err=(+119.9,-0.1,-120.1)deg chosen=1 changed=0 corrected=-146.3deg residual=+0.0deg z=(-0.665,-0.822,0.000) seen=(1,1,0)
[2026-07-21 01:48:27.630] [autoaim] [debug] [Outpost][IMU] raw_deg=(0.00,0.00,0.00) solver_rad=(0.0000,-0.0000,0.0000)
[2026-07-21 01:48:27.651] [autoaim] [debug] [Outpost][OBS_INPUT] seq=341 candidates=1 confidence=0.998 image=(741.8,642.5) image_dist=112.4 camera=(-0.013,0.154,2.511) gimbal=(2.620,0.049,-0.781) world=(2.620,0.049,-0.781) gimbal_ypr=(179.7,146.9,-177.3)deg world_ypr=(179.7,146.9,-177.3)deg
[2026-07-21 01:48:27.684] [autoaim] [debug] [Outpost][OBS_ASSOC] seq=141 state=1 dt=0.0160s world=(2.590,0.071,-0.770) yaw=5.1deg rho=0.369 radial_res=+0.094 raw_ang=-158.0deg pred=(81.7,-158.3,-38.3)deg err=(+120.3,+0.3,-119.7)deg chosen=1 changed=0 corrected=-158.0deg residual=+0.0deg z=(-0.665,-0.805,0.000) seen=(1,1,0)
[2026-07-21 01:48:27.703] [autoaim] [debug] [Outpost][OBS_INPUT] seq=351 candidates=1 confidence=1.000 image=(714.4,641.5) image_dist=117.0 camera=(-0.049,0.149,2.444) gimbal=(2.557,0.084,-0.758) world=(2.557,0.084,-0.758) gimbal_ypr=(8.8,39.2,4.6)deg world_ypr=(8.8,39.2,4.6)deg
[2026-07-21 01:48:27.731] [autoaim] [debug] [Outpost][OBS_ASSOC] seq=151 state=1 dt=0.0040s world=(2.557,0.104,-0.758) yaw=8.8deg rho=0.389 radial_res=+0.114 raw_ang=-164.3deg pred=(75.5,-164.5,-44.5)deg err=(+120.2,+0.2,-119.8)deg chosen=1 changed=0 corrected=-164.3deg residual=+0.0deg z=(-0.665,-0.787,0.000) seen=(1,1,0)
[2026-07-21 01:48:27.761] [autoaim] [debug] [Outpost][OBS_INPUT] seq=361 candidates=1 confidence=1.000 image=(684.7,641.0) image_dist=128.9 camera=(-0.090,0.149,2.453) gimbal=(2.565,0.124,-0.761) world=(2.565,0.124,-0.761) gimbal_ypr=(1.7,2.2,0.6)deg world_ypr=(1.7,2.2,0.6)deg
[2026-07-21 01:48:27.790] [autoaim] [debug] [Outpost][OBS_ASSOC] seq=161 state=1 dt=0.0120s world=(2.589,0.145,-0.769) yaw=3.1deg rho=0.348 radial_res=+0.073 raw_ang=-169.5deg pred=(69.9,-170.1,-50.1)deg err=(+120.6,+0.6,-119.4)deg chosen=1 changed=0 corrected=-169.5deg residual=+0.0deg z=(-0.665,-0.777,0.000) seen=(1,1,0)
[2026-07-21 01:48:27.808] [autoaim] [debug] [Outpost][OBS_INPUT] seq=371 candidates=1 confidence=0.999 image=(659.9,641.1) image_dist=143.4 camera=(-0.124,0.151,2.476) gimbal=(2.586,0.159,-0.769) world=(2.586,0.159,-0.769) gimbal_ypr=(6.7,4.0,1.0)deg world_ypr=(6.7,4.0,1.0)deg
[2026-07-21 01:48:27.840] [autoaim] [debug] [Outpost][OBS_ASSOC] seq=171 state=1 dt=0.0041s world=(2.630,0.185,-0.785) yaw=12.0deg rho=0.303 radial_res=+0.028 raw_ang=-175.4deg pred=(64.5,-175.5,-55.5)deg err=(+120.0,+0.0,-120.0)deg chosen=1 changed=0 corrected=-175.4deg residual=+0.0deg z=(-0.665,-0.777,0.000) seen=(1,1,0)
[2026-07-21 01:48:28.209] [autoaim] [debug] [Outpost][Z_SLOT] slot=2 offset=-120.0deg z=-0.689
[2026-07-21 01:48:28.209] [autoaim] [debug] [Outpost][OBS_ASSOC] seq=174 state=1 dt=0.3612s world=(3.051,-0.122,-0.689) yaw=43.8deg rho=0.351 radial_res=+0.076 raw_ang=-70.2deg pred=(11.4,131.4,-108.6)deg err=(-81.6,+158.4,+38.4)deg chosen=2 changed=1 corrected=-93.6deg residual=+23.4deg z=(-0.665,-0.778,-0.689) seen=(1,1,1)
[2026-07-21 01:48:28.225] [autoaim] [debug] [Outpost][OBS_INPUT] seq=381 candidates=1 confidence=0.977 image=(849.0,496.8) image_dist=103.6 camera=(0.155,-0.053,2.865) gimbal=(3.019,-0.113,-0.678) world=(3.019,-0.113,-0.678) gimbal_ypr=(41.7,8.0,21.3)deg world_ypr=(41.7,8.0,21.3)deg
[2026-07-21 01:48:28.245] [autoaim] [debug] [Outpost][OBS_ASSOC] seq=181 state=1 dt=0.0040s world=(2.905,-0.100,-0.645) yaw=40.6deg rho=0.310 radial_res=+0.035 raw_ang=-94.9deg pred=(34.8,154.8,-85.2)deg err=(-129.7,+110.3,-9.7)deg chosen=2 changed=0 corrected=-94.9deg residual=+0.0deg z=(-0.665,-0.778,-0.682) seen=(1,1,1)
[2026-07-21 01:48:28.274] [autoaim] [debug] [Outpost][OBS_INPUT] seq=391 candidates=1 confidence=0.992 image=(833.8,492.5) image_dist=91.0 camera=(0.125,-0.056,2.717) gimbal=(2.878,-0.085,-0.635) world=(2.878,-0.085,-0.635) gimbal_ypr=(37.6,9.8,18.3)deg world_ypr=(37.6,9.8,18.3)deg
[2026-07-21 01:48:28.301] [autoaim] [debug] [Outpost][OBS_ASSOC] seq=191 state=1 dt=0.0039s world=(2.854,-0.069,-0.626) yaw=33.6deg rho=0.289 radial_res=+0.014 raw_ang=-105.6deg pred=(18.3,138.3,-101.7)deg err=(-123.9,+116.1,-3.9)deg chosen=2 changed=0 corrected=-105.6deg residual=+0.0deg z=(-0.665,-0.778,-0.663) seen=(1,1,1)
[2026-07-21 01:48:28.332] [autoaim] [debug] [Outpost][OBS_INPUT] seq=401 candidates=1 confidence=0.999 image=(813.0,488.5) image_dist=74.8 camera=(0.092,-0.061,2.684) gimbal=(2.847,-0.053,-0.621) world=(2.847,-0.053,-0.621) gimbal_ypr=(29.4,12.3,15.5)deg world_ypr=(29.4,12.3,15.5)deg
[2026-07-21 01:48:28.346] [autoaim] [debug] [Outpost][GEOM_OK] state=1 rho=0.265 res=-0.010 yaw_radial=133.4deg model_center=(2.932,0.209) center_minus=(2.603,-0.163) center_plus=(3.099,0.075)
[2026-07-21 01:48:28.350] [autoaim] [debug] [Outpost][OBS_ASSOC] seq=201 state=1 dt=0.0040s world=(2.848,-0.041,-0.619) yaw=25.5deg rho=0.264 radial_res=-0.011 raw_ang=-108.6deg pred=(11.7,131.7,-108.3)deg err=(-120.3,+119.7,-0.3)deg chosen=2 changed=0 corrected=-108.6deg residual=+0.0deg z=(-0.665,-0.778,-0.646) seen=(1,1,1)
[2026-07-21 01:48:28.378] [autoaim] [debug] [Outpost][OBS_INPUT] seq=411 candidates=1 confidence=0.999 image=(793.0,485.1) image_dist=61.7 camera=(0.060,-0.066,2.654) gimbal=(2.819,-0.022,-0.609) world=(2.819,-0.022,-0.609) gimbal_ypr=(157.4,165.9,-178.7)deg world_ypr=(157.4,165.9,-178.7)deg
[2026-07-21 01:48:28.406] [autoaim] [debug] [Outpost][OBS_ASSOC] seq=211 state=1 dt=0.0038s world=(2.774,-0.004,-0.595) yaw=160.4deg rho=0.265 radial_res=-0.010 raw_ang=-126.6deg pred=(0.6,120.6,-119.4)deg err=(-127.2,+112.8,-7.2)deg chosen=2 changed=0 corrected=-126.6deg residual=+0.0deg z=(-0.665,-0.778,-0.631) seen=(1,1,1)
[2026-07-21 01:48:28.414] [autoaim] [debug] [Outpost][Z_WAIT] phase_z=[-0.665,-0.778,-0.627] sorted_gaps=(0.113,0.038)
[2026-07-21 01:48:28.422] [autoaim] [info] [Outpost] ACTIVE omega=-2.513 phase_z=[-0.665,-0.778,-0.624] sorted_gaps=(0.113,0.041)
[2026-07-21 01:48:28.426] [autoaim] [debug] [Outpost][OBS_INPUT] seq=421 candidates=1 confidence=1.000 image=(771.0,482.5) image_dist=51.9 camera=(0.029,-0.068,2.617) gimbal=(2.783,0.009,-0.596) world=(2.783,0.009,-0.596) gimbal_ypr=(14.1,18.1,8.5)deg world_ypr=(14.1,18.1,8.5)deg
[2026-07-21 01:48:28.426] [autoaim] [debug] [Outpost][SELECT_PHASE] current_angle=-0.116 target_v_yaw=-2.513 normalized_omega=-2.513 prediction_dt=0.225 future_angle=-0.681 current_plate=2 selected_plate=2 candidate_phase=-2.776 candidate_z=-0.624
[2026-07-21 01:48:28.426] [autoaim] [debug] [Outpost][SELECT] mode=ROTATING selected=2 observed=2 changed=true fresh=true unseen=0.000s phase=0.0deg model_ok=true fire=false diff=16.8deg cmd=(2.45,-8.17)
[2026-07-21 01:48:28.454] [autoaim] [debug] [Outpost][OBS_ASSOC] seq=221 state=2 dt=0.0040s world=(2.766,0.029,-0.589) yaw=6.0deg rho=0.245 radial_res=-0.030 raw_ang=-132.6deg pred=(-9.6,110.4,-129.6)deg err=(-123.0,+117.0,-3.0)deg chosen=2 changed=0 corrected=-132.6deg residual=+0.0deg z=(-0.665,-0.778,-0.624) seen=(1,1,1)
[2026-07-21 01:48:28.487] [autoaim] [debug] [Outpost][OBS_INPUT] seq=431 candidates=1 confidence=0.999 image=(741.5,480.1) image_dist=51.2 camera=(-0.013,-0.070,2.537) gimbal=(2.707,0.050,-0.573) world=(2.707,0.050,-0.573) gimbal_ypr=(11.0,29.7,6.0)deg world_ypr=(11.0,29.7,6.0)deg
[2026-07-21 01:48:28.516] [autoaim] [debug] [Outpost][OBS_ASSOC] seq=231 state=2 dt=0.0054s world=(2.691,0.070,-0.568) yaw=177.8deg rho=0.279 radial_res=+0.004 raw_ang=-150.0deg pred=(-30.2,89.8,-150.2)deg err=(-119.8,+120.2,+0.2)deg chosen=2 changed=0 corrected=-150.0deg residual=+0.0deg z=(-0.665,-0.778,-0.624) seen=(1,1,1)
[2026-07-21 01:48:28.534] [autoaim] [debug] [Outpost][OBS_INPUT] seq=441 candidates=1 confidence=0.999 image=(717.0,478.9) image_dist=61.8 camera=(-0.047,-0.070,2.497) gimbal=(2.667,0.083,-0.561) world=(2.667,0.083,-0.561) gimbal_ypr=(179.8,-177.8,-178.4)deg world_ypr=(179.8,-177.8,-178.4)deg
[2026-07-21 01:48:28.534] [autoaim] [debug] [Outpost][SELECT_PHASE] current_angle=-0.604 target_v_yaw=-2.513 normalized_omega=-2.513 prediction_dt=0.256 future_angle=-1.246 current_plate=2 selected_plate=2 candidate_phase=-3.341 candidate_z=-0.624
[2026-07-21 01:48:28.562] [autoaim] [debug] [Outpost][OBS_ASSOC] seq=241 state=2 dt=0.0039s world=(2.670,0.103,-0.561) yaw=7.3deg rho=0.282 radial_res=+0.007 raw_ang=-158.0deg pred=(-38.7,81.3,-158.7)deg err=(-119.4,+120.6,+0.6)deg chosen=2 changed=0 corrected=-158.0deg residual=+0.0deg z=(-0.665,-0.778,-0.624) seen=(1,1,1)
[2026-07-21 01:48:28.595] [autoaim] [debug] [Outpost][OBS_INPUT] seq=451 candidates=1 confidence=0.999 image=(686.2,478.5) image_dist=83.1 camera=(-0.089,-0.071,2.506) gimbal=(2.676,0.126,-0.563) world=(2.676,0.126,-0.563) gimbal_ypr=(1.9,32.6,-0.0)deg world_ypr=(1.9,32.6,-0.0)deg
[2026-07-21 01:48:28.623] [autoaim] [debug] [Outpost][OBS_ASSOC] seq=251 state=2 dt=0.0039s world=(2.681,0.146,-0.564) yaw=178.2deg rho=0.259 radial_res=-0.016 raw_ang=-165.9deg pred=(-45.4,74.6,-165.4)deg err=(-120.5,+119.5,-0.5)deg chosen=2 changed=0 corrected=-165.9deg residual=+0.0deg z=(-0.665,-0.778,-0.624) seen=(1,1,1)
[2026-07-21 01:48:28.643] [autoaim] [debug] [Outpost][OBS_INPUT] seq=461 candidates=1 confidence=0.998 image=(662.0,478.6) image_dist=103.1 camera=(-0.125,-0.072,2.549) gimbal=(2.716,0.162,-0.574) world=(2.716,0.162,-0.574) gimbal_ypr=(7.7,2.4,-0.1)deg world_ypr=(7.7,2.4,-0.1)deg
[2026-07-21 01:48:28.643] [autoaim] [debug] [Outpost][SELECT_PHASE] current_angle=-0.834 target_v_yaw=-2.513 normalized_omega=-2.513 prediction_dt=0.248 future_angle=-1.458 current_plate=2 selected_plate=2 candidate_phase=-3.552 candidate_z=-0.624
[2026-07-21 01:48:28.675] [autoaim] [debug] [Outpost][OBS_ASSOC] seq=261 state=2 dt=0.0042s world=(2.700,0.183,-0.570) yaw=169.5deg rho=0.233 radial_res=-0.042 raw_ang=-173.6deg pred=(-52.9,67.1,-172.9)deg err=(-120.6,+119.4,-0.6)deg chosen=2 changed=0 corrected=-173.6deg residual=+0.0deg z=(-0.665,-0.778,-0.624) seen=(1,1,1)
[2026-07-21 01:48:28.714] [autoaim] [debug] [Outpost][IMU] raw_deg=(0.00,0.00,0.00) solver_rad=(0.0000,-0.0000,0.0000)
[2026-07-21 01:48:28.770] [autoaim] [debug] [Outpost][SELECT_PHASE] current_angle=-1.164 target_v_yaw=-2.513 normalized_omega=-2.513 prediction_dt=0.243 future_angle=-1.774 current_plate=2 selected_plate=2 candidate_phase=-3.869 candidate_z=-0.624
[2026-07-21 01:48:28.879] [autoaim] [debug] [Outpost][SELECT_PHASE] current_angle=-1.447 target_v_yaw=-2.513 normalized_omega=-2.513 prediction_dt=0.236 future_angle=-2.041 current_plate=2 selected_plate=2 candidate_phase=-4.135 candidate_z=-0.624
[2026-07-21 01:48:28.992] [autoaim] [debug] [Outpost][SWITCH_COMMIT] t=30653.914 from=2 phase_best=0 height_plate=1 tracked_err=+111.1deg new_phase_err=-8.9deg jump=66.0deg z=-0.746 z_err=0.032 margin=0.048 z_confident=1
[2026-07-21 01:48:28.992] [autoaim] [debug] [Outpost][OBS_ASSOC] seq=263 state=2 dt=0.3132s world=(2.820,-0.135,-0.746) yaw=55.2deg rho=0.362 radial_res=+0.087 raw_ang=-108.0deg pred=(-99.1,20.9,140.9)deg err=(-8.9,-128.9,+111.1)deg chosen=0 changed=1 corrected=-108.0deg residual=+0.0deg z=(-0.665,-0.778,-0.624) seen=(1,1,1)
[2026-07-21 01:48:28.992] [autoaim] [debug] [Outpost][SELECT_PHASE] current_angle=-1.884 target_v_yaw=-2.513 normalized_omega=-2.513 prediction_dt=0.229 future_angle=-2.460 current_plate=0 selected_plate=2 candidate_phase=-4.554 candidate_z=-0.624
[2026-07-21 01:48:28.992] [autoaim] [debug] [Outpost][SELECT] mode=ROTATING selected=2 observed=0 changed=false fresh=true unseen=0.000s phase=0.0deg model_ok=true fire=false diff=-85.1deg cmd=(9.69,-6.67)
[2026-07-21 01:48:28.996] [autoaim] [debug] [Outpost][IDENTITY_LOCK] t=30653.919 tracked=0 phase_best=0 height_candidate=1 tracked_err=-2.4deg new_phase_err=-2.4deg jump=3.0deg z=-0.739 z_err=0.039 margin=0.034
[2026-07-21 01:48:28.996] [autoaim] [debug] [Outpost][SELECT] mode=ROTATING selected=0 observed=0 changed=true fresh=true unseen=0.000s phase=0.0deg model_ok=true fire=false diff=32.0deg cmd=(1.02,-8.99)
[2026-07-21 01:48:29.004] [autoaim] [debug] [Outpost][OBS_INPUT] seq=471 candidates=1 confidence=0.999 image=(865.5,574.0) image_dist=122.4 camera=(0.170,0.064,2.693) gimbal=(2.823,-0.132,-0.744) world=(2.823,-0.132,-0.744) gimbal_ypr=(53.3,1.8,24.9)deg world_ypr=(53.3,1.8,24.9)deg
[2026-07-21 01:48:29.032] [autoaim] [debug] [Outpost][OBS_ASSOC] seq=271 state=2 dt=0.0038s world=(2.737,-0.117,-0.715) yaw=50.9deg rho=0.380 radial_res=+0.105 raw_ang=-120.8deg pred=(-116.5,3.5,123.5)deg err=(-4.4,-124.4,+115.6)deg chosen=0 changed=0 corrected=-120.8deg residual=+0.0deg z=(-0.665,-0.778,-0.624) seen=(1,1,1)
[2026-07-21 01:48:29.064] [autoaim] [debug] [Outpost][OBS_INPUT] seq=481 candidates=1 confidence=0.993 image=(849.6,569.1) image_dist=105.9 camera=(0.143,0.056,2.630) gimbal=(2.764,-0.105,-0.719) world=(2.764,-0.105,-0.719) gimbal_ypr=(45.9,4.9,22.0)deg world_ypr=(45.9,4.9,22.0)deg
[2026-07-21 01:48:29.093] [autoaim] [debug] [Outpost][OBS_ASSOC] seq=281 state=2 dt=0.0044s world=(2.724,-0.092,-0.704) yaw=42.8deg rho=0.366 radial_res=+0.091 raw_ang=-124.7deg pred=(-122.4,-2.4,117.6)deg err=(-2.4,-122.4,+117.6)deg chosen=0 changed=0 corrected=-124.7deg residual=+0.0deg z=(-0.665,-0.778,-0.624) seen=(1,1,1)
[2026-07-21 01:48:29.101] [autoaim] [debug] [Outpost][SELECT_PHASE] current_angle=-2.095 target_v_yaw=-2.513 normalized_omega=-2.513 prediction_dt=0.227 future_angle=-2.664 current_plate=0 selected_plate=0 candidate_phase=-2.664 candidate_z=-0.665
[2026-07-21 01:48:29.113] [autoaim] [debug] [Outpost][OBS_INPUT] seq=491 candidates=1 confidence=0.988 image=(834.6,565.4) image_dist=90.5 camera=(0.119,0.050,2.582) gimbal=(2.719,-0.082,-0.700) world=(2.719,-0.082,-0.700) gimbal_ypr=(40.4,6.7,19.6)deg world_ypr=(40.4,6.7,19.6)deg
[2026-07-21 01:48:29.149] [autoaim] [debug] [Outpost][OBS_ASSOC] seq=291 state=2 dt=0.0041s world=(2.705,-0.064,-0.693) yaw=35.7deg rho=0.355 radial_res=+0.080 raw_ang=-129.7deg pred=(-131.7,-11.7,108.3)deg err=(+2.0,-118.0,+122.0)deg chosen=0 changed=0 corrected=-129.7deg residual=+0.0deg z=(-0.665,-0.778,-0.624) seen=(1,1,1)
[2026-07-21 01:48:29.181] [autoaim] [debug] [Outpost][OBS_INPUT] seq=501 candidates=1 confidence=1.000 image=(809.0,561.1) image_dist=65.6 camera=(0.082,0.043,2.550) gimbal=(2.689,-0.045,-0.685) world=(2.689,-0.045,-0.685) gimbal_ypr=(31.5,9.4,15.7)deg world_ypr=(31.5,9.4,15.7)deg
[2026-07-21 01:48:29.209] [autoaim] [debug] [Outpost][GEOM_OK] state=2 rho=0.314 res=+0.039 yaw_radial=156.8deg model_center=(2.932,0.209) center_minus=(2.480,-0.150) center_plus=(2.974,0.092)
[2026-07-21 01:48:29.213] [autoaim] [debug] [Outpost][OBS_ASSOC] seq=301 state=2 dt=0.0040s world=(2.701,-0.026,-0.685) yaw=26.6deg rho=0.329 radial_res=+0.054 raw_ang=-134.4deg pred=(-131.3,-11.3,108.7)deg err=(-3.2,-123.2,+116.8)deg chosen=0 changed=0 corrected=-134.4deg residual=+0.0deg z=(-0.665,-0.778,-0.624) seen=(1,1,1)
[2026-07-21 01:48:29.221] [autoaim] [debug] [Outpost][SELECT_PHASE] current_angle=-2.334 target_v_yaw=-2.513 normalized_omega=-2.513 prediction_dt=0.225 future_angle=-2.900 current_plate=0 selected_plate=0 candidate_phase=-2.900 candidate_z=-0.665
[2026-07-21 01:48:29.245] [autoaim] [debug] [Outpost][OBS_INPUT] seq=511 candidates=1 confidence=0.999 image=(780.9,557.4) image_dist=40.2 camera=(0.043,0.038,2.570) gimbal=(2.709,-0.006,-0.686) world=(2.709,-0.006,-0.686) gimbal_ypr=(20.7,13.6,11.6)deg world_ypr=(20.7,13.6,11.6)deg
[2026-07-21 01:48:29.273] [autoaim] [debug] [Outpost][OBS_ASSOC] seq=311 state=2 dt=0.0038s world=(2.685,0.013,-0.677) yaw=17.9deg rho=0.315 radial_res=+0.040 raw_ang=-141.6deg pred=(-141.6,-21.6,98.4)deg err=(-0.0,-120.0,+120.0)deg chosen=0 changed=0 corrected=-141.6deg residual=+0.0deg z=(-0.665,-0.778,-0.624) seen=(1,1,1)
[2026-07-21 01:48:29.293] [autoaim] [debug] [Outpost][OBS_INPUT] seq=521 candidates=1 confidence=0.999 image=(758.0,555.4) image_dist=25.9 camera=(0.010,0.035,2.565) gimbal=(2.705,0.027,-0.681) world=(2.705,0.027,-0.681) gimbal_ypr=(9.2,11.0,7.3)deg world_ypr=(9.2,11.0,7.3)deg
[2026-07-21 01:48:29.321] [autoaim] [debug] [Outpost][OBS_ASSOC] seq=321 state=2 dt=0.0036s world=(2.665,0.046,-0.668) yaw=172.1deg rho=0.313 radial_res=+0.038 raw_ang=-148.6deg pred=(-147.2,-27.2,92.8)deg err=(-1.4,-121.4,+118.6)deg chosen=0 changed=0 corrected=-148.6deg residual=+0.0deg z=(-0.665,-0.778,-0.624) seen=(1,1,1)
[2026-07-21 01:48:29.329] [autoaim] [debug] [Outpost][SELECT_PHASE] current_angle=-2.618 target_v_yaw=-2.513 normalized_omega=-2.513 prediction_dt=0.260 future_angle=-3.270 current_plate=0 selected_plate=0 candidate_phase=-3.270 candidate_z=-0.665
[2026-07-21 01:48:29.349] [autoaim] [debug] [Outpost][OBS_INPUT] seq=531 candidates=1 confidence=1.000 image=(730.1,553.7) image_dist=31.3 camera=(-0.029,0.032,2.514) gimbal=(2.656,0.065,-0.664) world=(2.656,0.065,-0.664) gimbal_ypr=(178.4,159.3,-177.7)deg world_ypr=(178.4,159.3,-177.7)deg
[2026-07-21 01:48:29.382] [autoaim] [debug] [Outpost][OBS_ASSOC] seq=331 state=2 dt=0.0159s world=(2.605,0.086,-0.648) yaw=10.7deg rho=0.349 radial_res=+0.074 raw_ang=-159.3deg pred=(-158.6,-38.6,81.4)deg err=(-0.7,-120.7,+119.3)deg chosen=0 changed=0 corrected=-159.3deg residual=+0.0deg z=(-0.665,-0.778,-0.624) seen=(1,1,1)
[2026-07-21 01:48:29.401] [autoaim] [debug] [Outpost][OBS_INPUT] seq=541 candidates=1 confidence=0.999 image=(703.7,552.9) image_dist=52.4 camera=(-0.064,0.030,2.456) gimbal=(2.600,0.099,-0.647) world=(2.600,0.099,-0.647) gimbal_ypr=(11.5,26.4,4.5)deg world_ypr=(11.5,26.4,4.5)deg
[2026-07-21 01:48:29.434] [autoaim] [debug] [Outpost][OBS_ASSOC] seq=341 state=2 dt=0.0039s world=(2.609,0.122,-0.649) yaw=0.2deg rho=0.334 radial_res=+0.059 raw_ang=-164.9deg pred=(-165.0,-45.0,75.0)deg err=(+0.1,-119.9,+120.1)deg chosen=0 changed=0 corrected=-164.9deg residual=+0.0deg z=(-0.665,-0.778,-0.624) seen=(1,1,1)
[2026-07-21 01:48:29.456] [autoaim] [debug] [Outpost][SELECT_PHASE] current_angle=-2.905 target_v_yaw=-2.513 normalized_omega=-2.513 prediction_dt=0.253 future_angle=-3.541 current_plate=0 selected_plate=0 candidate_phase=-3.541 candidate_z=-0.665
[2026-07-21 01:48:29.466] [autoaim] [debug] [Outpost][OBS_INPUT] seq=551 candidates=1 confidence=1.000 image=(671.2,552.6) image_dist=82.9 camera=(-0.110,0.031,2.493) gimbal=(2.635,0.146,-0.657) world=(2.635,0.146,-0.657) gimbal_ypr=(4.6,2.7,0.8)deg world_ypr=(4.6,2.7,0.8)deg
[2026-07-21 01:48:29.494] [autoaim] [debug] [Outpost][OBS_ASSOC] seq=351 state=2 dt=0.0040s world=(2.646,0.166,-0.661) yaw=174.7deg rho=0.289 radial_res=+0.014 raw_ang=-171.4deg pred=(-171.1,-51.1,68.9)deg err=(-0.3,-120.3,+119.7)deg chosen=0 changed=0 corrected=-171.4deg residual=+0.0deg z=(-0.665,-0.778,-0.624) seen=(1,1,1)
[2026-07-21 01:48:29.523] [autoaim] [debug] [Outpost][OBS_INPUT] seq=561 candidates=1 confidence=0.999 image=(643.2,553.5) image_dist=110.3 camera=(-0.152,0.032,2.563) gimbal=(2.701,0.189,-0.678) world=(2.701,0.189,-0.678) gimbal_ypr=(2.4,3.5,-1.8)deg world_ypr=(2.4,3.5,-1.8)deg
[2026-07-21 01:48:29.559] [autoaim] [debug] [Outpost][SELECT_PHASE] current_angle=3.128 target_v_yaw=-2.513 normalized_omega=-2.513 prediction_dt=0.248 future_angle=2.504 current_plate=0 selected_plate=0 candidate_phase=2.504 candidate_z=-0.665
[2026-07-21 01:48:29.562] [autoaim] [debug] [Outpost][SELECT] mode=ROTATING selected=0 observed=0 changed=false fresh=true unseen=0.032s phase=0.0deg model_ok=true fire=false diff=-41.1deg cmd=(8.05,-8.78)
[2026-07-21 01:48:29.666] [autoaim] [debug] [Outpost][SELECT_PHASE] current_angle=2.869 target_v_yaw=-2.513 normalized_omega=-2.513 prediction_dt=0.242 future_angle=2.262 current_plate=0 selected_plate=0 candidate_phase=2.262 candidate_z=-0.665
[2026-07-21 01:48:29.759] [autoaim] [debug] [Outpost][SELECT_PHASE] current_angle=2.627 target_v_yaw=-2.513 normalized_omega=-2.513 prediction_dt=0.237 future_angle=2.032 current_plate=0 selected_plate=0 candidate_phase=2.032 candidate_z=-0.665
[2026-07-21 01:48:29.845] [autoaim] [debug] [Outpost][IMU] raw_deg=(0.00,0.00,0.00) solver_rad=(0.0000,-0.0000,0.0000)
[2026-07-21 01:48:29.882] [autoaim] [debug] [Outpost][SELECT_PHASE] current_angle=2.324 target_v_yaw=-2.513 normalized_omega=-2.513 prediction_dt=0.232 future_angle=1.742 current_plate=0 selected_plate=1 candidate_phase=3.836 candidate_z=-0.778
[2026-07-21 01:48:29.882] [autoaim] [debug] [Outpost][SELECT] mode=ROTATING selected=1 observed=0 changed=true fresh=false unseen=0.349s phase=0.0deg model_ok=false fire=false diff=35.6deg cmd=(0.72,-11.22)
[2026-07-21 01:48:29.923] [autoaim] [debug] [Outpost][SWITCH_COMMIT] t=30654.846 from=0 phase_best=1 height_plate=1 tracked_err=+123.7deg new_phase_err=+3.7deg jump=67.1deg z=-0.870 z_err=0.092 margin=0.113 z_confident=0
[2026-07-21 01:48:29.923] [autoaim] [debug] [Outpost][OBS_ASSOC] seq=359 state=2 dt=0.3933s world=(2.819,-0.110,-0.870) yaw=42.3deg rho=0.338 radial_res=+0.063 raw_ang=-109.5deg pred=(126.8,-113.2,6.8)deg err=(+123.7,+3.7,-116.3)deg chosen=1 changed=1 corrected=-109.5deg residual=+0.0deg z=(-0.665,-0.778,-0.624) seen=(1,1,1)
[2026-07-21 01:48:29.936] [autoaim] [debug] [Outpost][OBS_ASSOC] seq=361 state=2 dt=0.0040s world=(2.804,-0.104,-0.863) yaw=40.6deg rho=0.338 radial_res=+0.063 raw_ang=-112.2deg pred=(124.0,-116.0,4.0)deg err=(+123.8,+3.8,-116.2)deg chosen=1 changed=0 corrected=-112.2deg residual=+0.0deg z=(-0.665,-0.778,-0.624) seen=(1,1,1)
[2026-07-21 01:48:29.968] [autoaim] [debug] [Outpost][OBS_INPUT] seq=571 candidates=1 confidence=1.000 image=(834.1,651.6) image_dist=146.9 camera=(0.124,0.179,2.696) gimbal=(2.794,-0.086,-0.856) world=(2.794,-0.086,-0.856) gimbal_ypr=(35.4,8.8,18.7)deg world_ypr=(35.4,8.8,18.7)deg
[2026-07-21 01:48:30.008] [autoaim] [debug] [Outpost][OBS_ASSOC] seq=371 state=2 dt=0.0078s world=(2.741,-0.061,-0.834) yaw=30.4deg rho=0.330 radial_res=+0.055 raw_ang=-125.3deg pred=(112.5,-127.5,-7.5)deg err=(+122.3,+2.3,-117.7)deg chosen=1 changed=0 corrected=-125.3deg residual=+0.0deg z=(-0.665,-0.778,-0.624) seen=(1,1,1)
[2026-07-21 01:48:30.009] [autoaim] [debug] [Outpost][SELECT_PHASE] current_angle=2.002 target_v_yaw=-2.513 normalized_omega=-2.513 prediction_dt=0.229 future_angle=1.428 current_plate=1 selected_plate=1 candidate_phase=3.522 candidate_z=-0.778
[2026-07-21 01:48:30.044] [autoaim] [debug] [Outpost][OBS_INPUT] seq=581 candidates=1 confidence=1.000 image=(802.5,647.4) image_dist=127.8 camera=(0.075,0.168,2.614) gimbal=(2.717,-0.038,-0.822) world=(2.717,-0.038,-0.822) gimbal_ypr=(24.1,9.3,13.9)deg world_ypr=(24.1,9.3,13.9)deg
[2026-07-21 01:48:30.076] [autoaim] [debug] [Outpost][OBS_ASSOC] seq=381 state=2 dt=0.0041s world=(2.739,-0.016,-0.828) yaw=16.7deg rho=0.297 radial_res=+0.022 raw_ang=-130.5deg pred=(102.8,-137.2,-17.2)deg err=(+126.7,+6.7,-113.3)deg chosen=1 changed=0 corrected=-130.5deg residual=+0.0deg z=(-0.665,-0.778,-0.624) seen=(1,1,1)
[2026-07-21 01:48:30.108] [autoaim] [debug] [Outpost][OBS_INPUT] seq=591 candidates=1 confidence=0.999 image=(772.6,644.4) image_dist=116.0 camera=(0.031,0.161,2.568) gimbal=(2.674,0.006,-0.803) world=(2.674,0.006,-0.803) gimbal_ypr=(13.9,12.3,8.7)deg world_ypr=(13.9,12.3,8.7)deg
[2026-07-21 01:48:30.136] [autoaim] [debug] [Outpost][OBS_ASSOC] seq=391 state=2 dt=0.0040s world=(2.657,0.025,-0.796) yaw=8.3deg rho=0.331 radial_res=+0.056 raw_ang=-146.2deg pred=(93.6,-146.4,-26.4)deg err=(+120.3,+0.3,-119.7)deg chosen=1 changed=0 corrected=-146.2deg residual=+0.0deg z=(-0.665,-0.778,-0.624) seen=(1,1,1)
[2026-07-21 01:48:30.136] [autoaim] [debug] [Outpost][SELECT_PHASE] current_angle=1.638 target_v_yaw=-2.513 normalized_omega=-2.513 prediction_dt=0.258 future_angle=0.990 current_plate=1 selected_plate=1 candidate_phase=3.084 candidate_z=-0.778
[2026-07-21 01:48:30.144] [autoaim] [debug] [Outpost][SELECT] mode=ROTATING selected=1 observed=1 changed=false fresh=true unseen=0.000s phase=0.0deg model_ok=true fire=false diff=-8.1deg cmd=(5.01,-11.63)
[2026-07-21 01:48:30.156] [autoaim] [debug] [Outpost][OBS_INPUT] seq=601 candidates=1 confidence=0.999 image=(749.0,643.0) image_dist=112.6 camera=(-0.003,0.156,2.526) gimbal=(2.635,0.039,-0.787) world=(2.635,0.039,-0.787) gimbal_ypr=(7.3,32.0,5.9)deg world_ypr=(7.3,32.0,5.9)deg
[2026-07-21 01:48:30.181] [autoaim] [debug] [Outpost][GEOM_OK] state=2 rho=0.360 res=+0.085 yaw_radial=156.6deg model_center=(2.932,0.209) center_minus=(2.332,0.045) center_plus=(2.882,0.064)
[2026-07-21 01:48:30.184] [autoaim] [debug] [Outpost][OBS_ASSOC] seq=401 state=2 dt=0.0039s world=(2.596,0.057,-0.773) yaw=8.0deg rho=0.369 radial_res=+0.094 raw_ang=-155.7deg pred=(84.8,-155.2,-35.2)deg err=(+119.5,-0.5,-120.5)deg chosen=1 changed=0 corrected=-155.7deg residual=+0.0deg z=(-0.665,-0.778,-0.624) seen=(1,1,1)
[2026-07-21 01:48:30.212] [autoaim] [debug] [Outpost][OBS_INPUT] seq=611 candidates=1 confidence=1.000 image=(720.5,641.8) image_dist=115.4 camera=(-0.041,0.151,2.459) gimbal=(2.570,0.076,-0.764) world=(2.570,0.076,-0.764) gimbal_ypr=(7.4,37.9,4.7)deg world_ypr=(7.4,37.9,4.7)deg
[2026-07-21 01:48:30.245] [autoaim] [debug] [Outpost][OBS_ASSOC] seq=411 state=2 dt=0.0160s world=(2.557,0.098,-0.758) yaw=8.7deg rho=0.390 radial_res=+0.115 raw_ang=-163.5deg pred=(76.1,-163.9,-43.9)deg err=(+120.3,+0.3,-119.7)deg chosen=1 changed=0 corrected=-163.5deg residual=+0.0deg z=(-0.665,-0.778,-0.624) seen=(1,1,1)
[2026-07-21 01:48:30.246] [autoaim] [debug] [Outpost][SELECT_PHASE] current_angle=1.335 target_v_yaw=-2.513 normalized_omega=-2.513 prediction_dt=0.248 future_angle=0.711 current_plate=1 selected_plate=1 candidate_phase=2.805 candidate_z=-0.778
[2026-07-21 01:48:30.265] [autoaim] [debug] [Outpost][OBS_INPUT] seq=621 candidates=1 confidence=0.999 image=(693.0,641.1) image_dist=125.0 camera=(-0.078,0.148,2.437) gimbal=(2.550,0.112,-0.755) world=(2.550,0.112,-0.755) gimbal_ypr=(7.4,39.7,3.5)deg world_ypr=(7.4,39.7,3.5)deg
[2026-07-21 01:48:30.297] [autoaim] [debug] [Outpost][OBS_ASSOC] seq=421 state=2 dt=0.0041s world=(2.566,0.136,-0.761) yaw=2.9deg rho=0.373 radial_res=+0.098 raw_ang=-168.8deg pred=(71.0,-169.0,-49.0)deg err=(+120.2,+0.2,-119.8)deg chosen=1 changed=0 corrected=-168.8deg residual=+0.0deg z=(-0.665,-0.778,-0.624) seen=(1,1,1)
[2026-07-21 01:48:30.329] [autoaim] [debug] [Outpost][OBS_INPUT] seq=631 candidates=1 confidence=0.996 image=(658.5,641.1) image_dist=144.3 camera=(-0.127,0.152,2.489) gimbal=(2.598,0.162,-0.773) world=(2.598,0.162,-0.773) gimbal_ypr=(7.0,5.0,1.1)deg world_ypr=(7.0,5.0,1.1)deg
[2026-07-21 01:48:30.363] [autoaim] [debug] [Outpost][OBS_ASSOC] seq=431 state=2 dt=0.0041s world=(2.642,0.189,-0.789) yaw=178.7deg rho=0.291 radial_res=+0.016 raw_ang=-176.1deg pred=(64.0,-176.0,-56.0)deg err=(+119.9,-0.1,-120.1)deg chosen=1 changed=0 corrected=-176.1deg residual=+0.0deg z=(-0.665,-0.778,-0.624) seen=(1,1,1)
[2026-07-21 01:48:30.363] [autoaim] [debug] [Outpost][SELECT_PHASE] current_angle=1.116 target_v_yaw=-2.513 normalized_omega=-2.513 prediction_dt=0.248 future_angle=0.492 current_plate=1 selected_plate=1 candidate_phase=2.586 candidate_z=-0.778
[2026-07-21 01:48:30.478] [autoaim] [debug] [Outpost][SELECT_PHASE] current_angle=0.824 target_v_yaw=-2.513 normalized_omega=-2.513 prediction_dt=0.239 future_angle=0.222 current_plate=1 selected_plate=1 candidate_phase=2.317 candidate_z=-0.778
[2026-07-21 01:48:30.582] [autoaim] [debug] [Outpost][SELECT_PHASE] current_angle=0.562 target_v_yaw=-2.513 normalized_omega=-2.513 prediction_dt=0.234 future_angle=-0.026 current_plate=1 selected_plate=1 candidate_phase=2.068 candidate_z=-0.778
[2026-07-21 01:48:30.690] [autoaim] [debug] [Outpost][SELECT_PHASE] current_angle=0.290 target_v_yaw=-2.513 normalized_omega=-2.513 prediction_dt=0.229 future_angle=-0.286 current_plate=1 selected_plate=1 candidate_phase=1.808 candidate_z=-0.778
[2026-07-21 01:48:30.698] [autoaim] [debug] [Outpost][SELECT] mode=ROTATING selected=1 observed=1 changed=false fresh=false unseen=0.329s phase=0.0deg model_ok=false fire=false diff=-81.7deg cmd=(9.65,-9.81)
[2026-07-21 01:48:30.719] [autoaim] [debug] [Outpost][SELECT] mode=ROTATING selected=2 observed=1 changed=true fresh=false unseen=0.349s phase=0.0deg model_ok=false fire=false diff=35.5deg cmd=(0.73,-7.86)
[2026-07-21 01:48:30.727] [autoaim] [debug] [Outpost][SWITCH_COMMIT] t=30655.649 from=1 phase_best=2 height_plate=0 tracked_err=+164.7deg new_phase_err=+44.7deg jump=113.2deg z=-0.702 z_err=0.037 margin=0.040 z_confident=1
[2026-07-21 01:48:30.727] [autoaim] [debug] [Outpost][OBS_ASSOC] seq=434 state=2 dt=0.3574s world=(3.095,-0.124,-0.702) yaw=43.7deg rho=0.371 radial_res=+0.096 raw_ang=-64.0deg pred=(11.4,131.4,-108.6)deg err=(-75.3,+164.7,+44.7)deg chosen=2 changed=1 corrected=-64.0deg residual=+0.0deg z=(-0.665,-0.778,-0.624) seen=(1,1,1)
[2026-07-21 01:48:30.735] [autoaim] [debug] [Outpost][OBS_INPUT] seq=641 candidates=1 confidence=0.982 image=(851.7,497.6) image_dist=105.9 camera=(0.161,-0.052,2.896) gimbal=(3.049,-0.119,-0.687) world=(3.049,-0.119,-0.687) gimbal_ypr=(42.4,6.0,21.5)deg world_ypr=(42.4,6.0,21.5)deg
[2026-07-21 01:48:30.766] [autoaim] [debug] [Outpost][OBS_ASSOC] seq=441 state=2 dt=0.0042s world=(2.926,-0.099,-0.651) yaw=40.6deg rho=0.308 radial_res=+0.033 raw_ang=-91.1deg pred=(28.7,148.7,-91.3)deg err=(-119.7,+120.3,+0.3)deg chosen=2 changed=0 corrected=-91.1deg residual=+0.0deg z=(-0.665,-0.778,-0.624) seen=(1,1,1)
[2026-07-21 01:48:30.795] [autoaim] [debug] [Outpost][OBS_INPUT] seq=651 candidates=1 confidence=0.837 image=(832.4,492.6) image_dist=89.7 camera=(0.124,-0.057,2.755) gimbal=(2.914,-0.084,-0.644) world=(2.914,-0.084,-0.644) gimbal_ypr=(36.7,10.9,18.6)deg world_ypr=(36.7,10.9,18.6)deg
[2026-07-21 01:48:30.803] [autoaim] [debug] [Outpost][SELECT_PHASE] current_angle=0.423 target_v_yaw=-2.513 normalized_omega=-2.513 prediction_dt=0.231 future_angle=-0.158 current_plate=2 selected_plate=2 candidate_phase=-2.253 candidate_z=-0.624
[2026-07-21 01:48:30.831] [autoaim] [debug] [Outpost][OBS_ASSOC] seq=451 state=2 dt=0.0040s world=(2.848,-0.062,-0.623) yaw=32.3deg rho=0.284 radial_res=+0.009 raw_ang=-107.2deg pred=(11.6,131.6,-108.4)deg err=(-118.8,+121.2,+1.2)deg chosen=2 changed=0 corrected=-107.2deg residual=+0.0deg z=(-0.665,-0.778,-0.624) seen=(1,1,1)
[2026-07-21 01:48:30.859] [autoaim] [debug] [Outpost][OBS_INPUT] seq=661 candidates=1 confidence=1.000 image=(808.0,487.6) image_dist=71.3 camera=(0.085,-0.063,2.688) gimbal=(2.851,-0.046,-0.620) world=(2.851,-0.046,-0.620) gimbal_ypr=(26.7,11.4,14.1)deg world_ypr=(26.7,11.4,14.1)deg
[2026-07-21 01:48:30.879] [autoaim] [debug] [Outpost][OBS_ASSOC] seq=461 state=2 dt=0.0040s world=(2.816,-0.033,-0.609) yaw=24.7deg rho=0.268 radial_res=-0.007 raw_ang=-115.6deg pred=(11.1,131.1,-108.9)deg err=(-126.8,+113.2,-6.8)deg chosen=2 changed=0 corrected=-115.6deg residual=+0.0deg z=(-0.665,-0.778,-0.624) seen=(1,1,1)
[2026-07-21 01:48:30.911] [autoaim] [debug] [Outpost][OBS_INPUT] seq=671 candidates=1 confidence=0.999 image=(785.7,484.5) image_dist=57.5 camera=(0.049,-0.065,2.588) gimbal=(2.755,-0.011,-0.591) world=(2.755,-0.011,-0.591) gimbal_ypr=(157.2,165.9,-179.6)deg world_ypr=(157.2,165.9,-179.6)deg
[2026-07-21 01:48:30.933] [autoaim] [debug] [Outpost][SELECT_PHASE] current_angle=-0.109 target_v_yaw=-2.513 normalized_omega=-2.513 prediction_dt=0.225 future_angle=-0.674 current_plate=2 selected_plate=2 candidate_phase=-2.768 candidate_z=-0.624
[2026-07-21 01:48:30.943] [autoaim] [debug] [Outpost][OBS_ASSOC] seq=471 state=2 dt=0.0021s world=(2.784,0.009,-0.596) yaw=14.2deg rho=0.249 radial_res=-0.026 raw_ang=-126.4deg pred=(-11.5,108.5,-131.5)deg err=(-114.9,+125.1,+5.1)deg chosen=2 changed=0 corrected=-126.4deg residual=+0.0deg z=(-0.665,-0.778,-0.624) seen=(1,1,1)
[2026-07-21 01:48:30.971] [autoaim] [debug] [Outpost][OBS_INPUT] seq=681 candidates=1 confidence=0.999 image=(757.7,481.5) image_dist=49.4 camera=(0.010,-0.070,2.591) gimbal=(2.758,0.028,-0.587) world=(2.758,0.028,-0.587) gimbal_ypr=(10.0,23.1,6.9)deg world_ypr=(10.0,23.1,6.9)deg
[2026-07-21 01:48:31.003] [autoaim] [debug] [Outpost][IMU] raw_deg=(0.00,0.00,0.00) solver_rad=(0.0000,-0.0000,0.0000)
[2026-07-21 01:48:31.006] [autoaim] [debug] [Outpost][OBS_ASSOC] seq=481 state=2 dt=0.0161s world=(2.705,0.049,-0.573) yaw=173.1deg rho=0.277 radial_res=+0.002 raw_ang=-144.9deg pred=(-19.3,100.7,-139.3)deg err=(-125.6,+114.4,-5.6)deg chosen=2 changed=0 corrected=-144.9deg residual=+0.0deg z=(-0.665,-0.778,-0.624) seen=(1,1,1)
[2026-07-21 01:48:31.024] [autoaim] [debug] [Outpost][OBS_INPUT] seq=691 candidates=1 confidence=1.000 image=(732.1,479.7) image_dist=54.1 camera=(-0.026,-0.070,2.514) gimbal=(2.684,0.063,-0.566) world=(2.684,0.063,-0.566) gimbal_ypr=(11.9,28.9,5.2)deg world_ypr=(11.9,28.9,5.2)deg
[2026-07-21 01:48:31.050] [autoaim] [debug] [Outpost][SELECT_PHASE] current_angle=-0.578 target_v_yaw=-2.513 normalized_omega=-2.513 prediction_dt=0.256 future_angle=-1.222 current_plate=2 selected_plate=2 candidate_phase=-3.316 candidate_z=-0.624
[2026-07-21 01:48:31.059] [autoaim] [debug] [Outpost][OBS_ASSOC] seq=491 state=2 dt=0.0042s world=(2.663,0.087,-0.560) yaw=9.1deg rho=0.295 radial_res=+0.020 raw_ang=-155.5deg pred=(-35.6,84.4,-155.6)deg err=(-119.9,+120.1,+0.1)deg chosen=2 changed=0 corrected=-155.5deg residual=+0.0deg z=(-0.665,-0.778,-0.624) seen=(1,1,1)
[2026-07-21 01:48:31.088] [autoaim] [debug] [Outpost][OBS_INPUT] seq=701 candidates=1 confidence=0.997 image=(699.9,478.5) image_dist=72.9 camera=(-0.070,-0.071,2.492) gimbal=(2.662,0.106,-0.559) world=(2.662,0.106,-0.559) gimbal_ypr=(0.6,-2.8,0.5)deg world_ypr=(0.6,-2.8,0.5)deg
[2026-07-21 01:48:31.116] [autoaim] [debug] [Outpost][GEOM_OK] state=2 rho=0.257 res=-0.018 yaw_radial=163.3deg model_center=(2.932,0.209) center_minus=(2.413,0.119) center_plus=(2.963,0.136)
[2026-07-21 01:48:31.120] [autoaim] [debug] [Outpost][OBS_ASSOC] seq=501 state=2 dt=0.0040s world=(2.688,0.130,-0.566) yaw=1.9deg rho=0.256 radial_res=-0.019 raw_ang=-162.1deg pred=(-42.1,77.9,-162.1)deg err=(-120.0,+120.0,-0.0)deg chosen=2 changed=0 corrected=-162.1deg residual=+0.0deg z=(-0.665,-0.778,-0.624) seen=(1,1,1)
[2026-07-21 01:48:31.152] [autoaim] [debug] [Outpost][OBS_INPUT] seq=711 candidates=1 confidence=0.995 image=(667.6,478.6) image_dist=98.2 camera=(-0.117,-0.072,2.547) gimbal=(2.715,0.154,-0.573) world=(2.715,0.154,-0.573) gimbal_ypr=(4.2,-1.2,-0.7)deg world_ypr=(4.2,-1.2,-0.7)deg
[2026-07-21 01:48:31.157] [autoaim] [debug] [Outpost][SELECT_PHASE] current_angle=-0.821 target_v_yaw=-2.513 normalized_omega=-2.513 prediction_dt=0.248 future_angle=-1.445 current_plate=2 selected_plate=2 candidate_phase=-3.540 candidate_z=-0.624
[2026-07-21 01:48:31.183] [autoaim] [debug] [Outpost][OBS_ASSOC] seq=511 state=2 dt=0.0121s world=(2.728,0.175,-0.577) yaw=2.0deg rho=0.206 radial_res=-0.069 raw_ang=-170.4deg pred=(-51.1,68.9,-171.1)deg err=(-119.4,+120.6,+0.6)deg chosen=2 changed=0 corrected=-170.4deg residual=+0.0deg z=(-0.665,-0.778,-0.624) seen=(1,1,1)
[2026-07-21 01:48:31.200] [autoaim] [debug] [Outpost][OBS_INPUT] seq=721 candidates=1 confidence=0.999 image=(643.9,479.9) image_dist=118.5 camera=(-0.154,-0.073,2.612) gimbal=(2.777,0.192,-0.590) world=(2.777,0.192,-0.590) gimbal_ypr=(3.2,25.9,-3.2)deg world_ypr=(3.2,25.9,-3.2)deg
[2026-07-21 01:48:31.273] [autoaim] [debug] [Outpost][SELECT_PHASE] current_angle=-1.127 target_v_yaw=-2.513 normalized_omega=-2.513 prediction_dt=0.244 future_angle=-1.739 current_plate=2 selected_plate=2 candidate_phase=-3.834 candidate_z=-0.624
[2026-07-21 01:48:31.301] [autoaim] [debug] [Outpost][SELECT] mode=ROTATING selected=2 observed=2 changed=false fresh=true unseen=0.096s phase=0.0deg model_ok=true fire=false diff=-47.7deg cmd=(8.55,-7.59)
[2026-07-21 01:48:31.421] [autoaim] [debug] [Outpost][SELECT_PHASE] current_angle=-1.500 target_v_yaw=-2.513 normalized_omega=-2.513 prediction_dt=0.235 future_angle=-2.092 current_plate=2 selected_plate=2 candidate_phase=-4.186 candidate_z=-0.624
[2026-07-21 01:48:31.511] [autoaim] [debug] [Outpost][SWITCH_COMMIT] t=30656.428 from=2 phase_best=0 height_plate=1 tracked_err=+118.8deg new_phase_err=-1.2deg jump=75.4deg z=-0.763 z_err=0.015 margin=0.083 z_confident=1
[2026-07-21 01:48:31.511] [autoaim] [debug] [Outpost][OBS_ASSOC] seq=518 state=2 dt=0.3013s world=(2.874,-0.142,-0.763) yaw=54.9deg rho=0.355 radial_res=+0.080 raw_ang=-99.4deg pred=(-98.1,21.9,141.9)deg err=(-1.2,-121.2,+118.8)deg chosen=0 changed=1 corrected=-99.4deg residual=+0.0deg z=(-0.665,-0.778,-0.624) seen=(1,1,1)
[2026-07-21 01:48:31.520] [autoaim] [debug] [Outpost][OBS_ASSOC] seq=521 state=2 dt=0.0019s world=(2.760,-0.131,-0.726) yaw=55.0deg rho=0.381 radial_res=+0.106 raw_ang=-116.8deg pred=(-94.7,25.3,145.3)deg err=(-22.0,-142.0,+98.0)deg chosen=0 changed=0 corrected=-109.7deg residual=-7.0deg z=(-0.665,-0.778,-0.624) seen=(1,1,1)
[2026-07-21 01:48:31.526] [autoaim] [debug] [Outpost][SELECT_PHASE] current_angle=-1.857 target_v_yaw=-2.513 normalized_omega=-2.513 prediction_dt=0.229 future_angle=-2.433 current_plate=0 selected_plate=2 candidate_phase=-4.527 candidate_z=-0.624
[2026-07-21 01:48:31.544] [autoaim] [debug] [Outpost][SELECT] mode=ROTATING selected=0 observed=0 changed=true fresh=true unseen=0.000s phase=0.0deg model_ok=true fire=false diff=28.8deg cmd=(1.30,-9.05)
[2026-07-21 01:48:31.546] [autoaim] [debug] [Outpost][OBS_INPUT] seq=731 candidates=1 confidence=0.999 image=(861.0,572.2) image_dist=117.6 camera=(0.163,0.062,2.678) gimbal=(2.808,-0.124,-0.737) world=(2.808,-0.124,-0.737) gimbal_ypr=(50.1,2.5,23.8)deg world_ypr=(50.1,2.5,23.8)deg
[2026-07-21 01:48:31.565] [autoaim] [debug] [Outpost][OBS_ASSOC] seq=531 state=2 dt=0.0040s world=(2.745,-0.114,-0.716) yaw=49.0deg rho=0.373 radial_res=+0.098 raw_ang=-120.1deg pred=(-117.4,2.6,122.6)deg err=(-2.7,-122.7,+117.3)deg chosen=0 changed=0 corrected=-120.1deg residual=+0.0deg z=(-0.665,-0.778,-0.624) seen=(1,1,1)
[2026-07-21 01:48:31.598] [autoaim] [debug] [Outpost][OBS_INPUT] seq=741 candidates=1 confidence=0.860 image=(846.5,568.0) image_dist=102.5 camera=(0.140,0.055,2.652) gimbal=(2.785,-0.102,-0.724) world=(2.785,-0.102,-0.724) gimbal_ypr=(43.5,5.7,21.7)deg world_ypr=(43.5,5.7,21.7)deg
[2026-07-21 01:48:31.632] [autoaim] [debug] [Outpost][OBS_ASSOC] seq=541 state=2 dt=0.0054s world=(2.718,-0.085,-0.700) yaw=40.3deg rho=0.363 radial_res=+0.088 raw_ang=-126.0deg pred=(-125.9,-5.9,114.1)deg err=(-0.2,-120.2,+119.8)deg chosen=0 changed=0 corrected=-126.0deg residual=+0.0deg z=(-0.665,-0.778,-0.624) seen=(1,1,1)
[2026-07-21 01:48:31.634] [autoaim] [debug] [Outpost][SELECT_PHASE] current_angle=-2.187 target_v_yaw=-2.513 normalized_omega=-2.513 prediction_dt=0.226 future_angle=-2.754 current_plate=0 selected_plate=0 candidate_phase=-2.754 candidate_z=-0.665
[2026-07-21 01:48:31.668] [autoaim] [debug] [Outpost][OBS_INPUT] seq=751 candidates=1 confidence=0.997 image=(823.1,563.1) image_dist=79.1 camera=(0.102,0.046,2.560) gimbal=(2.698,-0.065,-0.690) world=(2.698,-0.065,-0.690) gimbal_ypr=(36.4,9.0,18.0)deg world_ypr=(36.4,9.0,18.0)deg
[2026-07-21 01:48:31.703] [autoaim] [debug] [Outpost][OBS_ASSOC] seq=551 state=2 dt=0.0201s world=(2.700,-0.045,-0.687) yaw=31.5deg rho=0.344 radial_res=+0.069 raw_ang=-132.3deg pred=(-128.7,-8.7,111.3)deg err=(-3.6,-123.6,+116.4)deg chosen=0 changed=0 corrected=-132.3deg residual=+0.0deg z=(-0.665,-0.778,-0.624) seen=(1,1,1)
[2026-07-21 01:48:31.736] [autoaim] [debug] [Outpost][OBS_INPUT] seq=761 candidates=1 confidence=0.985 image=(794.9,558.9) image_dist=52.2 camera=(0.063,0.040,2.589) gimbal=(2.727,-0.026,-0.693) world=(2.727,-0.026,-0.693) gimbal_ypr=(24.6,11.5,13.1)deg world_ypr=(24.6,11.5,13.1)deg
[2026-07-21 01:48:31.774] [autoaim] [debug] [Outpost][OBS_ASSOC] seq=561 state=2 dt=0.0198s world=(2.704,-0.002,-0.683) yaw=19.1deg rho=0.311 radial_res=+0.036 raw_ang=-137.2deg pred=(-140.0,-20.0,100.0)deg err=(+2.8,-117.2,+122.8)deg chosen=0 changed=0 corrected=-137.2deg residual=+0.0deg z=(-0.665,-0.778,-0.624) seen=(1,1,1)
[2026-07-21 01:48:31.776] [autoaim] [debug] [Outpost][SELECT_PHASE] current_angle=-2.440 target_v_yaw=-2.513 normalized_omega=-2.513 prediction_dt=0.225 future_angle=-3.005 current_plate=0 selected_plate=0 candidate_phase=-3.005 candidate_z=-0.665
[2026-07-21 01:48:31.806] [autoaim] [debug] [Outpost][OBS_INPUT] seq=771 candidates=1 confidence=0.999 image=(763.0,555.7) image_dist=28.0 camera=(0.017,0.035,2.577) gimbal=(2.717,0.020,-0.685) world=(2.717,0.020,-0.685) gimbal_ypr=(12.2,17.3,8.1)deg world_ypr=(12.2,17.3,8.1)deg
[2026-07-21 01:48:31.823] [autoaim] [debug] [Outpost][OBS_ASSOC] seq=571 state=2 dt=0.0039s world=(2.687,0.033,-0.675) yaw=11.1deg rho=0.301 radial_res=+0.026 raw_ang=-144.3deg pred=(-144.2,-24.2,95.8)deg err=(-0.1,-120.1,+119.9)deg chosen=0 changed=0 corrected=-144.3deg residual=+0.0deg z=(-0.665,-0.778,-0.624) seen=(1,1,1)
[2026-07-21 01:48:31.854] [autoaim] [debug] [Outpost][OBS_INPUT] seq=781 candidates=1 confidence=0.999 image=(737.0,554.1) image_dist=27.5 camera=(-0.020,0.032,2.524) gimbal=(2.665,0.056,-0.667) world=(2.665,0.056,-0.667) gimbal_ypr=(4.0,25.0,4.3)deg world_ypr=(4.0,25.0,4.3)deg
[2026-07-21 01:48:31.887] [autoaim] [debug] [Outpost][OBS_ASSOC] seq=581 state=2 dt=0.0041s world=(2.614,0.076,-0.651) yaw=13.4deg rho=0.345 radial_res=+0.070 raw_ang=-157.4deg pred=(-157.0,-37.0,83.0)deg err=(-0.4,-120.4,+119.6)deg chosen=0 changed=0 corrected=-157.4deg residual=+0.0deg z=(-0.665,-0.778,-0.624) seen=(1,1,1)
[2026-07-21 01:48:31.891] [autoaim] [debug] [Outpost][SELECT_PHASE] current_angle=-2.760 target_v_yaw=-2.513 normalized_omega=-2.513 prediction_dt=0.257 future_angle=-3.405 current_plate=0 selected_plate=0 candidate_phase=-3.405 candidate_z=-0.665
[2026-07-21 01:48:31.925] [autoaim] [debug] [Outpost][OBS_INPUT] seq=791 candidates=1 confidence=0.998 image=(702.2,552.7) image_dist=53.7 camera=(-0.066,0.031,2.469) gimbal=(2.613,0.102,-0.651) world=(2.613,0.102,-0.651) gimbal_ypr=(177.0,176.1,-179.9)deg world_ypr=(177.0,176.1,-179.9)deg
[2026-07-21 01:48:31.925] [autoaim] [debug] [Outpost][SELECT] mode=ROTATING selected=0 observed=0 changed=false fresh=true unseen=0.000s phase=0.0deg model_ok=true fire=false diff=-22.4deg cmd=(6.45,-8.95)
[2026-07-21 01:48:31.959] [autoaim] [debug] [Outpost][OBS_ASSOC] seq=591 state=2 dt=0.0039s world=(2.635,0.128,-0.657) yaw=1.7deg rho=0.308 radial_res=+0.033 raw_ang=-164.7deg pred=(-164.8,-44.8,75.2)deg err=(+0.1,-119.9,+120.1)deg chosen=0 changed=0 corrected=-164.7deg residual=+0.0deg z=(-0.665,-0.778,-0.624) seen=(1,1,1)
[2026-07-21 01:48:31.992] [autoaim] [debug] [Outpost][OBS_INPUT] seq=801 candidates=1 confidence=0.997 image=(667.6,552.6) image_dist=86.3 camera=(-0.115,0.030,2.501) gimbal=(2.643,0.151,-0.659) world=(2.643,0.151,-0.659) gimbal_ypr=(179.4,154.8,179.0)deg world_ypr=(179.4,154.8,179.0)deg
[2026-07-21 01:48:32.007] [autoaim] [debug] [Outpost][GEOM_OK] state=2 rho=0.296 res=+0.021 yaw_radial=-13.5deg model_center=(2.932,0.209) center_minus=(2.914,0.141) center_plus=(2.366,0.183)
[2026-07-21 01:48:32.023] [autoaim] [debug] [Outpost][OBS_ASSOC] seq=601 state=2 dt=0.0119s world=(2.669,0.172,-0.668) yaw=174.3deg rho=0.265 radial_res=-0.010 raw_ang=-172.0deg pred=(-172.6,-52.6,67.4)deg err=(+0.6,-119.4,+120.6)deg chosen=0 changed=0 corrected=-172.0deg residual=+0.0deg z=(-0.665,-0.778,-0.624) seen=(1,1,1)
[2026-07-21 01:48:32.027] [autoaim] [debug] [Outpost][SELECT_PHASE] current_angle=-3.006 target_v_yaw=-2.513 normalized_omega=-2.513 prediction_dt=0.248 future_angle=-3.630 current_plate=0 selected_plate=0 candidate_phase=-3.630 candidate_z=-0.665
[2026-07-21 01:48:32.040] [autoaim] [debug] [Outpost][OBS_INPUT] seq=811 candidates=1 confidence=0.999 image=(644.2,553.5) image_dist=109.3 camera=(-0.149,0.032,2.528) gimbal=(2.668,0.185,-0.669) world=(2.668,0.185,-0.669) gimbal_ypr=(170.8,154.1,175.0)deg world_ypr=(170.8,154.1,175.0)deg
[2026-07-21 01:48:32.143] [autoaim] [debug] [Outpost][SELECT_PHASE] current_angle=2.974 target_v_yaw=-2.513 normalized_omega=-2.513 prediction_dt=0.244 future_angle=2.361 current_plate=0 selected_plate=0 candidate_phase=2.361 candidate_z=-0.665
[2026-07-21 01:48:32.219] [autoaim] [debug] [Outpost][IMU] raw_deg=(0.00,0.00,0.00) solver_rad=(0.0000,-0.0000,0.0000)
[2026-07-21 01:48:32.274] [autoaim] [debug] [Outpost][SELECT_PHASE] current_angle=2.651 target_v_yaw=-2.513 normalized_omega=-2.513 prediction_dt=0.237 future_angle=2.055 current_plate=0 selected_plate=0 candidate_phase=2.055 candidate_z=-0.665
[2026-07-21 01:48:32.381] [autoaim] [debug] [Outpost][SELECT_PHASE] current_angle=2.385 target_v_yaw=-2.513 normalized_omega=-2.513 prediction_dt=0.233 future_angle=1.800 current_plate=0 selected_plate=0 candidate_phase=1.800 candidate_z=-0.665
[2026-07-21 01:48:32.411] [autoaim] [debug] [Outpost][SELECT] mode=ROTATING selected=1 observed=0 changed=true fresh=false unseen=0.364s phase=0.0deg model_ok=false fire=false diff=34.7deg cmd=(0.79,-11.25)
[2026-07-21 01:48:32.435] [autoaim] [debug] [Outpost][SWITCH_COMMIT] t=30657.358 from=0 phase_best=1 height_plate=1 tracked_err=+123.5deg new_phase_err=+3.5deg jump=67.2deg z=-0.873 z_err=0.095 margin=0.113 z_confident=0
[2026-07-21 01:48:32.435] [autoaim] [debug] [Outpost][OBS_ASSOC] seq=608 state=2 dt=0.3909s world=(2.826,-0.115,-0.873) yaw=43.4deg rho=0.341 radial_res=+0.066 raw_ang=-108.1deg pred=(128.4,-111.6,8.4)deg err=(+123.5,+3.5,-116.5)deg chosen=1 changed=1 corrected=-108.1deg residual=+0.0deg z=(-0.665,-0.778,-0.624) seen=(1,1,1)
[2026-07-21 01:48:32.458] [autoaim] [debug] [Outpost][OBS_ASSOC] seq=611 state=2 dt=0.0036s world=(2.827,-0.103,-0.871) yaw=39.4deg rho=0.329 radial_res=+0.054 raw_ang=-108.6deg pred=(131.3,-108.7,11.3)deg err=(+120.1,+0.1,-119.9)deg chosen=1 changed=0 corrected=-108.6deg residual=+0.0deg z=(-0.665,-0.778,-0.624) seen=(1,1,1)
[2026-07-21 01:48:32.528] [autoaim] [debug] [Outpost][OBS_INPUT] seq=821 candidates=1 confidence=0.998 image=(820.2,649.5) image_dist=137.7 camera=(0.101,0.172,2.631) gimbal=(2.732,-0.064,-0.831) world=(2.732,-0.064,-0.831) gimbal_ypr=(31.0,9.6,16.5)deg world_ypr=(31.0,9.6,16.5)deg
[2026-07-21 01:48:32.528] [autoaim] [debug] [Outpost][SELECT_PHASE] current_angle=1.986 target_v_yaw=-2.513 normalized_omega=-2.513 prediction_dt=0.228 future_angle=1.412 current_plate=1 selected_plate=1 candidate_phase=3.506 candidate_z=-0.778
[2026-07-21 01:48:32.548] [autoaim] [debug] [Outpost][OBS_ASSOC] seq=621 state=2 dt=0.0065s world=(2.749,-0.052,-0.836) yaw=26.2deg rho=0.318 radial_res=+0.043 raw_ang=-125.0deg pred=(110.1,-129.9,-9.9)deg err=(+124.9,+4.9,-115.1)deg chosen=1 changed=0 corrected=-125.0deg residual=+0.0deg z=(-0.665,-0.778,-0.624) seen=(1,1,1)
[2026-07-21 01:48:32.548] [autoaim] [debug] [Outpost][SELECT] mode=ROTATING selected=1 observed=1 changed=false fresh=true unseen=0.000s phase=0.0deg model_ok=true fire=false diff=17.9deg cmd=(2.34,-11.53)
[2026-07-21 01:48:32.574] [autoaim] [debug] [Outpost][OBS_INPUT] seq=831 candidates=1 confidence=0.999 image=(799.7,647.1) image_dist=126.4 camera=(0.071,0.167,2.614) gimbal=(2.717,-0.033,-0.822) world=(2.717,-0.033,-0.822) gimbal_ypr=(22.3,8.7,12.8)deg world_ypr=(22.3,8.7,12.8)deg
[2026-07-21 01:48:32.605] [autoaim] [debug] [Outpost][OBS_ASSOC] seq=631 state=2 dt=0.0042s world=(2.663,-0.012,-0.802) yaw=19.6deg rho=0.348 radial_res=+0.073 raw_ang=-140.6deg pred=(103.8,-136.2,-16.2)deg err=(+115.6,-4.4,-124.4)deg chosen=1 changed=0 corrected=-140.6deg residual=+0.0deg z=(-0.665,-0.778,-0.624) seen=(1,1,1)
[2026-07-21 01:48:32.641] [autoaim] [debug] [Outpost][OBS_INPUT] seq=841 candidates=1 confidence=0.999 image=(769.1,644.6) image_dist=115.6 camera=(0.026,0.159,2.536) gimbal=(2.643,0.010,-0.792) world=(2.643,0.010,-0.792) gimbal_ypr=(14.0,6.4,8.7)deg world_ypr=(14.0,6.4,8.7)deg
[2026-07-21 01:48:32.641] [autoaim] [debug] [Outpost][SELECT_PHASE] current_angle=1.650 target_v_yaw=-2.513 normalized_omega=-2.513 prediction_dt=0.258 future_angle=1.001 current_plate=1 selected_plate=1 candidate_phase=3.095 candidate_z=-0.778
[2026-07-21 01:48:32.675] [autoaim] [debug] [Outpost][OBS_ASSOC] seq=641 state=2 dt=0.0126s world=(2.654,0.031,-0.794) yaw=2.6deg rho=0.330 radial_res=+0.055 raw_ang=-147.4deg pred=(91.6,-148.4,-28.4)deg err=(+121.0,+1.0,-119.0)deg chosen=1 changed=0 corrected=-147.4deg residual=+0.0deg z=(-0.665,-0.778,-0.624) seen=(1,1,1)
[2026-07-21 01:48:32.710] [autoaim] [debug] [Outpost][OBS_INPUT] seq=851 candidates=1 confidence=1.000 image=(731.3,642.1) image_dist=113.4 camera=(-0.027,0.153,2.493) gimbal=(2.603,0.062,-0.775) world=(2.603,0.062,-0.775) gimbal_ypr=(1.3,32.0,2.8)deg world_ypr=(1.3,32.0,2.8)deg
[2026-07-21 01:48:32.744] [autoaim] [debug] [Outpost][OBS_ASSOC] seq=651 state=2 dt=0.0116s world=(2.551,0.081,-0.756) yaw=10.3deg rho=0.402 radial_res=+0.127 raw_ang=-161.5deg pred=(79.6,-160.4,-40.4)deg err=(+119.0,-1.0,-121.0)deg chosen=1 changed=0 corrected=-161.5deg residual=+0.0deg z=(-0.665,-0.778,-0.624) seen=(1,1,1)
[2026-07-21 01:48:32.785] [autoaim] [debug] [Outpost][OBS_INPUT] seq=861 candidates=1 confidence=1.000 image=(694.9,641.0) image_dist=124.0 camera=(-0.076,0.149,2.449) gimbal=(2.561,0.111,-0.759) world=(2.561,0.111,-0.759) gimbal_ypr=(7.5,38.9,3.5)deg world_ypr=(7.5,38.9,3.5)deg
[2026-07-21 01:48:32.785] [autoaim] [debug] [Outpost][SELECT_PHASE] current_angle=1.307 target_v_yaw=-2.513 normalized_omega=-2.513 prediction_dt=0.248 future_angle=0.683 current_plate=1 selected_plate=1 candidate_phase=2.777 candidate_z=-0.778
[2026-07-21 01:48:32.830] [autoaim] [debug] [Outpost][OBS_ASSOC] seq=661 state=2 dt=0.0033s world=(2.589,0.147,-0.769) yaw=3.1deg rho=0.348 radial_res=+0.073 raw_ang=-169.7deg pred=(70.1,-169.9,-49.9)deg err=(+120.2,+0.2,-119.8)deg chosen=1 changed=0 corrected=-169.7deg residual=+0.0deg z=(-0.665,-0.778,-0.624) seen=(1,1,1)
[2026-07-21 01:48:32.966] [autoaim] [debug] [Outpost][SELECT_PHASE] current_angle=0.904 target_v_yaw=-2.513 normalized_omega=-2.513 prediction_dt=0.241 future_angle=0.298 current_plate=1 selected_plate=1 candidate_phase=2.392 candidate_z=-0.778
[2026-07-21 01:48:33.107] [autoaim] [debug] [Outpost][SELECT_PHASE] current_angle=0.550 target_v_yaw=-2.513 normalized_omega=-2.513 prediction_dt=0.234 future_angle=-0.037 current_plate=1 selected_plate=1 candidate_phase=2.057 candidate_z=-0.778
[2026-07-21 01:48:33.232] [autoaim] [debug] [Outpost][SELECT] mode=ROTATING selected=2 observed=1 changed=true fresh=false unseen=0.344s phase=0.0deg model_ok=false fire=false diff=36.5deg cmd=(0.65,-7.84)
[2026-07-21 01:48:33.248] [autoaim] [debug] [Outpost][OBS_INPUT] seq=871 candidates=1 confidence=0.995 image=(853.1,498.0) image_dist=107.1 camera=(0.162,-0.051,2.878) gimbal=(3.032,-0.120,-0.683) world=(3.032,-0.120,-0.683) gimbal_ypr=(44.3,7.1,22.5)deg world_ypr=(44.3,7.1,22.5)deg
[2026-07-21 01:48:33.248] [autoaim] [debug] [Outpost][SWITCH_COMMIT] t=30658.170 from=1 phase_best=2 height_plate=0 tracked_err=+155.6deg new_phase_err=+35.6deg jump=103.7deg z=-0.683 z_err=0.018 margin=0.041 z_confident=1
[2026-07-21 01:48:33.248] [autoaim] [debug] [Outpost][OBS_ASSOC] seq=666 state=2 dt=0.3603s world=(3.032,-0.120,-0.683) yaw=44.3deg rho=0.344 radial_res=+0.069 raw_ang=-73.2deg pred=(11.2,131.2,-108.8)deg err=(-84.4,+155.6,+35.6)deg chosen=2 changed=1 corrected=-73.2deg residual=+0.0deg z=(-0.665,-0.778,-0.624) seen=(1,1,1)
[2026-07-21 01:48:33.263] [autoaim] [debug] [Outpost][SELECT_PHASE] current_angle=0.827 target_v_yaw=-2.513 normalized_omega=-2.513 prediction_dt=0.240 future_angle=0.225 current_plate=2 selected_plate=2 candidate_phase=-1.869 candidate_z=-0.624
[2026-07-21 01:48:33.272] [autoaim] [debug] [Outpost][IDENTITY_LOCK] t=30658.194 tracked=2 phase_best=2 height_candidate=0 tracked_err=-1.6deg new_phase_err=-1.6deg jump=2.1deg z=-0.659 z_err=0.006 margin=0.030
[2026-07-21 01:48:33.276] [autoaim] [debug] [Outpost][OBS_ASSOC] seq=671 state=2 dt=0.0040s world=(2.920,-0.103,-0.650) yaw=41.3deg rho=0.312 radial_res=+0.037 raw_ang=-92.2deg pred=(33.6,153.6,-86.4)deg err=(-125.8,+114.2,-5.8)deg chosen=2 changed=0 corrected=-92.2deg residual=+0.0deg z=(-0.665,-0.778,-0.624) seen=(1,1,1)
[2026-07-21 01:48:33.284] [autoaim] [debug] [Outpost][SELECT] mode=ROTATING selected=2 observed=2 changed=false fresh=true unseen=0.000s phase=0.0deg model_ok=true fire=false diff=55.0deg cmd=(-0.58,-7.29)
[2026-07-21 01:48:33.310] [autoaim] [debug] [Outpost][OBS_INPUT] seq=881 candidates=1 confidence=0.993 image=(834.5,492.5) image_dist=91.7 camera=(0.126,-0.057,2.723) gimbal=(2.883,-0.086,-0.636) world=(2.883,-0.086,-0.636) gimbal_ypr=(37.1,7.5,18.4)deg world_ypr=(37.1,7.5,18.4)deg
[2026-07-21 01:48:33.337] [autoaim] [debug] [Outpost][OBS_ASSOC] seq=681 state=2 dt=0.0051s world=(2.837,-0.070,-0.620) yaw=35.0deg rho=0.295 radial_res=+0.020 raw_ang=-108.8deg pred=(17.8,137.8,-102.2)deg err=(-126.6,+113.4,-6.6)deg chosen=2 changed=0 corrected=-108.8deg residual=+0.0deg z=(-0.665,-0.778,-0.624) seen=(1,1,1)
[2026-07-21 01:48:33.356] [autoaim] [debug] [Outpost][OBS_INPUT] seq=891 candidates=1 confidence=0.999 image=(817.2,488.9) image_dist=78.1 camera=(0.098,-0.061,2.680) gimbal=(2.843,-0.059,-0.620) world=(2.843,-0.059,-0.620) gimbal_ypr=(31.6,11.9,15.9)deg world_ypr=(31.6,11.9,15.9)deg
[2026-07-21 01:48:33.372] [autoaim] [debug] [Outpost][SELECT_PHASE] current_angle=0.087 target_v_yaw=-2.513 normalized_omega=-2.513 prediction_dt=0.227 future_angle=-0.482 current_plate=2 selected_plate=2 candidate_phase=-2.576 candidate_z=-0.624
[2026-07-21 01:48:33.384] [autoaim] [debug] [Outpost][OBS_ASSOC] seq=691 state=2 dt=0.0040s world=(2.812,-0.043,-0.609) yaw=27.8deg rho=0.279 radial_res=+0.004 raw_ang=-115.5deg pred=(11.0,131.0,-109.0)deg err=(-126.6,+113.4,-6.6)deg chosen=2 changed=0 corrected=-115.5deg residual=+0.0deg z=(-0.665,-0.778,-0.624) seen=(1,1,1)
[2026-07-21 01:48:33.412] [autoaim] [debug] [Outpost][OBS_INPUT] seq=901 candidates=1 confidence=1.000 image=(794.3,485.1) image_dist=62.7 camera=(0.063,-0.065,2.619) gimbal=(2.785,-0.025,-0.600) world=(2.785,-0.025,-0.600) gimbal_ypr=(23.9,12.3,12.7)deg world_ypr=(23.9,12.3,12.7)deg
[2026-07-21 01:48:33.450] [autoaim] [debug] [Outpost][GEOM_OK] state=2 rho=0.258 res=-0.017 yaw_radial=142.7deg model_center=(2.932,0.209) center_minus=(2.525,-0.091) center_plus=(3.047,0.082)
[2026-07-21 01:48:33.453] [autoaim] [debug] [Outpost][OBS_ASSOC] seq=701 state=2 dt=0.0061s world=(2.789,0.002,-0.598) yaw=15.8deg rho=0.252 radial_res=-0.023 raw_ang=-124.5deg pred=(-5.2,114.8,-125.2)deg err=(-119.3,+120.7,+0.7)deg chosen=2 changed=0 corrected=-124.5deg residual=+0.0deg z=(-0.665,-0.778,-0.624) seen=(1,1,1)
[2026-07-21 01:48:33.483] [autoaim] [debug] [Outpost][OBS_INPUT] seq=911 candidates=1 confidence=0.986 image=(762.9,481.5) image_dist=50.4 camera=(0.016,-0.069,2.588) gimbal=(2.755,0.021,-0.587) world=(2.755,0.021,-0.587) gimbal_ypr=(168.7,169.7,-178.0)deg world_ypr=(168.7,169.7,-178.0)deg
[2026-07-21 01:48:33.485] [autoaim] [debug] [Outpost][SELECT_PHASE] current_angle=-0.237 target_v_yaw=-2.513 normalized_omega=-2.513 prediction_dt=0.224 future_angle=-0.800 current_plate=2 selected_plate=2 candidate_phase=-2.895 candidate_z=-0.624
[2026-07-21 01:48:33.519] [autoaim] [debug] [Outpost][OBS_ASSOC] seq=711 state=2 dt=0.0175s world=(2.740,0.045,-0.581) yaw=177.7deg rho=0.252 radial_res=-0.023 raw_ang=-139.6deg pred=(-20.8,99.2,-140.8)deg err=(-118.8,+121.2,+1.2)deg chosen=2 changed=0 corrected=-139.6deg residual=+0.0deg z=(-0.665,-0.778,-0.624) seen=(1,1,1)
[2026-07-21 01:48:33.557] [autoaim] [debug] [Outpost][OBS_INPUT] seq=921 candidates=1 confidence=0.997 image=(727.3,479.2) image_dist=56.5 camera=(-0.033,-0.071,2.522) gimbal=(2.692,0.070,-0.568) world=(2.692,0.070,-0.568) gimbal_ypr=(178.7,-174.7,-178.0)deg world_ypr=(178.7,-174.7,-178.0)deg
[2026-07-21 01:48:33.570] [autoaim] [debug] [Outpost][IMU] raw_deg=(0.00,0.00,0.00) solver_rad=(0.0000,-0.0000,0.0000)
[2026-07-21 01:48:33.586] [autoaim] [debug] [Outpost][OBS_ASSOC] seq=721 state=2 dt=0.0110s world=(2.658,0.088,-0.558) yaw=6.7deg rho=0.299 radial_res=+0.024 raw_ang=-156.2deg pred=(-34.8,85.2,-154.8)deg err=(-121.4,+118.6,-1.4)deg chosen=2 changed=0 corrected=-156.2deg residual=+0.0deg z=(-0.665,-0.778,-0.624) seen=(1,1,1)
[2026-07-21 01:48:33.601] [autoaim] [debug] [Outpost][OBS_INPUT] seq=931 candidates=1 confidence=0.997 image=(702.5,478.2) image_dist=71.3 camera=(-0.066,-0.072,2.492) gimbal=(2.663,0.103,-0.559) world=(2.663,0.103,-0.559) gimbal_ypr=(4.8,31.0,1.6)deg world_ypr=(4.8,31.0,1.6)deg
[2026-07-21 01:48:33.605] [autoaim] [debug] [Outpost][SELECT_PHASE] current_angle=-0.667 target_v_yaw=-2.513 normalized_omega=-2.513 prediction_dt=0.254 future_angle=-1.306 current_plate=2 selected_plate=2 candidate_phase=-3.400 candidate_z=-0.624
[2026-07-21 01:48:33.629] [autoaim] [debug] [Outpost][OBS_ASSOC] seq=731 state=2 dt=0.0039s world=(2.674,0.123,-0.562) yaw=0.4deg rho=0.271 radial_res=-0.004 raw_ang=-161.5deg pred=(-41.5,78.5,-161.5)deg err=(-120.1,+119.9,-0.1)deg chosen=2 changed=0 corrected=-161.5deg residual=+0.0deg z=(-0.665,-0.778,-0.624) seen=(1,1,1)
[2026-07-21 01:48:33.658] [autoaim] [debug] [Outpost][OBS_INPUT] seq=941 candidates=1 confidence=1.000 image=(674.0,478.4) image_dist=93.0 camera=(-0.107,-0.073,2.525) gimbal=(2.694,0.144,-0.567) world=(2.694,0.144,-0.567) gimbal_ypr=(3.3,28.3,-0.6)deg world_ypr=(3.3,28.3,-0.6)deg
[2026-07-21 01:48:33.677] [autoaim] [debug] [Outpost][OBS_ASSOC] seq=741 state=2 dt=0.0040s world=(2.693,0.158,-0.567) yaw=175.3deg rho=0.244 radial_res=-0.031 raw_ang=-168.1deg pred=(-48.4,71.6,-168.4)deg err=(-119.7,+120.3,+0.3)deg chosen=2 changed=0 corrected=-168.1deg residual=+0.0deg z=(-0.665,-0.778,-0.624) seen=(1,1,1)
[2026-07-21 01:48:33.738] [autoaim] [debug] [Outpost][SELECT_PHASE] current_angle=-0.981 target_v_yaw=-2.513 normalized_omega=-2.513 prediction_dt=0.248 future_angle=-1.605 current_plate=2 selected_plate=2 candidate_phase=-3.700 candidate_z=-0.624
[2026-07-21 01:48:33.870] [autoaim] [debug] [Outpost][SELECT_PHASE] current_angle=-1.294 target_v_yaw=-2.513 normalized_omega=-2.513 prediction_dt=0.240 future_angle=-1.897 current_plate=2 selected_plate=2 candidate_phase=-3.991 candidate_z=-0.624
[2026-07-21 01:48:33.904] [autoaim] [debug] [Outpost][SELECT] mode=ROTATING selected=2 observed=2 changed=false fresh=false unseen=0.191s phase=0.0deg model_ok=false fire=false diff=-58.2deg cmd=(9.06,-7.28)
[2026-07-21 01:48:33.982] [autoaim] [debug] [Outpost][SELECT_PHASE] current_angle=-1.597 target_v_yaw=-2.513 normalized_omega=-2.513 prediction_dt=0.234 future_angle=-2.184 current_plate=2 selected_plate=2 candidate_phase=-4.279 candidate_z=-0.624
[2026-07-21 01:48:34.045] [autoaim] [debug] [Outpost][OBS_INPUT] seq=951 candidates=1 confidence=0.999 image=(865.7,573.9) image_dist=122.6 camera=(0.169,0.064,2.672) gimbal=(2.803,-0.131,-0.738) world=(2.803,-0.131,-0.738) gimbal_ypr=(53.8,1.7,25.1)deg world_ypr=(53.8,1.7,25.1)deg
[2026-07-21 01:48:34.045] [autoaim] [debug] [Outpost][SWITCH_COMMIT] t=30658.965 from=2 phase_best=0 height_plate=1 tracked_err=+109.4deg new_phase_err=-10.6deg jump=61.4deg z=-0.738 z_err=0.040 margin=0.033 z_confident=1
[2026-07-21 01:48:34.045] [autoaim] [debug] [Outpost][OBS_ASSOC] seq=746 state=2 dt=0.3331s world=(2.803,-0.131,-0.738) yaw=53.8deg rho=0.363 radial_res=+0.088 raw_ang=-110.8deg pred=(-100.2,19.8,139.8)deg err=(-10.6,-130.6,+109.4)deg chosen=0 changed=1 corrected=-110.8deg residual=+0.0deg z=(-0.665,-0.778,-0.624) seen=(1,1,1)
[2026-07-21 01:48:34.047] [autoaim] [debug] [Outpost][SELECT] mode=ROTATING selected=0 observed=0 changed=true fresh=true unseen=0.000s phase=0.0deg model_ok=true fire=false diff=31.3deg cmd=(1.08,-9.00)
[2026-07-21 01:48:34.066] [autoaim] [debug] [Outpost][OBS_ASSOC] seq=751 state=2 dt=0.0040s world=(2.800,-0.124,-0.735) yaw=51.4deg rho=0.358 radial_res=+0.083 raw_ang=-111.6deg pred=(-111.2,8.8,128.8)deg err=(-0.4,-120.4,+119.6)deg chosen=0 changed=0 corrected=-111.6deg residual=+0.0deg z=(-0.665,-0.778,-0.624) seen=(1,1,1)
[2026-07-21 01:48:34.135] [autoaim] [debug] [Outpost][SELECT_PHASE] current_angle=-2.179 target_v_yaw=-2.513 normalized_omega=-2.513 prediction_dt=0.226 future_angle=-2.746 current_plate=0 selected_plate=0 candidate_phase=-2.746 candidate_z=-0.665
[2026-07-21 01:48:34.141] [autoaim] [debug] [Outpost][OBS_INPUT] seq=961 candidates=1 confidence=0.999 image=(839.0,565.9) image_dist=94.8 camera=(0.126,0.050,2.581) gimbal=(2.718,-0.089,-0.700) world=(2.718,-0.089,-0.700) gimbal_ypr=(41.6,5.0,20.5)deg world_ypr=(41.6,5.0,20.5)deg
[2026-07-21 01:48:34.171] [autoaim] [debug] [Outpost][OBS_ASSOC] seq=761 state=2 dt=0.0021s world=(2.754,-0.074,-0.708) yaw=35.8deg rho=0.334 radial_res=+0.059 raw_ang=-122.3deg pred=(-129.9,-9.9,110.1)deg err=(+7.6,-112.4,+127.6)deg chosen=0 changed=0 corrected=-122.3deg residual=+0.0deg z=(-0.665,-0.778,-0.624) seen=(1,1,1)
[2026-07-21 01:48:34.204] [autoaim] [debug] [Outpost][OBS_INPUT] seq=971 candidates=1 confidence=0.998 image=(815.4,561.6) image_dist=71.5 camera=(0.091,0.044,2.560) gimbal=(2.699,-0.055,-0.689) world=(2.699,-0.055,-0.689) gimbal_ypr=(33.5,8.6,16.7)deg world_ypr=(33.5,8.6,16.7)deg
[2026-07-21 01:48:34.240] [autoaim] [debug] [Outpost][OBS_ASSOC] seq=771 state=2 dt=0.0162s world=(2.726,-0.036,-0.693) yaw=27.6deg rho=0.320 radial_res=+0.045 raw_ang=-130.1deg pred=(-134.0,-14.0,106.0)deg err=(+4.0,-116.0,+124.0)deg chosen=0 changed=0 corrected=-130.1deg residual=+0.0deg z=(-0.665,-0.778,-0.624) seen=(1,1,1)
[2026-07-21 01:48:34.255] [autoaim] [debug] [Outpost][SELECT_PHASE] current_angle=-2.303 target_v_yaw=-2.513 normalized_omega=-2.513 prediction_dt=0.225 future_angle=-2.869 current_plate=0 selected_plate=0 candidate_phase=-2.869 candidate_z=-0.665
[2026-07-21 01:48:34.277] [autoaim] [debug] [Outpost][OBS_INPUT] seq=981 candidates=1 confidence=1.000 image=(784.0,557.6) image_dist=42.7 camera=(0.047,0.038,2.566) gimbal=(2.705,-0.010,-0.684) world=(2.705,-0.010,-0.684) gimbal_ypr=(22.2,12.4,12.0)deg world_ypr=(22.2,12.4,12.0)deg
[2026-07-21 01:48:34.319] [autoaim] [debug] [Outpost][OBS_ASSOC] seq=781 state=2 dt=0.0234s world=(2.710,0.017,-0.683) yaw=13.7deg rho=0.294 radial_res=+0.019 raw_ang=-139.2deg pred=(-140.5,-20.5,99.5)deg err=(+1.3,-118.7,+121.3)deg chosen=0 changed=0 corrected=-139.2deg residual=+0.0deg z=(-0.665,-0.778,-0.624) seen=(1,1,1)
[2026-07-21 01:48:34.360] [autoaim] [debug] [Outpost][OBS_INPUT] seq=991 candidates=1 confidence=1.000 image=(743.8,554.1) image_dist=24.8 camera=(-0.010,0.033,2.517) gimbal=(2.659,0.047,-0.666) world=(2.659,0.047,-0.666) gimbal_ypr=(170.6,161.9,-179.3)deg world_ypr=(170.6,161.9,-179.3)deg
[2026-07-21 01:48:34.394] [autoaim] [debug] [Outpost][OBS_ASSOC] seq=791 state=2 dt=0.0050s world=(2.645,0.068,-0.661) yaw=174.5deg rho=0.319 radial_res=+0.044 raw_ang=-153.8deg pred=(-154.0,-34.0,86.0)deg err=(+0.2,-119.8,+120.2)deg chosen=0 changed=0 corrected=-153.8deg residual=+0.0deg z=(-0.665,-0.778,-0.624) seen=(1,1,1)
[2026-07-21 01:48:34.419] [autoaim] [debug] [Outpost][SELECT_PHASE] current_angle=-2.774 target_v_yaw=-2.513 normalized_omega=-2.513 prediction_dt=0.256 future_angle=-3.418 current_plate=0 selected_plate=0 candidate_phase=-3.418 candidate_z=-0.665
[2026-07-21 01:48:34.426] [autoaim] [debug] [Outpost][OBS_INPUT] seq=1001 candidates=1 confidence=0.981 image=(713.9,552.8) image_dist=43.4 camera=(-0.050,0.030,2.461) gimbal=(2.605,0.086,-0.648) world=(2.605,0.086,-0.648) gimbal_ypr=(10.7,32.6,5.0)deg world_ypr=(10.7,32.6,5.0)deg
[2026-07-21 01:48:34.456] [autoaim] [debug] [Outpost][GEOM_OK] state=2 rho=0.334 res=+0.059 yaw_radial=-20.4deg model_center=(2.932,0.209) center_minus=(2.888,0.094) center_plus=(2.339,0.122)
[2026-07-21 01:48:34.457] [autoaim] [debug] [Outpost][OBS_ASSOC] seq=801 state=2 dt=0.0039s world=(2.613,0.111,-0.650) yaw=177.2deg rho=0.333 radial_res=+0.058 raw_ang=-162.9deg pred=(-163.0,-43.0,77.0)deg err=(+0.1,-119.9,+120.1)deg chosen=0 changed=0 corrected=-162.9deg residual=+0.0deg z=(-0.665,-0.778,-0.624) seen=(1,1,1)
[2026-07-21 01:48:34.492] [autoaim] [debug] [Outpost][OBS_INPUT] seq=1011 candidates=1 confidence=0.999 image=(679.6,552.1) image_dist=74.7 camera=(-0.097,0.029,2.460) gimbal=(2.604,0.132,-0.647) world=(2.604,0.132,-0.647) gimbal_ypr=(175.8,177.2,178.5)deg world_ypr=(175.8,177.2,178.5)deg
[2026-07-21 01:48:34.509] [autoaim] [debug] [Outpost][OBS_ASSOC] seq=811 state=2 dt=0.0040s world=(2.643,0.148,-0.659) yaw=179.3deg rho=0.296 radial_res=+0.021 raw_ang=-168.1deg pred=(-168.0,-48.0,72.0)deg err=(-0.1,-120.1,+119.9)deg chosen=0 changed=0 corrected=-168.1deg residual=+0.0deg z=(-0.665,-0.778,-0.624) seen=(1,1,1)
[2026-07-21 01:48:34.537] [autoaim] [debug] [Outpost][SELECT_PHASE] current_angle=-2.995 target_v_yaw=-2.513 normalized_omega=-2.513 prediction_dt=0.248 future_angle=-3.619 current_plate=0 selected_plate=0 candidate_phase=-3.619 candidate_z=-0.665
[2026-07-21 01:48:34.541] [autoaim] [debug] [Outpost][OBS_INPUT] seq=1021 candidates=1 confidence=0.996 image=(653.4,552.6) image_dist=100.1 camera=(-0.135,0.031,2.512) gimbal=(2.653,0.171,-0.663) world=(2.653,0.171,-0.663) gimbal_ypr=(11.3,4.6,1.5)deg world_ypr=(11.3,4.6,1.5)deg
[2026-07-21 01:48:34.577] [autoaim] [debug] [Outpost][SELECT] mode=ROTATING selected=0 observed=0 changed=false fresh=true unseen=0.008s phase=0.0deg model_ok=true fire=false diff=-37.4deg cmd=(7.76,-8.90)
[2026-07-21 01:48:34.677] [autoaim] [debug] [Outpost][SELECT_PHASE] current_angle=2.934 target_v_yaw=-2.513 normalized_omega=-2.513 prediction_dt=0.243 future_angle=2.323 current_plate=0 selected_plate=0 candidate_phase=2.323 candidate_z=-0.665
[2026-07-21 01:48:34.794] [autoaim] [debug] [Outpost][SELECT_PHASE] current_angle=2.641 target_v_yaw=-2.513 normalized_omega=-2.513 prediction_dt=0.237 future_angle=2.046 current_plate=0 selected_plate=0 candidate_phase=2.046 candidate_z=-0.665
[2026-07-21 01:48:34.864] [autoaim] [debug] [Outpost][IMU] raw_deg=(0.00,0.00,0.00) solver_rad=(0.0000,-0.0000,0.0000)
[2026-07-21 01:48:34.901] [autoaim] [debug] [Outpost][SELECT_PHASE] current_angle=2.369 target_v_yaw=-2.513 normalized_omega=-2.513 prediction_dt=0.232 future_angle=1.785 current_plate=0 selected_plate=0 candidate_phase=1.785 candidate_z=-0.665
[2026-07-21 01:48:34.920] [autoaim] [debug] [Outpost][SELECT] mode=ROTATING selected=1 observed=0 changed=true fresh=false unseen=0.350s phase=0.0deg model_ok=false fire=false diff=35.8deg cmd=(0.70,-11.22)
[2026-07-21 01:48:34.970] [autoaim] [debug] [Outpost][SWITCH_COMMIT] t=30659.892 from=0 phase_best=1 height_plate=1 tracked_err=+124.5deg new_phase_err=+4.5deg jump=66.7deg z=-0.868 z_err=0.090 margin=0.113 z_confident=0
[2026-07-21 01:48:34.970] [autoaim] [debug] [Outpost][OBS_ASSOC] seq=821 state=2 dt=0.4014s world=(2.820,-0.107,-0.868) yaw=41.6deg rho=0.335 radial_res=+0.060 raw_ang=-109.5deg pred=(125.9,-114.1,5.9)deg err=(+124.5,+4.5,-115.5)deg chosen=1 changed=1 corrected=-109.5deg residual=+0.0deg z=(-0.665,-0.778,-0.624) seen=(1,1,1)
[2026-07-21 01:48:35.034] [autoaim] [debug] [Outpost][OBS_INPUT] seq=1031 candidates=1 confidence=1.000 image=(825.0,650.1) image_dist=140.7 camera=(0.108,0.173,2.632) gimbal=(2.734,-0.071,-0.832) world=(2.734,-0.071,-0.832) gimbal_ypr=(33.4,9.7,17.8)deg world_ypr=(33.4,9.7,17.8)deg
[2026-07-21 01:48:35.045] [autoaim] [debug] [Outpost][SELECT_PHASE] current_angle=1.968 target_v_yaw=-2.513 normalized_omega=-2.513 prediction_dt=0.228 future_angle=1.394 current_plate=1 selected_plate=1 candidate_phase=3.489 candidate_z=-0.778
[2026-07-21 01:48:35.064] [autoaim] [debug] [Outpost][OBS_ASSOC] seq=831 state=2 dt=0.0159s world=(2.703,-0.050,-0.819) yaw=28.8deg rho=0.345 radial_res=+0.070 raw_ang=-131.4deg pred=(110.7,-129.3,-9.3)deg err=(+117.9,-2.1,-122.1)deg chosen=1 changed=0 corrected=-131.4deg residual=+0.0deg z=(-0.665,-0.778,-0.624) seen=(1,1,1)
[2026-07-21 01:48:35.082] [autoaim] [debug] [Outpost][OBS_INPUT] seq=1041 candidates=1 confidence=0.999 image=(802.5,647.1) image_dist=127.5 camera=(0.074,0.167,2.599) gimbal=(2.703,-0.037,-0.817) world=(2.703,-0.037,-0.817) gimbal_ypr=(25.1,10.7,14.4)deg world_ypr=(25.1,10.7,14.4)deg
[2026-07-21 01:48:35.139] [autoaim] [debug] [Outpost][OBS_ASSOC] seq=841 state=2 dt=0.0042s world=(2.681,0.001,-0.806) yaw=14.1deg rho=0.326 radial_res=+0.051 raw_ang=-140.3deg pred=(99.4,-140.6,-20.6)deg err=(+120.3,+0.3,-119.7)deg chosen=1 changed=0 corrected=-140.3deg residual=+0.0deg z=(-0.665,-0.778,-0.624) seen=(1,1,1)
[2026-07-21 01:48:35.169] [autoaim] [debug] [Outpost][OBS_INPUT] seq=1051 candidates=1 confidence=1.000 image=(762.5,643.5) image_dist=113.6 camera=(0.016,0.158,2.550) gimbal=(2.658,0.020,-0.796) world=(2.658,0.020,-0.796) gimbal_ypr=(9.7,9.5,7.2)deg world_ypr=(9.7,9.5,7.2)deg
[2026-07-21 01:48:35.179] [autoaim] [debug] [Outpost][SELECT_PHASE] current_angle=1.633 target_v_yaw=-2.513 normalized_omega=-2.513 prediction_dt=0.258 future_angle=0.985 current_plate=1 selected_plate=1 candidate_phase=3.080 candidate_z=-0.778
[2026-07-21 01:48:35.188] [autoaim] [debug] [Outpost][OBS_ASSOC] seq=851 state=2 dt=0.0040s world=(2.653,0.034,-0.794) yaw=2.8deg rho=0.329 radial_res=+0.054 raw_ang=-147.9deg pred=(90.9,-149.1,-29.1)deg err=(+121.2,+1.2,-118.8)deg chosen=1 changed=0 corrected=-147.9deg residual=+0.0deg z=(-0.665,-0.778,-0.624) seen=(1,1,1)
[2026-07-21 01:48:35.219] [autoaim] [debug] [Outpost][OBS_INPUT] seq=1061 candidates=1 confidence=0.999 image=(736.3,642.1) image_dist=112.7 camera=(-0.020,0.153,2.494) gimbal=(2.604,0.055,-0.775) world=(2.604,0.055,-0.775) gimbal_ypr=(4.9,3.5,3.9)deg world_ypr=(4.9,3.5,3.9)deg
[2026-07-21 01:48:35.223] [autoaim] [debug] [Outpost][SELECT] mode=ROTATING selected=1 observed=1 changed=false fresh=true unseen=0.000s phase=0.0deg model_ok=true fire=false diff=-17.7deg cmd=(6.06,-11.56)
[2026-07-21 01:48:35.251] [autoaim] [debug] [Outpost][OBS_ASSOC] seq=861 state=2 dt=0.0042s world=(2.568,0.077,-0.762) yaw=8.7deg rho=0.387 radial_res=+0.112 raw_ang=-160.0deg pred=(79.4,-160.6,-40.6)deg err=(+120.5,+0.5,-119.5)deg chosen=1 changed=0 corrected=-160.0deg residual=+0.0deg z=(-0.665,-0.778,-0.624) seen=(1,1,1)
[2026-07-21 01:48:35.372] [autoaim] [debug] [Outpost][OBS_INPUT] seq=1071 candidates=1 confidence=0.994 image=(658.8,640.9) image_dist=143.9 camera=(-0.127,0.152,2.501) gimbal=(2.609,0.162,-0.777) world=(2.609,0.162,-0.777) gimbal_ypr=(7.3,6.2,1.2)deg world_ypr=(7.3,6.2,1.2)deg
[2026-07-21 01:48:35.382] [autoaim] [debug] [Outpost][SELECT_PHASE] current_angle=1.164 target_v_yaw=-2.513 normalized_omega=-2.513 prediction_dt=0.248 future_angle=0.540 current_plate=1 selected_plate=1 candidate_phase=2.634 candidate_z=-0.778
[2026-07-21 01:48:35.407] [autoaim] [debug] [Outpost][OBS_ASSOC] seq=871 state=2 dt=0.0186s world=(2.652,0.192,-0.792) yaw=177.6deg rho=0.280 radial_res=+0.005 raw_ang=-176.4deg pred=(63.5,-176.5,-56.5)deg err=(+120.0,+0.0,-120.0)deg chosen=1 changed=0 corrected=-176.4deg residual=+0.0deg z=(-0.665,-0.778,-0.624) seen=(1,1,1)
[2026-07-21 01:48:35.516] [autoaim] [debug] [Outpost][SELECT_PHASE] current_angle=0.825 target_v_yaw=-2.513 normalized_omega=-2.513 prediction_dt=0.239 future_angle=0.223 current_plate=1 selected_plate=1 candidate_phase=2.317 candidate_z=-0.778
[2026-07-21 01:48:35.632] [autoaim] [debug] [Outpost][SELECT_PHASE] current_angle=0.532 target_v_yaw=-2.513 normalized_omega=-2.513 prediction_dt=0.233 future_angle=-0.054 current_plate=1 selected_plate=1 candidate_phase=2.040 candidate_z=-0.778
[2026-07-21 01:48:35.765] [autoaim] [debug] [Outpost][SELECT] mode=ROTATING selected=2 observed=1 changed=true fresh=false unseen=0.353s phase=0.0deg model_ok=false fire=false diff=34.9deg cmd=(0.77,-7.87)
[2026-07-21 01:48:35.771] [autoaim] [debug] [Outpost][SWITCH_COMMIT] t=30660.692 from=1 phase_best=2 height_plate=0 tracked_err=+157.6deg new_phase_err=+37.6deg jump=105.4deg z=-0.686 z_err=0.020 margin=0.041 z_confident=1
[2026-07-21 01:48:35.771] [autoaim] [debug] [Outpost][OBS_ASSOC] seq=873 state=2 dt=0.3624s world=(3.040,-0.120,-0.686) yaw=43.8deg rho=0.347 radial_res=+0.072 raw_ang=-71.8deg pred=(10.7,130.7,-109.3)deg err=(-82.4,+157.6,+37.6)deg chosen=2 changed=1 corrected=-71.8deg residual=+0.0deg z=(-0.665,-0.778,-0.624) seen=(1,1,1)
[2026-07-21 01:48:35.801] [autoaim] [debug] [Outpost][OBS_INPUT] seq=1081 candidates=1 confidence=0.997 image=(844.5,495.4) image_dist=99.8 camera=(0.141,-0.052,2.730) gimbal=(2.889,-0.101,-0.642) world=(2.889,-0.101,-0.642) gimbal_ypr=(41.7,6.0,20.2)deg world_ypr=(41.7,6.0,20.2)deg
[2026-07-21 01:48:35.804] [autoaim] [debug] [Outpost][SELECT_PHASE] current_angle=0.378 target_v_yaw=-2.513 normalized_omega=-2.513 prediction_dt=0.231 future_angle=-0.202 current_plate=2 selected_plate=2 candidate_phase=-2.296 candidate_z=-0.624
[2026-07-21 01:48:35.837] [autoaim] [debug] [Outpost][OBS_ASSOC] seq=881 state=2 dt=0.0041s world=(2.869,-0.081,-0.632) yaw=37.3deg rho=0.296 radial_res=+0.021 raw_ang=-102.2deg pred=(22.4,142.4,-97.6)deg err=(-124.7,+115.3,-4.7)deg chosen=2 changed=0 corrected=-102.2deg residual=+0.0deg z=(-0.665,-0.778,-0.624) seen=(1,1,1)
[2026-07-21 01:48:35.870] [autoaim] [debug] [Outpost][OBS_INPUT] seq=1091 candidates=1 confidence=0.998 image=(821.0,489.3) image_dist=81.1 camera=(0.104,-0.061,2.694) gimbal=(2.857,-0.065,-0.624) world=(2.857,-0.065,-0.624) gimbal_ypr=(32.3,10.2,16.5)deg world_ypr=(32.3,10.2,16.5)deg
[2026-07-21 01:48:35.904] [autoaim] [debug] [Outpost][OBS_ASSOC] seq=891 state=2 dt=0.0189s world=(2.842,-0.044,-0.617) yaw=26.5deg rho=0.268 radial_res=-0.007 raw_ang=-109.5deg pred=(8.7,128.7,-111.3)deg err=(-118.2,+121.8,+1.8)deg chosen=2 changed=0 corrected=-109.5deg residual=+0.0deg z=(-0.665,-0.778,-0.624) seen=(1,1,1)
[2026-07-21 01:48:35.932] [autoaim] [debug] [Outpost][OBS_INPUT] seq=1101 candidates=1 confidence=0.997 image=(794.8,485.2) image_dist=63.0 camera=(0.064,-0.066,2.656) gimbal=(2.821,-0.026,-0.609) world=(2.821,-0.026,-0.609) gimbal_ypr=(22.0,12.9,12.1)deg world_ypr=(22.0,12.9,12.1)deg
[2026-07-21 01:48:35.933] [autoaim] [debug] [Outpost][SELECT_PHASE] current_angle=-0.041 target_v_yaw=-2.513 normalized_omega=-2.513 prediction_dt=0.225 future_angle=-0.608 current_plate=2 selected_plate=2 candidate_phase=-2.702 candidate_z=-0.624
[2026-07-21 01:48:35.948] [autoaim] [debug] [Outpost][GEOM_OK] state=2 rho=0.250 res=-0.025 yaw_radial=-82.8deg model_center=(2.932,0.209) center_minus=(3.078,-0.107) center_plus=(2.560,0.078)
[2026-07-21 01:48:35.951] [autoaim] [debug] [Outpost][OBS_ASSOC] seq=901 state=2 dt=0.0032s world=(2.821,-0.013,-0.607) yaw=17.7deg rho=0.248 radial_res=-0.027 raw_ang=-116.5deg pred=(2.7,122.7,-117.3)deg err=(-119.2,+120.8,+0.8)deg chosen=2 changed=0 corrected=-116.5deg residual=+0.0deg z=(-0.665,-0.778,-0.624) seen=(1,1,1)
[2026-07-21 01:48:35.981] [autoaim] [debug] [Outpost][OBS_INPUT] seq=1111 candidates=1 confidence=0.998 image=(771.4,482.3) image_dist=52.3 camera=(0.029,-0.069,2.609) gimbal=(2.776,0.009,-0.593) world=(2.776,0.009,-0.593) gimbal_ypr=(165.3,171.9,-178.5)deg world_ypr=(165.3,171.9,-178.5)deg
[2026-07-21 01:48:35.981] [autoaim] [debug] [Outpost][SELECT] mode=ROTATING selected=2 observed=2 changed=false fresh=true unseen=0.000s phase=0.0deg model_ok=true fire=false diff=15.4deg cmd=(2.59,-8.15)
[2026-07-21 01:48:36.018] [autoaim] [debug] [Outpost][OBS_ASSOC] seq=911 state=2 dt=0.0020s world=(2.763,0.031,-0.588) yaw=174.4deg rho=0.245 radial_res=-0.030 raw_ang=-133.5deg pred=(-13.3,106.7,-133.3)deg err=(-120.2,+119.8,-0.2)deg chosen=2 changed=0 corrected=-133.5deg residual=+0.0deg z=(-0.665,-0.778,-0.624) seen=(1,1,1)
[2026-07-21 01:48:36.054] [autoaim] [debug] [Outpost][OBS_INPUT] seq=1121 candidates=1 confidence=1.000 image=(736.3,479.5) image_dist=53.0 camera=(-0.021,-0.071,2.533) gimbal=(2.702,0.057,-0.571) world=(2.702,0.057,-0.571) gimbal_ypr=(175.1,179.1,-178.4)deg world_ypr=(175.1,179.1,-178.4)deg
[2026-07-21 01:48:36.054] [autoaim] [debug] [Outpost][SELECT_PHASE] current_angle=-0.464 target_v_yaw=-2.513 normalized_omega=-2.513 prediction_dt=0.259 future_angle=-1.114 current_plate=2 selected_plate=2 candidate_phase=-3.208 candidate_z=-0.624
[2026-07-21 01:48:36.086] [autoaim] [debug] [Outpost][OBS_ASSOC] seq=921 state=2 dt=0.0040s world=(2.685,0.079,-0.565) yaw=175.1deg rho=0.279 radial_res=+0.004 raw_ang=-152.3deg pred=(-32.4,87.6,-152.4)deg err=(-119.9,+120.1,+0.1)deg chosen=2 changed=0 corrected=-152.3deg residual=+0.0deg z=(-0.665,-0.778,-0.624) seen=(1,1,1)
[2026-07-21 01:48:36.124] [autoaim] [debug] [Outpost][OBS_INPUT] seq=1131 candidates=1 confidence=0.995 image=(701.6,478.2) image_dist=71.9 camera=(-0.069,-0.072,2.518) gimbal=(2.687,0.105,-0.565) world=(2.687,0.105,-0.565) gimbal_ypr=(5.1,28.9,1.7)deg world_ypr=(5.1,28.9,1.7)deg
[2026-07-21 01:48:36.187] [autoaim] [debug] [Outpost][OBS_ASSOC] seq=931 state=2 dt=0.0043s world=(2.671,0.149,-0.561) yaw=176.0deg rho=0.267 radial_res=-0.008 raw_ang=-167.1deg pred=(-46.5,73.5,-166.5)deg err=(-120.7,+119.3,-0.7)deg chosen=2 changed=0 corrected=-167.1deg residual=+0.0deg z=(-0.665,-0.778,-0.624) seen=(1,1,1)
[2026-07-21 01:48:36.227] [autoaim] [debug] [Outpost][OBS_INPUT] seq=1141 candidates=1 confidence=0.999 image=(648.8,479.1) image_dist=114.4 camera=(-0.145,-0.073,2.576) gimbal=(2.742,0.183,-0.580) world=(2.742,0.183,-0.580) gimbal_ypr=(177.0,153.8,176.3)deg world_ypr=(177.0,153.8,176.3)deg
[2026-07-21 01:48:36.227] [autoaim] [debug] [Outpost][SELECT_PHASE] current_angle=-0.910 target_v_yaw=-2.513 normalized_omega=-2.513 prediction_dt=0.248 future_angle=-1.534 current_plate=2 selected_plate=2 candidate_phase=-3.628 candidate_z=-0.624
[2026-07-21 01:48:36.327] [autoaim] [debug] [Outpost][IMU] raw_deg=(0.00,0.00,0.00) solver_rad=(0.0000,-0.0000,0.0000)
[2026-07-21 01:48:36.371] [autoaim] [debug] [Outpost][SELECT_PHASE] current_angle=-1.272 target_v_yaw=-2.513 normalized_omega=-2.513 prediction_dt=0.240 future_angle=-1.876 current_plate=2 selected_plate=2 candidate_phase=-3.970 candidate_z=-0.624
[2026-07-21 01:48:36.507] [autoaim] [debug] [Outpost][SELECT_PHASE] current_angle=-1.605 target_v_yaw=-2.513 normalized_omega=-2.513 prediction_dt=0.233 future_angle=-2.192 current_plate=2 selected_plate=2 candidate_phase=-4.286 candidate_z=-0.624
[2026-07-21 01:48:36.542] [autoaim] [debug] [Outpost][SWITCH_COMMIT] t=30661.462 from=2 phase_best=0 height_plate=1 tracked_err=+105.2deg new_phase_err=-14.8deg jump=60.7deg z=-0.738 z_err=0.040 margin=0.032 z_confident=1
[2026-07-21 01:48:36.542] [autoaim] [debug] [Outpost][OBS_ASSOC] seq=938 state=2 dt=0.3093s world=(2.792,-0.137,-0.738) yaw=56.5deg rho=0.373 radial_res=+0.098 raw_ang=-112.0deg pred=(-97.2,22.8,142.8)deg err=(-14.8,-134.8,+105.2)deg chosen=0 changed=1 corrected=-112.0deg residual=+0.0deg z=(-0.665,-0.778,-0.624) seen=(1,1,1)
[2026-07-21 01:48:36.542] [autoaim] [debug] [Outpost][SELECT] mode=ROTATING selected=0 observed=0 changed=true fresh=true unseen=0.000s phase=0.0deg model_ok=true fire=false diff=30.9deg cmd=(1.11,-9.01)
[2026-07-21 01:48:36.560] [autoaim] [debug] [Outpost][OBS_ASSOC] seq=941 state=2 dt=0.0039s world=(2.822,-0.132,-0.744) yaw=53.6deg rho=0.358 radial_res=+0.083 raw_ang=-107.9deg pred=(-105.3,14.7,134.7)deg err=(-2.6,-122.6,+117.4)deg chosen=0 changed=0 corrected=-107.9deg residual=+0.0deg z=(-0.665,-0.778,-0.624) seen=(1,1,1)
[2026-07-21 01:48:36.592] [autoaim] [debug] [Outpost][OBS_INPUT] seq=1151 candidates=1 confidence=1.000 image=(857.8,571.1) image_dist=114.2 camera=(0.155,0.059,2.633) gimbal=(2.766,-0.118,-0.722) world=(2.766,-0.118,-0.722) gimbal_ypr=(49.6,3.3,23.2)deg world_ypr=(49.6,3.3,23.2)deg
[2026-07-21 01:48:36.600] [autoaim] [debug] [Outpost][SELECT_PHASE] current_angle=-1.952 target_v_yaw=-2.513 normalized_omega=-2.513 prediction_dt=0.228 future_angle=-2.525 current_plate=0 selected_plate=0 candidate_phase=-2.525 candidate_z=-0.665
[2026-07-21 01:48:36.616] [autoaim] [debug] [Outpost][OBS_ASSOC] seq=951 state=2 dt=0.0041s world=(2.776,-0.108,-0.723) yaw=46.3deg rho=0.353 radial_res=+0.078 raw_ang=-116.1deg pred=(-125.4,-5.4,114.6)deg err=(+9.2,-110.8,+129.2)deg chosen=0 changed=0 corrected=-116.1deg residual=+0.0deg z=(-0.665,-0.778,-0.624) seen=(1,1,1)
[2026-07-21 01:48:36.638] [autoaim] [debug] [Outpost][OBS_INPUT] seq=1161 candidates=1 confidence=0.996 image=(845.2,567.6) image_dist=101.2 camera=(0.137,0.054,2.638) gimbal=(2.772,-0.100,-0.719) world=(2.772,-0.100,-0.719) gimbal_ypr=(43.6,6.1,21.2)deg world_ypr=(43.6,6.1,21.2)deg
[2026-07-21 01:48:36.658] [autoaim] [debug] [Outpost][SELECT] mode=ROTATING selected=0 observed=0 changed=false fresh=true unseen=0.000s phase=0.0deg model_ok=true fire=false diff=18.4deg cmd=(2.29,-9.00)
[2026-07-21 01:48:36.672] [autoaim] [debug] [Outpost][OBS_ASSOC] seq=961 state=2 dt=0.0039s world=(2.746,-0.081,-0.708) yaw=38.6deg rho=0.345 radial_res=+0.070 raw_ang=-122.6deg pred=(-121.0,-1.0,119.0)deg err=(-1.7,-121.7,+118.3)deg chosen=0 changed=0 corrected=-122.6deg residual=+0.0deg z=(-0.665,-0.778,-0.624) seen=(1,1,1)
[2026-07-21 01:48:36.700] [autoaim] [debug] [Outpost][OBS_INPUT] seq=1171 candidates=1 confidence=1.000 image=(823.4,562.8) image_dist=79.3 camera=(0.104,0.046,2.590) gimbal=(2.728,-0.067,-0.699) world=(2.728,-0.067,-0.699) gimbal_ypr=(35.9,8.3,17.7)deg world_ypr=(35.9,8.3,17.7)deg
[2026-07-21 01:48:36.704] [autoaim] [debug] [Outpost][SELECT_PHASE] current_angle=-2.126 target_v_yaw=-2.513 normalized_omega=-2.513 prediction_dt=0.226 future_angle=-2.694 current_plate=0 selected_plate=0 candidate_phase=-2.694 candidate_z=-0.665
[2026-07-21 01:48:36.728] [autoaim] [debug] [Outpost][OBS_ASSOC] seq=971 state=2 dt=0.0043s world=(2.701,-0.051,-0.688) yaw=32.7deg rho=0.348 radial_res=+0.073 raw_ang=-131.7deg pred=(-131.2,-11.2,108.8)deg err=(-0.4,-120.4,+119.6)deg chosen=0 changed=0 corrected=-131.7deg residual=+0.0deg z=(-0.665,-0.778,-0.624) seen=(1,1,1)
[2026-07-21 01:48:36.761] [autoaim] [debug] [Outpost][OBS_INPUT] seq=1181 candidates=1 confidence=0.999 image=(799.7,559.1) image_dist=56.5 camera=(0.070,0.041,2.586) gimbal=(2.724,-0.033,-0.693) world=(2.724,-0.033,-0.693) gimbal_ypr=(26.9,10.6,14.3)deg world_ypr=(26.9,10.6,14.3)deg
[2026-07-21 01:48:36.795] [autoaim] [debug] [Outpost][OBS_ASSOC] seq=981 state=2 dt=0.0184s world=(2.683,-0.013,-0.678) yaw=24.3deg rho=0.333 radial_res=+0.058 raw_ang=-138.3deg pred=(-139.8,-19.8,100.2)deg err=(+1.5,-118.5,+121.5)deg chosen=0 changed=0 corrected=-138.3deg residual=+0.0deg z=(-0.665,-0.778,-0.624) seen=(1,1,1)
[2026-07-21 01:48:36.813] [autoaim] [debug] [Outpost][OBS_INPUT] seq=1191 candidates=1 confidence=0.998 image=(776.6,556.6) image_dist=36.6 camera=(0.037,0.037,2.567) gimbal=(2.707,0.000,-0.683) world=(2.707,0.000,-0.683) gimbal_ypr=(18.2,9.6,10.5)deg world_ypr=(18.2,9.6,10.5)deg
[2026-07-21 01:48:36.830] [autoaim] [debug] [Outpost][SELECT_PHASE] current_angle=-2.420 target_v_yaw=-2.513 normalized_omega=-2.513 prediction_dt=0.225 future_angle=-2.986 current_plate=0 selected_plate=0 candidate_phase=-2.986 candidate_z=-0.665
[2026-07-21 01:48:36.845] [autoaim] [debug] [Outpost][OBS_ASSOC] seq=991 state=2 dt=0.0038s world=(2.679,0.022,-0.674) yaw=16.1deg rho=0.314 radial_res=+0.039 raw_ang=-143.5deg pred=(-139.6,-19.6,100.4)deg err=(-3.9,-123.9,+116.1)deg chosen=0 changed=0 corrected=-143.5deg residual=+0.0deg z=(-0.665,-0.778,-0.624) seen=(1,1,1)
[2026-07-21 01:48:36.881] [autoaim] [debug] [Outpost][OBS_INPUT] seq=1201 candidates=1 confidence=0.999 image=(743.5,554.2) image_dist=25.0 camera=(-0.011,0.033,2.517) gimbal=(2.659,0.047,-0.666) world=(2.659,0.047,-0.666) gimbal_ypr=(171.9,160.2,-178.9)deg world_ypr=(171.9,160.2,-178.9)deg
[2026-07-21 01:48:36.919] [autoaim] [debug] [Outpost][GEOM_OK] state=2 rho=0.339 res=+0.064 yaw_radial=169.7deg model_center=(2.932,0.209) center_minus=(2.355,0.006) center_plus=(2.890,0.136)
[2026-07-21 01:48:36.940] [autoaim] [debug] [Outpost][OBS_ASSOC] seq=1001 state=2 dt=0.0189s world=(2.634,0.086,-0.657) yaw=5.1deg rho=0.322 radial_res=+0.047 raw_ang=-157.5deg pred=(-158.7,-38.7,81.3)deg err=(+1.1,-118.9,+121.1)deg chosen=0 changed=0 corrected=-157.5deg residual=+0.0deg z=(-0.665,-0.778,-0.624) seen=(1,1,1)
[2026-07-21 01:48:36.972] [autoaim] [debug] [Outpost][OBS_INPUT] seq=1211 candidates=1 confidence=0.997 image=(697.9,552.1) image_dist=57.4 camera=(-0.073,0.030,2.476) gimbal=(2.620,0.108,-0.652) world=(2.620,0.108,-0.652) gimbal_ypr=(179.2,178.8,-179.6)deg world_ypr=(179.2,178.8,-179.6)deg
[2026-07-21 01:48:36.976] [autoaim] [debug] [Outpost][SELECT_PHASE] current_angle=-2.838 target_v_yaw=-2.513 normalized_omega=-2.513 prediction_dt=0.255 future_angle=-3.478 current_plate=0 selected_plate=0 candidate_phase=-3.478 candidate_z=-0.665
[2026-07-21 01:48:36.989] [autoaim] [debug] [Outpost][OBS_ASSOC] seq=1011 state=2 dt=0.0040s world=(2.611,0.122,-0.649) yaw=4.3deg rho=0.332 radial_res=+0.057 raw_ang=-164.8deg pred=(-165.0,-45.0,75.0)deg err=(+0.2,-119.8,+120.2)deg chosen=0 changed=0 corrected=-164.8deg residual=+0.0deg z=(-0.665,-0.778,-0.624) seen=(1,1,1)
[2026-07-21 01:48:37.027] [autoaim] [debug] [Outpost][OBS_INPUT] seq=1221 candidates=1 confidence=0.994 image=(671.0,552.1) image_dist=83.0 camera=(-0.110,0.030,2.492) gimbal=(2.634,0.145,-0.656) world=(2.634,0.145,-0.656) gimbal_ypr=(5.4,-0.4,0.7)deg world_ypr=(5.4,-0.4,0.7)deg
[2026-07-21 01:48:37.062] [autoaim] [debug] [Outpost][OBS_ASSOC] seq=1021 state=2 dt=0.0040s world=(2.677,0.176,-0.670) yaw=0.2deg rho=0.257 radial_res=-0.018 raw_ang=-172.7deg pred=(-173.0,-53.0,67.0)deg err=(+0.3,-119.7,+120.3)deg chosen=0 changed=0 corrected=-172.7deg residual=+0.0deg z=(-0.665,-0.778,-0.624) seen=(1,1,1)
[2026-07-21 01:48:37.096] [autoaim] [debug] [Outpost][SELECT_PHASE] current_angle=-3.101 target_v_yaw=-2.513 normalized_omega=-2.513 prediction_dt=0.248 future_angle=-3.725 current_plate=0 selected_plate=0 candidate_phase=-3.725 candidate_z=-0.665
[2026-07-21 01:48:37.220] [autoaim] [debug] [Outpost][SELECT_PHASE] current_angle=2.869 target_v_yaw=-2.513 normalized_omega=-2.513 prediction_dt=0.242 future_angle=2.262 current_plate=0 selected_plate=0 candidate_phase=2.262 candidate_z=-0.665
[2026-07-21 01:48:37.266] [autoaim] [debug] [Outpost][SELECT] mode=ROTATING selected=0 observed=0 changed=false fresh=false unseen=0.181s phase=0.0deg model_ok=false fire=false diff=-61.2deg cmd=(9.20,-8.29)
[2026-07-21 01:48:37.328] [autoaim] [debug] [Outpost][SELECT_PHASE] current_angle=2.594 target_v_yaw=-2.513 normalized_omega=-2.513 prediction_dt=0.236 future_angle=2.001 current_plate=0 selected_plate=0 candidate_phase=2.001 candidate_z=-0.665
[2026-07-21 01:48:37.438] [autoaim] [debug] [Outpost][SELECT] mode=ROTATING selected=1 observed=0 changed=true fresh=false unseen=0.349s phase=0.0deg model_ok=false fire=false diff=35.6deg cmd=(0.72,-11.22)
[2026-07-21 01:48:37.439] [autoaim] [debug] [Outpost][SELECT_PHASE] current_angle=2.315 target_v_yaw=-2.513 normalized_omega=-2.513 prediction_dt=0.232 future_angle=1.733 current_plate=0 selected_plate=1 candidate_phase=3.827 candidate_z=-0.778
[2026-07-21 01:48:37.458] [autoaim] [debug] [Outpost][OBS_INPUT] seq=1231 candidates=1 confidence=0.953 image=(857.1,655.9) image_dist=164.2 camera=(0.167,0.197,2.848) gimbal=(2.936,-0.127,-0.914) world=(2.936,-0.127,-0.914) gimbal_ypr=(43.4,5.7,23.0)deg world_ypr=(43.4,5.7,23.0)deg
[2026-07-21 01:48:37.458] [autoaim] [debug] [Outpost][SWITCH_COMMIT] t=30662.380 from=0 phase_best=1 height_plate=1 tracked_err=+140.8deg new_phase_err=+20.8deg jump=87.2deg z=-0.914 z_err=0.136 margin=0.113 z_confident=0
[2026-07-21 01:48:37.458] [autoaim] [debug] [Outpost][OBS_ASSOC] seq=1026 state=2 dt=0.3720s world=(2.936,-0.127,-0.914) yaw=43.4deg rho=0.336 radial_res=+0.061 raw_ang=-89.3deg pred=(129.9,-110.1,9.9)deg err=(+140.8,+20.8,-99.2)deg chosen=1 changed=1 corrected=-89.3deg residual=+0.0deg z=(-0.665,-0.778,-0.624) seen=(1,1,1)
[2026-07-21 01:48:37.512] [autoaim] [debug] [Outpost][OBS_ASSOC] seq=1031 state=2 dt=0.0161s world=(2.782,-0.094,-0.853) yaw=39.0deg rho=0.338 radial_res=+0.063 raw_ang=-116.3deg pred=(131.8,-108.2,11.8)deg err=(+111.8,-8.2,-128.2)deg chosen=1 changed=0 corrected=-116.3deg residual=+0.0deg z=(-0.665,-0.778,-0.624) seen=(1,1,1)
[2026-07-21 01:48:37.522] [autoaim] [debug] [Outpost][IMU] raw_deg=(0.00,0.00,0.00) solver_rad=(0.0000,-0.0000,0.0000)
[2026-07-21 01:48:37.548] [autoaim] [debug] [Outpost][OBS_INPUT] seq=1241 candidates=1 confidence=0.998 image=(825.3,649.9) image_dist=140.6 camera=(0.110,0.176,2.681) gimbal=(2.780,-0.072,-0.848) world=(2.780,-0.072,-0.848) gimbal_ypr=(31.4,8.5,17.1)deg world_ypr=(31.4,8.5,17.1)deg
[2026-07-21 01:48:37.580] [autoaim] [debug] [Outpost][OBS_ASSOC] seq=1041 state=2 dt=0.0043s world=(2.731,-0.052,-0.828) yaw=27.1deg rho=0.330 radial_res=+0.055 raw_ang=-127.6deg pred=(107.7,-132.3,-12.3)deg err=(+124.7,+4.7,-115.3)deg chosen=1 changed=0 corrected=-127.6deg residual=+0.0deg z=(-0.665,-0.778,-0.624) seen=(1,1,1)
[2026-07-21 01:48:37.584] [autoaim] [debug] [Outpost][SELECT_PHASE] current_angle=1.974 target_v_yaw=-2.513 normalized_omega=-2.513 prediction_dt=0.228 future_angle=1.401 current_plate=1 selected_plate=1 candidate_phase=3.495 candidate_z=-0.778
[2026-07-21 01:48:37.614] [autoaim] [debug] [Outpost][OBS_INPUT] seq=1251 candidates=1 confidence=1.000 image=(798.9,646.4) image_dist=125.4 camera=(0.068,0.164,2.566) gimbal=(2.671,-0.032,-0.805) world=(2.671,-0.032,-0.805) gimbal_ypr=(25.1,10.4,13.5)deg world_ypr=(25.1,10.4,13.5)deg
[2026-07-21 01:48:37.632] [autoaim] [debug] [Outpost][OBS_ASSOC] seq=1051 state=2 dt=0.0040s world=(2.673,-0.019,-0.804) yaw=21.8deg rho=0.345 radial_res=+0.070 raw_ang=-138.6deg pred=(101.5,-138.5,-18.5)deg err=(+119.9,-0.1,-120.1)deg chosen=1 changed=0 corrected=-138.6deg residual=+0.0deg z=(-0.665,-0.778,-0.624) seen=(1,1,1)
[2026-07-21 01:48:37.664] [autoaim] [debug] [Outpost][OBS_INPUT] seq=1261 candidates=1 confidence=0.999 image=(774.8,644.3) image_dist=116.3 camera=(0.034,0.161,2.575) gimbal=(2.681,0.003,-0.805) world=(2.681,0.003,-0.805) gimbal_ypr=(14.3,14.4,9.3)deg world_ypr=(14.3,14.4,9.3)deg
[2026-07-21 01:48:37.692] [autoaim] [debug] [Outpost][OBS_ASSOC] seq=1061 state=2 dt=0.0042s world=(2.664,0.022,-0.798) yaw=7.8deg rho=0.327 radial_res=+0.052 raw_ang=-145.1deg pred=(94.7,-145.3,-25.3)deg err=(+120.2,+0.2,-119.8)deg chosen=1 changed=0 corrected=-145.1deg residual=+0.0deg z=(-0.665,-0.778,-0.624) seen=(1,1,1)
[2026-07-21 01:48:37.697] [autoaim] [debug] [Outpost][SELECT_PHASE] current_angle=1.638 target_v_yaw=-2.513 normalized_omega=-2.513 prediction_dt=0.258 future_angle=0.990 current_plate=1 selected_plate=1 candidate_phase=3.084 candidate_z=-0.778
[2026-07-21 01:48:37.729] [autoaim] [debug] [Outpost][OBS_INPUT] seq=1271 candidates=1 confidence=0.997 image=(744.6,642.4) image_dist=112.1 camera=(-0.009,0.153,2.500) gimbal=(2.610,0.044,-0.778) world=(2.610,0.044,-0.778) gimbal_ypr=(10.5,31.0,6.6)deg world_ypr=(10.5,31.0,6.6)deg
[2026-07-21 01:48:37.758] [autoaim] [debug] [Outpost][OBS_ASSOC] seq=1071 state=2 dt=0.0050s world=(2.560,0.066,-0.759) yaw=12.6deg rho=0.398 radial_res=+0.123 raw_ang=-158.9deg pred=(80.8,-159.2,-39.2)deg err=(+120.3,+0.3,-119.7)deg chosen=1 changed=0 corrected=-158.9deg residual=+0.0deg z=(-0.665,-0.778,-0.624) seen=(1,1,1)
[2026-07-21 01:48:37.776] [autoaim] [debug] [Outpost][OBS_INPUT] seq=1281 candidates=1 confidence=1.000 image=(716.7,641.3) image_dist=116.0 camera=(-0.047,0.150,2.467) gimbal=(2.579,0.082,-0.766) world=(2.579,0.082,-0.766) gimbal_ypr=(5.4,37.4,3.4)deg world_ypr=(5.4,37.4,3.4)deg
[2026-07-21 01:48:37.808] [autoaim] [debug] [Outpost][OBS_ASSOC] seq=1081 state=2 dt=0.0041s world=(2.565,0.105,-0.760) yaw=4.2deg rho=0.381 radial_res=+0.106 raw_ang=-164.1deg pred=(75.6,-164.4,-44.4)deg err=(+120.2,+0.2,-119.8)deg chosen=1 changed=0 corrected=-164.1deg residual=+0.0deg z=(-0.665,-0.778,-0.624) seen=(1,1,1)
[2026-07-21 01:48:37.812] [autoaim] [debug] [Outpost][SELECT_PHASE] current_angle=1.309 target_v_yaw=-2.513 normalized_omega=-2.513 prediction_dt=0.248 future_angle=0.685 current_plate=1 selected_plate=1 candidate_phase=2.779 candidate_z=-0.778
[2026-07-21 01:48:37.841] [autoaim] [debug] [Outpost][OBS_INPUT] seq=1291 candidates=1 confidence=0.999 image=(681.7,640.6) image_dist=130.2 camera=(-0.093,0.148,2.453) gimbal=(2.565,0.128,-0.760) world=(2.565,0.128,-0.760) gimbal_ypr=(5.8,38.7,2.3)deg world_ypr=(5.8,38.7,2.3)deg
[2026-07-21 01:48:37.906] [autoaim] [debug] [Outpost][OBS_ASSOC] seq=1091 state=2 dt=0.0054s world=(2.620,0.178,-0.780) yaw=8.2deg rho=0.314 radial_res=+0.039 raw_ang=-174.3deg pred=(65.4,-174.6,-54.6)deg err=(+120.3,+0.3,-119.7)deg chosen=1 changed=0 corrected=-174.3deg residual=+0.0deg z=(-0.665,-0.778,-0.624) seen=(1,1,1)
[2026-07-21 01:48:37.913] [autoaim] [debug] [Outpost][SELECT] mode=ROTATING selected=1 observed=1 changed=false fresh=true unseen=0.000s phase=0.0deg model_ok=true fire=false diff=-35.4deg cmd=(7.69,-11.32)
[2026-07-21 01:48:37.969] [autoaim] [debug] [Outpost][SELECT_PHASE] current_angle=0.986 target_v_yaw=-2.513 normalized_omega=-2.513 prediction_dt=0.243 future_angle=0.375 current_plate=1 selected_plate=1 candidate_phase=2.469 candidate_z=-0.778
[2026-07-21 01:48:38.080] [autoaim] [debug] [Outpost][SELECT_PHASE] current_angle=0.714 target_v_yaw=-2.513 normalized_omega=-2.513 prediction_dt=0.237 future_angle=0.118 current_plate=1 selected_plate=1 candidate_phase=2.212 candidate_z=-0.778
[2026-07-21 01:48:38.221] [autoaim] [debug] [Outpost][SELECT_PHASE] current_angle=0.360 target_v_yaw=-2.513 normalized_omega=-2.513 prediction_dt=0.230 future_angle=-0.219 current_plate=1 selected_plate=1 candidate_phase=1.876 candidate_z=-0.778
[2026-07-21 01:48:38.293] [autoaim] [debug] [Outpost][SWITCH_COMMIT] t=30663.213 from=1 phase_best=2 height_plate=0 tracked_err=+153.3deg new_phase_err=+33.3deg jump=99.6deg z=-0.677 z_err=0.011 margin=0.041 z_confident=1
[2026-07-21 01:48:38.294] [autoaim] [debug] [Outpost][OBS_ASSOC] seq=1095 state=2 dt=0.3735s world=(3.011,-0.118,-0.677) yaw=42.8deg rho=0.336 radial_res=+0.061 raw_ang=-76.4deg pred=(10.2,130.2,-109.8)deg err=(-86.7,+153.3,+33.3)deg chosen=2 changed=1 corrected=-76.4deg residual=+0.0deg z=(-0.665,-0.778,-0.624) seen=(1,1,1)
[2026-07-21 01:48:38.297] [autoaim] [debug] [Outpost][OBS_INPUT] seq=1301 candidates=1 confidence=0.994 image=(850.8,497.0) image_dist=105.2 camera=(0.158,-0.052,2.866) gimbal=(3.021,-0.116,-0.679) world=(3.021,-0.116,-0.679) gimbal_ypr=(43.6,8.5,22.0)deg world_ypr=(43.6,8.5,22.0)deg
[2026-07-21 01:48:38.306] [autoaim] [debug] [Outpost][IDENTITY_LOCK] t=30663.229 tracked=2 phase_best=2 height_candidate=0 tracked_err=+0.2deg new_phase_err=+0.2deg jump=0.4deg z=-0.665 z_err=0.000 margin=0.041
[2026-07-21 01:48:38.310] [autoaim] [debug] [Outpost][GEOM_OK] state=2 rho=0.316 res=+0.041 yaw_radial=127.7deg model_center=(2.932,0.209) center_minus=(2.744,-0.287) center_plus=(3.158,0.075)
[2026-07-21 01:48:38.314] [autoaim] [debug] [Outpost][OBS_ASSOC] seq=1101 state=2 dt=0.0040s world=(2.910,-0.103,-0.647) yaw=42.7deg rho=0.312 radial_res=+0.037 raw_ang=-94.1deg pred=(32.9,152.9,-87.1)deg err=(-127.0,+113.0,-7.0)deg chosen=2 changed=0 corrected=-94.1deg residual=+0.0deg z=(-0.665,-0.778,-0.624) seen=(1,1,1)
[2026-07-21 01:48:38.314] [autoaim] [debug] [Outpost][SELECT_PHASE] current_angle=0.452 target_v_yaw=-2.513 normalized_omega=-2.513 prediction_dt=0.232 future_angle=-0.130 current_plate=2 selected_plate=1 candidate_phase=1.964 candidate_z=-0.778
[2026-07-21 01:48:38.342] [autoaim] [debug] [Outpost][OBS_INPUT] seq=1311 candidates=1 confidence=0.998 image=(835.6,493.0) image_dist=92.4 camera=(0.127,-0.056,2.725) gimbal=(2.885,-0.088,-0.637) world=(2.885,-0.088,-0.637) gimbal_ypr=(38.2,8.6,19.2)deg world_ypr=(38.2,8.6,19.2)deg
[2026-07-21 01:48:38.374] [autoaim] [debug] [Outpost][OBS_ASSOC] seq=1111 state=2 dt=0.0035s world=(2.875,-0.071,-0.631) yaw=33.5deg rho=0.285 radial_res=+0.010 raw_ang=-101.5deg pred=(14.8,134.8,-105.2)deg err=(-116.3,+123.7,+3.7)deg chosen=2 changed=0 corrected=-101.5deg residual=+0.0deg z=(-0.665,-0.778,-0.624) seen=(1,1,1)
[2026-07-21 01:48:38.387] [autoaim] [debug] [Outpost][SELECT] mode=ROTATING selected=2 observed=2 changed=true fresh=true unseen=0.000s phase=0.0deg model_ok=true fire=false diff=29.7deg cmd=(1.22,-7.97)
[2026-07-21 01:48:38.404] [autoaim] [debug] [Outpost][OBS_INPUT] seq=1321 candidates=1 confidence=0.996 image=(813.6,488.0) image_dist=75.6 camera=(0.093,-0.062,2.692) gimbal=(2.855,-0.054,-0.622) world=(2.855,-0.054,-0.622) gimbal_ypr=(28.5,9.3,14.8)deg world_ypr=(28.5,9.3,14.8)deg
[2026-07-21 01:48:38.424] [autoaim] [debug] [Outpost][OBS_ASSOC] seq=1121 state=2 dt=0.0039s world=(2.818,-0.040,-0.611) yaw=150.7deg rho=0.274 radial_res=-0.001 raw_ang=-114.5deg pred=(9.9,129.9,-110.1)deg err=(-124.4,+115.6,-4.4)deg chosen=2 changed=0 corrected=-114.5deg residual=+0.0deg z=(-0.665,-0.778,-0.624) seen=(1,1,1)
[2026-07-21 01:48:38.424] [autoaim] [debug] [Outpost][SELECT_PHASE] current_angle=0.096 target_v_yaw=-2.513 normalized_omega=-2.513 prediction_dt=0.227 future_angle=-0.473 current_plate=2 selected_plate=2 candidate_phase=-2.568 candidate_z=-0.624
[2026-07-21 01:48:38.455] [autoaim] [debug] [Outpost][OBS_INPUT] seq=1331 candidates=1 confidence=0.996 image=(792.2,484.7) image_dist=61.5 camera=(0.061,-0.067,2.653) gimbal=(2.818,-0.022,-0.607) world=(2.818,-0.022,-0.607) gimbal_ypr=(21.1,13.0,11.8)deg world_ypr=(21.1,13.0,11.8)deg
[2026-07-21 01:48:38.487] [autoaim] [debug] [Outpost][OBS_ASSOC] seq=1131 state=2 dt=0.0040s world=(2.787,-0.001,-0.597) yaw=17.3deg rho=0.255 radial_res=-0.020 raw_ang=-124.6deg pred=(-4.7,115.3,-124.7)deg err=(-119.9,+120.1,+0.1)deg chosen=2 changed=0 corrected=-124.6deg residual=+0.0deg z=(-0.665,-0.778,-0.624) seen=(1,1,1)
[2026-07-21 01:48:38.497] [autoaim] [debug] [Outpost][SELECT] mode=ROTATING selected=2 observed=2 changed=false fresh=true unseen=0.000s phase=0.0deg model_ok=true fire=false diff=24.6deg cmd=(1.69,-8.06)
[2026-07-21 01:48:38.514] [autoaim] [debug] [Outpost][OBS_INPUT] seq=1341 candidates=1 confidence=0.966 image=(764.9,481.9) image_dist=50.5 camera=(0.020,-0.070,2.604) gimbal=(2.771,0.018,-0.591) world=(2.771,0.018,-0.591) gimbal_ypr=(13.0,20.7,8.3)deg world_ypr=(13.0,20.7,8.3)deg
[2026-07-21 01:48:38.547] [autoaim] [debug] [Outpost][OBS_ASSOC] seq=1141 state=2 dt=0.0120s world=(2.718,0.037,-0.576) yaw=169.6deg rho=0.274 radial_res=-0.001 raw_ang=-141.1deg pred=(-13.7,106.3,-133.7)deg err=(-127.4,+112.6,-7.4)deg chosen=2 changed=0 corrected=-141.1deg residual=+0.0deg z=(-0.665,-0.778,-0.624) seen=(1,1,1)
[2026-07-21 01:48:38.547] [autoaim] [debug] [Outpost][SELECT_PHASE] current_angle=-0.369 target_v_yaw=-2.513 normalized_omega=-2.513 prediction_dt=0.260 future_angle=-1.023 current_plate=2 selected_plate=2 candidate_phase=-3.118 candidate_z=-0.624
[2026-07-21 01:48:38.567] [autoaim] [debug] [Outpost][OBS_INPUT] seq=1351 candidates=1 confidence=0.982 image=(739.5,479.8) image_dist=52.0 camera=(-0.016,-0.071,2.552) gimbal=(2.721,0.053,-0.576) world=(2.721,0.053,-0.576) gimbal_ypr=(0.2,0.2,3.3)deg world_ypr=(0.2,0.2,3.3)deg
[2026-07-21 01:48:38.595] [autoaim] [debug] [Outpost][OBS_ASSOC] seq=1151 state=2 dt=0.0037s world=(2.674,0.072,-0.563) yaw=175.2deg rho=0.292 radial_res=+0.017 raw_ang=-152.0deg pred=(-32.8,87.2,-152.8)deg err=(-119.2,+120.8,+0.8)deg chosen=2 changed=0 corrected=-152.0deg residual=+0.0deg z=(-0.665,-0.778,-0.624) seen=(1,1,1)
[2026-07-21 01:48:38.628] [autoaim] [debug] [Outpost][OBS_INPUT] seq=1361 candidates=1 confidence=0.944 image=(709.1,478.5) image_dist=66.7 camera=(-0.057,-0.071,2.488) gimbal=(2.658,0.094,-0.558) world=(2.658,0.094,-0.558) gimbal_ypr=(6.9,31.3,2.8)deg world_ypr=(6.9,31.3,2.8)deg
[2026-07-21 01:48:38.658] [autoaim] [debug] [Outpost][SELECT_PHASE] current_angle=-0.706 target_v_yaw=-2.513 normalized_omega=-2.513 prediction_dt=0.253 future_angle=-1.343 current_plate=2 selected_plate=2 candidate_phase=-3.437 candidate_z=-0.624
[2026-07-21 01:48:38.660] [autoaim] [debug] [Outpost][OBS_ASSOC] seq=1161 state=2 dt=0.0039s world=(2.676,0.118,-0.563) yaw=2.7deg rho=0.272 radial_res=-0.003 raw_ang=-160.3deg pred=(-41.0,79.0,-161.0)deg err=(-119.3,+120.7,+0.7)deg chosen=2 changed=0 corrected=-160.3deg residual=+0.0deg z=(-0.665,-0.778,-0.624) seen=(1,1,1)
[2026-07-21 01:48:38.689] [autoaim] [debug] [Outpost][OBS_INPUT] seq=1371 candidates=1 confidence=1.000 image=(678.2,478.0) image_dist=89.7 camera=(-0.100,-0.072,2.503) gimbal=(2.673,0.137,-0.562) world=(2.673,0.137,-0.562) gimbal_ypr=(180.0,147.2,178.8)deg world_ypr=(180.0,147.2,178.8)deg
[2026-07-21 01:48:38.707] [autoaim] [debug] [Outpost][OBS_ASSOC] seq=1171 state=2 dt=0.0042s world=(2.693,0.152,-0.567) yaw=179.6deg rho=0.246 radial_res=-0.029 raw_ang=-166.7deg pred=(-46.6,73.4,-166.6)deg err=(-120.0,+120.0,-0.0)deg chosen=2 changed=0 corrected=-166.7deg residual=+0.0deg z=(-0.665,-0.778,-0.624) seen=(1,1,1)
[2026-07-21 01:48:38.725] [autoaim] [debug] [Outpost][IMU] raw_deg=(0.00,0.00,0.00) solver_rad=(0.0000,-0.0000,0.0000)
[2026-07-21 01:48:38.736] [autoaim] [debug] [Outpost][OBS_INPUT] seq=1381 candidates=1 confidence=0.996 image=(653.9,478.7) image_dist=110.0 camera=(-0.137,-0.073,2.567) gimbal=(2.734,0.174,-0.578) world=(2.734,0.174,-0.578) gimbal_ypr=(7.1,0.8,-1.2)deg world_ypr=(7.1,0.8,-1.2)deg
[2026-07-21 01:48:38.766] [autoaim] [debug] [Outpost][SELECT_PHASE] current_angle=-0.951 target_v_yaw=-2.513 normalized_omega=-2.513 prediction_dt=0.248 future_angle=-1.575 current_plate=2 selected_plate=2 candidate_phase=-3.669 candidate_z=-0.624
[2026-07-21 01:48:38.884] [autoaim] [debug] [Outpost][SELECT_PHASE] current_angle=-1.253 target_v_yaw=-2.513 normalized_omega=-2.513 prediction_dt=0.241 future_angle=-1.857 current_plate=2 selected_plate=2 candidate_phase=-3.952 candidate_z=-0.624
[2026-07-21 01:48:38.996] [autoaim] [debug] [Outpost][SELECT_PHASE] current_angle=-1.536 target_v_yaw=-2.513 normalized_omega=-2.513 prediction_dt=0.235 future_angle=-2.125 current_plate=2 selected_plate=2 candidate_phase=-4.220 candidate_z=-0.624
[2026-07-21 01:48:39.061] [autoaim] [debug] [Outpost][SELECT] mode=ROTATING selected=2 observed=2 changed=false fresh=false unseen=0.313s phase=0.0deg model_ok=false fire=false diff=-74.8deg cmd=(9.65,-7.01)
[2026-07-21 01:48:39.086] [autoaim] [debug] [Outpost][SWITCH_COMMIT] t=30664.007 from=2 phase_best=0 height_plate=1 tracked_err=+114.4deg new_phase_err=-5.6deg jump=65.8deg z=-0.747 z_err=0.031 margin=0.050 z_confident=1
[2026-07-21 01:48:39.086] [autoaim] [debug] [Outpost][OBS_ASSOC] seq=1180 state=2 dt=0.3372s world=(2.832,-0.131,-0.747) yaw=52.6deg rho=0.354 radial_res=+0.079 raw_ang=-106.3deg pred=(-100.7,19.3,139.3)deg err=(-5.6,-125.6,+114.4)deg chosen=0 changed=1 corrected=-106.3deg residual=+0.0deg z=(-0.665,-0.778,-0.624) seen=(1,1,1)
[2026-07-21 01:48:39.089] [autoaim] [debug] [Outpost][OBS_ASSOC] seq=1181 state=2 dt=0.0040s world=(2.807,-0.128,-0.738) yaw=51.9deg rho=0.360 radial_res=+0.085 raw_ang=-110.4deg pred=(-106.9,13.1,133.1)deg err=(-3.5,-123.5,+116.5)deg chosen=0 changed=0 corrected=-110.4deg residual=+0.0deg z=(-0.665,-0.778,-0.624) seen=(1,1,1)
[2026-07-21 01:48:39.101] [autoaim] [debug] [Outpost][SELECT] mode=ROTATING selected=0 observed=0 changed=true fresh=true unseen=0.000s phase=0.0deg model_ok=true fire=false diff=31.3deg cmd=(1.08,-9.00)
[2026-07-21 01:48:39.105] [autoaim] [debug] [Outpost][SELECT_PHASE] current_angle=-2.059 target_v_yaw=-2.513 normalized_omega=-2.513 prediction_dt=0.227 future_angle=-2.629 current_plate=0 selected_plate=0 candidate_phase=-2.629 candidate_z=-0.665
[2026-07-21 01:48:39.119] [autoaim] [debug] [Outpost][OBS_INPUT] seq=1391 candidates=1 confidence=0.958 image=(856.7,570.7) image_dist=113.0 camera=(0.153,0.058,2.614) gimbal=(2.748,-0.115,-0.716) world=(2.748,-0.115,-0.716) gimbal_ypr=(48.9,2.9,23.3)deg world_ypr=(48.9,2.9,23.3)deg
[2026-07-21 01:48:39.141] [autoaim] [debug] [Outpost][OBS_ASSOC] seq=1191 state=2 dt=0.0073s world=(2.775,-0.108,-0.722) yaw=46.6deg rho=0.354 radial_res=+0.079 raw_ang=-116.3deg pred=(-120.0,0.0,120.0)deg err=(+3.7,-116.3,+123.7)deg chosen=0 changed=0 corrected=-116.3deg residual=+0.0deg z=(-0.665,-0.778,-0.624) seen=(1,1,1)
[2026-07-21 01:48:39.169] [autoaim] [debug] [Outpost][OBS_INPUT] seq=1401 candidates=1 confidence=0.998 image=(841.5,566.6) image_dist=97.4 camera=(0.131,0.052,2.615) gimbal=(2.751,-0.093,-0.711) world=(2.751,-0.093,-0.711) gimbal_ypr=(42.3,6.5,21.0)deg world_ypr=(42.3,6.5,21.0)deg
[2026-07-21 01:48:39.197] [autoaim] [debug] [Outpost][GEOM_OK] state=2 rho=0.354 res=+0.079 yaw_radial=164.2deg model_center=(2.932,0.209) center_minus=(2.511,-0.251) center_plus=(2.941,0.093)
[2026-07-21 01:48:39.201] [autoaim] [debug] [Outpost][OBS_ASSOC] seq=1201 state=2 dt=0.0041s world=(2.692,-0.076,-0.690) yaw=38.4deg rho=0.372 radial_res=+0.097 raw_ang=-130.1deg pred=(-126.2,-6.2,113.8)deg err=(-3.9,-123.9,+116.1)deg chosen=0 changed=0 corrected=-130.1deg residual=+0.0deg z=(-0.665,-0.778,-0.624) seen=(1,1,1)
[2026-07-21 01:48:39.225] [autoaim] [debug] [Outpost][SELECT_PHASE] current_angle=-2.186 target_v_yaw=-2.513 normalized_omega=-2.513 prediction_dt=0.226 future_angle=-2.754 current_plate=0 selected_plate=0 candidate_phase=-2.754 candidate_z=-0.665
[2026-07-21 01:48:39.230] [autoaim] [debug] [Outpost][OBS_INPUT] seq=1411 candidates=1 confidence=1.000 image=(820.3,562.3) image_dist=76.2 camera=(0.098,0.045,2.560) gimbal=(2.698,-0.062,-0.689) world=(2.698,-0.062,-0.689) gimbal_ypr=(35.3,8.4,17.8)deg world_ypr=(35.3,8.4,17.8)deg
[2026-07-21 01:48:39.261] [autoaim] [debug] [Outpost][OBS_ASSOC] seq=1211 state=2 dt=0.0121s world=(2.716,-0.046,-0.692) yaw=30.1deg rho=0.334 radial_res=+0.059 raw_ang=-130.3deg pred=(-128.8,-8.8,111.2)deg err=(-1.5,-121.5,+118.5)deg chosen=0 changed=0 corrected=-130.3deg residual=+0.0deg z=(-0.665,-0.778,-0.624) seen=(1,1,1)
[2026-07-21 01:48:39.278] [autoaim] [debug] [Outpost][OBS_INPUT] seq=1421 candidates=1 confidence=0.994 image=(800.4,559.5) image_dist=57.2 camera=(0.071,0.041,2.587) gimbal=(2.726,-0.034,-0.693) world=(2.726,-0.034,-0.693) gimbal_ypr=(27.0,10.9,14.3)deg world_ypr=(27.0,10.9,14.3)deg
[2026-07-21 01:48:39.306] [autoaim] [debug] [Outpost][OBS_ASSOC] seq=1221 state=2 dt=0.0040s world=(2.717,-0.016,-0.688) yaw=23.3deg rho=0.310 radial_res=+0.035 raw_ang=-133.7deg pred=(-137.9,-17.9,102.1)deg err=(+4.2,-115.8,+124.2)deg chosen=0 changed=0 corrected=-133.7deg residual=+0.0deg z=(-0.665,-0.778,-0.624) seen=(1,1,1)
[2026-07-21 01:48:39.334] [autoaim] [debug] [Outpost][SELECT_PHASE] current_angle=-2.449 target_v_yaw=-2.513 normalized_omega=-2.513 prediction_dt=0.263 future_angle=-3.110 current_plate=0 selected_plate=0 candidate_phase=-3.110 candidate_z=-0.665
[2026-07-21 01:48:39.340] [autoaim] [debug] [Outpost][OBS_INPUT] seq=1431 candidates=1 confidence=0.999 image=(774.8,556.5) image_dist=35.2 camera=(0.034,0.037,2.571) gimbal=(2.711,0.003,-0.685) world=(2.711,0.003,-0.685) gimbal_ypr=(17.3,9.9,10.3)deg world_ypr=(17.3,9.9,10.3)deg
[2026-07-21 01:48:39.369] [autoaim] [debug] [Outpost][OBS_ASSOC] seq=1231 state=2 dt=0.0162s world=(2.685,0.024,-0.674) yaw=12.6deg rho=0.308 radial_res=+0.033 raw_ang=-143.2deg pred=(-140.9,-20.9,99.1)deg err=(-2.3,-122.3,+117.7)deg chosen=0 changed=0 corrected=-143.2deg residual=+0.0deg z=(-0.665,-0.778,-0.624) seen=(1,1,1)
[2026-07-21 01:48:39.386] [autoaim] [debug] [Outpost][OBS_INPUT] seq=1441 candidates=1 confidence=0.995 image=(749.6,554.2) image_dist=23.9 camera=(-0.002,0.033,2.543) gimbal=(2.684,0.038,-0.673) world=(2.684,0.038,-0.673) gimbal_ypr=(9.3,12.6,6.3)deg world_ypr=(9.3,12.6,6.3)deg
[2026-07-21 01:48:39.418] [autoaim] [debug] [Outpost][OBS_ASSOC] seq=1241 state=2 dt=0.0037s world=(2.634,0.059,-0.658) yaw=9.0deg rho=0.333 radial_res=+0.058 raw_ang=-153.3deg pred=(-151.9,-31.9,88.1)deg err=(-1.5,-121.5,+118.5)deg chosen=0 changed=0 corrected=-153.3deg residual=+0.0deg z=(-0.665,-0.778,-0.624) seen=(1,1,1)
[2026-07-21 01:48:39.449] [autoaim] [debug] [Outpost][SELECT_PHASE] current_angle=-2.744 target_v_yaw=-2.513 normalized_omega=-2.513 prediction_dt=0.257 future_angle=-3.389 current_plate=0 selected_plate=0 candidate_phase=-3.389 candidate_z=-0.665
[2026-07-21 01:48:39.452] [autoaim] [debug] [Outpost][OBS_INPUT] seq=1451 candidates=1 confidence=0.998 image=(717.4,553.1) image_dist=40.6 camera=(-0.046,0.031,2.490) gimbal=(2.633,0.082,-0.656) world=(2.633,0.082,-0.656) gimbal_ypr=(177.6,177.0,-178.8)deg world_ypr=(177.6,177.0,-178.8)deg
[2026-07-21 01:48:39.478] [autoaim] [debug] [Outpost][OBS_ASSOC] seq=1251 state=2 dt=0.0025s world=(2.607,0.101,-0.648) yaw=173.4deg rho=0.343 radial_res=+0.068 raw_ang=-161.6deg pred=(-160.7,-40.7,79.3)deg err=(-0.9,-120.9,+119.1)deg chosen=0 changed=0 corrected=-161.6deg residual=+0.0deg z=(-0.665,-0.778,-0.624) seen=(1,1,1)
[2026-07-21 01:48:39.514] [autoaim] [debug] [Outpost][OBS_INPUT] seq=1461 candidates=1 confidence=0.999 image=(689.1,552.3) image_dist=65.7 camera=(-0.085,0.030,2.489) gimbal=(2.632,0.121,-0.656) world=(2.632,0.121,-0.656) gimbal_ypr=(179.5,173.9,-179.8)deg world_ypr=(179.5,173.9,-179.8)deg
[2026-07-21 01:48:39.527] [autoaim] [debug] [Outpost][OBS_ASSOC] seq=1261 state=2 dt=0.0048s world=(2.636,0.135,-0.657) yaw=3.2deg rho=0.305 radial_res=+0.030 raw_ang=-165.9deg pred=(-166.1,-46.1,73.9)deg err=(+0.2,-119.8,+120.2)deg chosen=0 changed=0 corrected=-165.9deg residual=+0.0deg z=(-0.665,-0.778,-0.624) seen=(1,1,1)
[2026-07-21 01:48:39.560] [autoaim] [debug] [Outpost][SELECT_PHASE] current_angle=-2.971 target_v_yaw=-2.513 normalized_omega=-2.513 prediction_dt=0.252 future_angle=-3.603 current_plate=0 selected_plate=0 candidate_phase=-3.603 candidate_z=-0.665
[2026-07-21 01:48:39.563] [autoaim] [debug] [Outpost][OBS_INPUT] seq=1471 candidates=1 confidence=0.999 image=(661.3,552.4) image_dist=92.4 camera=(-0.124,0.031,2.515) gimbal=(2.656,0.160,-0.663) world=(2.656,0.160,-0.663) gimbal_ypr=(179.0,177.8,178.2)deg world_ypr=(179.0,177.8,178.2)deg
[2026-07-21 01:48:39.595] [autoaim] [debug] [Outpost][OBS_ASSOC] seq=1271 state=2 dt=0.0041s world=(2.699,0.185,-0.677) yaw=179.6deg rho=0.234 radial_res=-0.041 raw_ang=-174.2deg pred=(-174.3,-54.3,65.7)deg err=(+0.0,-120.0,+120.0)deg chosen=0 changed=0 corrected=-174.2deg residual=+0.0deg z=(-0.665,-0.778,-0.624) seen=(1,1,1)
[2026-07-21 01:48:39.635] [autoaim] [debug] [Outpost][SELECT] mode=ROTATING selected=0 observed=0 changed=false fresh=true unseen=0.032s phase=0.0deg model_ok=true fire=false diff=-40.2deg cmd=(7.99,-8.86)
[2026-07-21 01:48:39.676] [autoaim] [debug] [Outpost][SELECT_PHASE] current_angle=3.038 target_v_yaw=-2.513 normalized_omega=-2.513 prediction_dt=0.248 future_angle=2.414 current_plate=0 selected_plate=0 candidate_phase=2.414 candidate_z=-0.665
[2026-07-21 01:48:39.797] [autoaim] [debug] [Outpost][SELECT_PHASE] current_angle=2.730 target_v_yaw=-2.513 normalized_omega=-2.513 prediction_dt=0.239 future_angle=2.130 current_plate=0 selected_plate=0 candidate_phase=2.130 candidate_z=-0.665
[2026-07-21 01:48:39.855] [autoaim] [debug] [Outpost][IMU] raw_deg=(0.00,0.00,0.00) solver_rad=(0.0000,-0.0000,0.0000)
[2026-07-21 01:48:39.905] [autoaim] [debug] [Outpost][SELECT_PHASE] current_angle=2.462 target_v_yaw=-2.513 normalized_omega=-2.513 prediction_dt=0.234 future_angle=1.874 current_plate=0 selected_plate=0 candidate_phase=1.874 candidate_z=-0.665
[2026-07-21 01:48:39.960] [autoaim] [debug] [Outpost][SELECT] mode=ROTATING selected=1 observed=0 changed=true fresh=false unseen=0.357s phase=0.0deg model_ok=false fire=false diff=35.4deg cmd=(0.73,-11.23)
[2026-07-21 01:48:39.994] [autoaim] [debug] [Outpost][SWITCH_COMMIT] t=30664.916 from=0 phase_best=1 height_plate=1 tracked_err=+127.4deg new_phase_err=+7.4deg jump=71.1deg z=-0.880 z_err=0.102 margin=0.113 z_confident=0
[2026-07-21 01:48:39.994] [autoaim] [debug] [Outpost][OBS_ASSOC] seq=1274 state=2 dt=0.3904s world=(2.848,-0.116,-0.880) yaw=43.3deg rho=0.336 radial_res=+0.061 raw_ang=-104.4deg pred=(128.2,-111.8,8.2)deg err=(+127.4,+7.4,-112.6)deg chosen=1 changed=1 corrected=-104.4deg residual=+0.0deg z=(-0.665,-0.778,-0.624) seen=(1,1,1)
[2026-07-21 01:48:40.016] [autoaim] [debug] [Outpost][OBS_INPUT] seq=1481 candidates=1 confidence=0.999 image=(844.8,653.4) image_dist=154.6 camera=(0.143,0.186,2.749) gimbal=(2.843,-0.104,-0.876) world=(2.843,-0.104,-0.876) gimbal_ypr=(39.8,9.4,21.0)deg world_ypr=(39.8,9.4,21.0)deg
[2026-07-21 01:48:40.020] [autoaim] [debug] [Outpost][SELECT_PHASE] current_angle=2.278 target_v_yaw=-2.513 normalized_omega=-2.513 prediction_dt=0.231 future_angle=1.697 current_plate=1 selected_plate=1 candidate_phase=3.791 candidate_z=-0.778
[2026-07-21 01:48:40.046] [autoaim] [debug] [Outpost][OBS_ASSOC] seq=1281 state=2 dt=0.0040s world=(2.764,-0.086,-0.845) yaw=37.0deg rho=0.339 radial_res=+0.064 raw_ang=-119.7deg pred=(130.4,-109.6,10.4)deg err=(+109.9,-10.1,-130.1)deg chosen=1 changed=0 corrected=-119.7deg residual=+0.0deg z=(-0.665,-0.778,-0.624) seen=(1,1,1)
[2026-07-21 01:48:40.064] [autoaim] [debug] [Outpost][OBS_INPUT] seq=1491 candidates=1 confidence=1.000 image=(827.1,650.0) image_dist=141.7 camera=(0.112,0.175,2.653) gimbal=(2.753,-0.074,-0.840) world=(2.753,-0.074,-0.840) gimbal_ypr=(33.1,7.8,17.7)deg world_ypr=(33.1,7.8,17.7)deg
[2026-07-21 01:48:40.092] [autoaim] [debug] [Outpost][OBS_ASSOC] seq=1291 state=2 dt=0.0039s world=(2.735,-0.057,-0.831) yaw=29.6deg rho=0.330 radial_res=+0.055 raw_ang=-126.5deg pred=(115.3,-124.7,-4.7)deg err=(+118.2,-1.8,-121.8)deg chosen=1 changed=0 corrected=-126.5deg residual=+0.0deg z=(-0.665,-0.778,-0.624) seen=(1,1,1)
[2026-07-21 01:48:40.120] [autoaim] [debug] [Outpost][OBS_INPUT] seq=1501 candidates=1 confidence=0.986 image=(803.0,647.2) image_dist=127.8 camera=(0.076,0.168,2.627) gimbal=(2.729,-0.039,-0.826) world=(2.729,-0.039,-0.826) gimbal_ypr=(24.2,11.8,13.9)deg world_ypr=(24.2,11.8,13.9)deg
[2026-07-21 01:48:40.125] [autoaim] [debug] [Outpost][SELECT_PHASE] current_angle=1.853 target_v_yaw=-2.513 normalized_omega=-2.513 prediction_dt=0.228 future_angle=1.281 current_plate=1 selected_plate=1 candidate_phase=3.375 candidate_z=-0.778
[2026-07-21 01:48:40.137] [autoaim] [debug] [Outpost][GEOM_OK] state=2 rho=0.321 res=+0.046 yaw_radial=154.7deg model_center=(2.932,0.209) center_minus=(2.461,-0.132) center_plus=(2.970,0.076)
[2026-07-21 01:48:40.154] [autoaim] [debug] [Outpost][OBS_ASSOC] seq=1301 state=2 dt=0.0120s world=(2.669,-0.019,-0.803) yaw=22.1deg rho=0.348 radial_res=+0.073 raw_ang=-139.0deg pred=(105.8,-134.2,-14.2)deg err=(+115.2,-4.8,-124.8)deg chosen=1 changed=0 corrected=-139.0deg residual=+0.0deg z=(-0.665,-0.778,-0.624) seen=(1,1,1)
[2026-07-21 01:48:40.169] [autoaim] [debug] [Outpost][OBS_INPUT] seq=1511 candidates=1 confidence=1.000 image=(780.3,644.9) image_dist=118.1 camera=(0.042,0.161,2.562) gimbal=(2.669,-0.005,-0.802) world=(2.669,-0.005,-0.802) gimbal_ypr=(17.3,10.1,10.4)deg world_ypr=(17.3,10.1,10.4)deg
[2026-07-21 01:48:40.209] [autoaim] [debug] [Outpost][OBS_ASSOC] seq=1311 state=2 dt=0.0039s world=(2.640,0.023,-0.790) yaw=10.2deg rho=0.346 radial_res=+0.071 raw_ang=-147.5deg pred=(93.2,-146.8,-26.8)deg err=(+119.3,-0.7,-120.7)deg chosen=1 changed=0 corrected=-147.5deg residual=+0.0deg z=(-0.665,-0.778,-0.624) seen=(1,1,1)
[2026-07-21 01:48:40.209] [autoaim] [debug] [Outpost][SELECT] mode=ROTATING selected=1 observed=1 changed=false fresh=true unseen=0.000s phase=0.0deg model_ok=true fire=false diff=-8.8deg cmd=(5.14,-11.62)
[2026-07-21 01:48:40.245] [autoaim] [debug] [Outpost][OBS_INPUT] seq=1521 candidates=1 confidence=0.999 image=(742.0,642.1) image_dist=112.1 camera=(-0.013,0.154,2.507) gimbal=(2.617,0.048,-0.780) world=(2.617,0.048,-0.780) gimbal_ypr=(178.4,146.3,-177.7)deg world_ypr=(178.4,146.3,-177.7)deg
[2026-07-21 01:48:40.268] [autoaim] [debug] [Outpost][SELECT_PHASE] current_angle=1.452 target_v_yaw=-2.513 normalized_omega=-2.513 prediction_dt=0.254 future_angle=0.814 current_plate=1 selected_plate=1 candidate_phase=2.909 candidate_z=-0.778
[2026-07-21 01:48:40.282] [autoaim] [debug] [Outpost][OBS_ASSOC] seq=1321 state=2 dt=0.0042s world=(2.568,0.072,-0.762) yaw=6.7deg rho=0.388 radial_res=+0.113 raw_ang=-159.4deg pred=(80.8,-159.2,-39.2)deg err=(+119.9,-0.1,-120.1)deg chosen=1 changed=0 corrected=-159.4deg residual=+0.0deg z=(-0.665,-0.778,-0.624) seen=(1,1,1)
[2026-07-21 01:48:40.314] [autoaim] [debug] [Outpost][OBS_INPUT] seq=1531 candidates=1 confidence=1.000 image=(706.6,641.2) image_dist=119.4 camera=(-0.060,0.149,2.461) gimbal=(2.573,0.095,-0.763) world=(2.573,0.095,-0.763) gimbal_ypr=(7.1,38.1,3.4)deg world_ypr=(7.1,38.1,3.4)deg
[2026-07-21 01:48:40.342] [autoaim] [debug] [Outpost][OBS_ASSOC] seq=1331 state=2 dt=0.0039s world=(2.563,0.115,-0.759) yaw=6.8deg rho=0.381 radial_res=+0.106 raw_ang=-165.7deg pred=(74.2,-165.8,-45.8)deg err=(+120.2,+0.2,-119.8)deg chosen=1 changed=0 corrected=-165.7deg residual=+0.0deg z=(-0.665,-0.778,-0.624) seen=(1,1,1)
[2026-07-21 01:48:40.373] [autoaim] [debug] [Outpost][OBS_INPUT] seq=1541 candidates=1 confidence=0.999 image=(677.3,640.7) image_dist=132.7 camera=(-0.099,0.148,2.442) gimbal=(2.554,0.133,-0.756) world=(2.554,0.133,-0.756) gimbal_ypr=(3.8,1.3,0.7)deg world_ypr=(3.8,1.3,0.7)deg
[2026-07-21 01:48:40.377] [autoaim] [debug] [Outpost][SELECT_PHASE] current_angle=1.241 target_v_yaw=-2.513 normalized_omega=-2.513 prediction_dt=0.248 future_angle=0.617 current_plate=1 selected_plate=1 candidate_phase=2.711 candidate_z=-0.778
[2026-07-21 01:48:40.404] [autoaim] [debug] [Outpost][OBS_ASSOC] seq=1341 state=2 dt=0.0152s world=(2.601,0.159,-0.773) yaw=5.4deg rho=0.335 radial_res=+0.060 raw_ang=-171.5deg pred=(67.8,-172.2,-52.2)deg err=(+120.7,+0.7,-119.3)deg chosen=1 changed=0 corrected=-171.5deg residual=+0.0deg z=(-0.665,-0.778,-0.624) seen=(1,1,1)
[2026-07-21 01:48:40.422] [autoaim] [debug] [Outpost][OBS_INPUT] seq=1551 candidates=1 confidence=1.000 image=(650.6,641.2) image_dist=149.6 camera=(-0.138,0.152,2.497) gimbal=(2.606,0.173,-0.775) world=(2.606,0.173,-0.775) gimbal_ypr=(4.5,3.0,-0.1)deg world_ypr=(4.5,3.0,-0.1)deg
[2026-07-21 01:48:40.486] [autoaim] [debug] [Outpost][SELECT_PHASE] current_angle=0.999 target_v_yaw=-2.513 normalized_omega=-2.513 prediction_dt=0.243 future_angle=0.387 current_plate=1 selected_plate=1 candidate_phase=2.481 candidate_z=-0.778
[2026-07-21 01:48:40.613] [autoaim] [debug] [Outpost][SELECT_PHASE] current_angle=0.686 target_v_yaw=-2.513 normalized_omega=-2.513 prediction_dt=0.236 future_angle=0.092 current_plate=1 selected_plate=1 candidate_phase=2.186 candidate_z=-0.778
[2026-07-21 01:48:40.731] [autoaim] [debug] [Outpost][SELECT_PHASE] current_angle=0.383 target_v_yaw=-2.513 normalized_omega=-2.513 prediction_dt=0.231 future_angle=-0.197 current_plate=1 selected_plate=1 candidate_phase=1.898 candidate_z=-0.778
[2026-07-21 01:48:40.795] [autoaim] [debug] [Outpost][SELECT] mode=ROTATING selected=2 observed=1 changed=true fresh=false unseen=0.349s phase=0.0deg model_ok=false fire=false diff=35.6deg cmd=(0.72,-7.86)
[2026-07-21 01:48:40.807] [autoaim] [debug] [Outpost][SWITCH_COMMIT] t=30665.730 from=1 phase_best=2 height_plate=0 tracked_err=+157.3deg new_phase_err=+37.3deg jump=105.2deg z=-0.686 z_err=0.020 margin=0.041 z_confident=1
[2026-07-21 01:48:40.807] [autoaim] [debug] [Outpost][OBS_ASSOC] seq=1351 state=2 dt=0.3614s world=(3.040,-0.120,-0.686) yaw=43.8deg rho=0.347 radial_res=+0.072 raw_ang=-71.8deg pred=(11.0,131.0,-109.0)deg err=(-82.7,+157.3,+37.3)deg chosen=2 changed=1 corrected=-71.8deg residual=+0.0deg z=(-0.665,-0.778,-0.624) seen=(1,1,1)
[2026-07-21 01:48:40.807] [autoaim] [debug] [Outpost][SELECT] mode=ROTATING selected=2 observed=2 changed=false fresh=true unseen=0.000s phase=0.0deg model_ok=true fire=false diff=69.5deg cmd=(-1.14,-6.95)
[2026-07-21 01:48:40.835] [autoaim] [debug] [Outpost][OBS_INPUT] seq=1561 candidates=1 confidence=0.989 image=(844.7,495.1) image_dist=100.0 camera=(0.144,-0.054,2.775) gimbal=(2.933,-0.103,-0.653) world=(2.933,-0.103,-0.653) gimbal_ypr=(41.7,7.8,20.6)deg world_ypr=(41.7,7.8,20.6)deg
[2026-07-21 01:48:40.835] [autoaim] [debug] [Outpost][SELECT_PHASE] current_angle=0.527 target_v_yaw=-2.513 normalized_omega=-2.513 prediction_dt=0.233 future_angle=-0.059 current_plate=2 selected_plate=2 candidate_phase=-2.154 candidate_z=-0.624
[2026-07-21 01:48:40.864] [autoaim] [debug] [Outpost][OBS_ASSOC] seq=1361 state=2 dt=0.0043s world=(2.885,-0.088,-0.637) yaw=38.1deg rho=0.300 radial_res=+0.025 raw_ang=-99.0deg pred=(32.2,152.2,-87.8)deg err=(-131.2,+108.8,-11.2)deg chosen=2 changed=0 corrected=-99.0deg residual=+0.0deg z=(-0.665,-0.778,-0.624) seen=(1,1,1)
[2026-07-21 01:48:40.883] [autoaim] [debug] [Outpost][OBS_INPUT] seq=1571 candidates=1 confidence=0.997 image=(828.4,491.1) image_dist=86.8 camera=(0.116,-0.059,2.719) gimbal=(2.880,-0.077,-0.633) world=(2.880,-0.077,-0.633) gimbal_ypr=(34.3,7.6,17.1)deg world_ypr=(34.3,7.6,17.1)deg
[2026-07-21 01:48:40.914] [autoaim] [debug] [Outpost][OBS_ASSOC] seq=1371 state=2 dt=0.0065s world=(2.843,-0.060,-0.620) yaw=31.8deg rho=0.284 radial_res=+0.009 raw_ang=-108.3deg pred=(12.1,132.1,-107.9)deg err=(-120.4,+119.6,-0.4)deg chosen=2 changed=0 corrected=-108.3deg residual=+0.0deg z=(-0.665,-0.778,-0.624) seen=(1,1,1)
[2026-07-21 01:48:40.939] [autoaim] [debug] [Outpost][OBS_INPUT] seq=1581 candidates=1 confidence=0.999 image=(806.6,487.1) image_dist=70.4 camera=(0.083,-0.064,2.683) gimbal=(2.847,-0.044,-0.618) world=(2.847,-0.044,-0.618) gimbal_ypr=(25.9,11.5,14.1)deg world_ypr=(25.9,11.5,14.1)deg
[2026-07-21 01:48:40.939] [autoaim] [debug] [Outpost][SELECT_PHASE] current_angle=0.198 target_v_yaw=-2.513 normalized_omega=-2.513 prediction_dt=0.228 future_angle=-0.374 current_plate=2 selected_plate=2 candidate_phase=-2.469 candidate_z=-0.624
[2026-07-21 01:48:40.975] [autoaim] [debug] [Outpost][OBS_ASSOC] seq=1381 state=2 dt=0.0119s world=(2.824,-0.026,-0.610) yaw=21.6deg rho=0.258 radial_res=-0.017 raw_ang=-114.7deg pred=(1.2,121.2,-118.8)deg err=(-115.9,+124.1,+4.1)deg chosen=2 changed=0 corrected=-114.7deg residual=+0.0deg z=(-0.665,-0.778,-0.624) seen=(1,1,1)
[2026-07-21 01:48:41.008] [autoaim] [debug] [Outpost][OBS_INPUT] seq=1591 candidates=1 confidence=0.999 image=(778.5,483.1) image_dist=54.7 camera=(0.040,-0.069,2.643) gimbal=(2.808,-0.002,-0.602) world=(2.808,-0.002,-0.602) gimbal_ypr=(15.8,16.6,9.9)deg world_ypr=(15.8,16.6,9.9)deg
[2026-07-21 01:48:41.015] [autoaim] [debug] [Outpost][IMU] raw_deg=(0.00,0.00,0.00) solver_rad=(0.0000,-0.0000,0.0000)
[2026-07-21 01:48:41.024] [autoaim] [debug] [Outpost][OBS_ASSOC] seq=1391 state=2 dt=0.0044s world=(2.782,0.012,-0.595) yaw=167.4deg rho=0.247 radial_res=-0.028 raw_ang=-127.3deg pred=(-6.9,113.1,-126.9)deg err=(-120.4,+119.6,-0.4)deg chosen=2 changed=0 corrected=-127.3deg residual=+0.0deg z=(-0.665,-0.778,-0.624) seen=(1,1,1)
[2026-07-21 01:48:41.056] [autoaim] [debug] [Outpost][OBS_INPUT] seq=1601 candidates=1 confidence=0.994 image=(753.9,480.6) image_dist=49.9 camera=(0.004,-0.070,2.581) gimbal=(2.749,0.034,-0.584) world=(2.749,0.034,-0.584) gimbal_ypr=(173.2,171.2,-177.6)deg world_ypr=(173.2,171.2,-177.6)deg
[2026-07-21 01:48:41.057] [autoaim] [debug] [Outpost][SELECT_PHASE] current_angle=-0.284 target_v_yaw=-2.513 normalized_omega=-2.513 prediction_dt=0.224 future_angle=-0.848 current_plate=2 selected_plate=2 candidate_phase=-2.942 candidate_z=-0.624
[2026-07-21 01:48:41.080] [autoaim] [debug] [Outpost][GEOM_OK] state=2 rho=0.298 res=+0.023 yaw_radial=161.4deg model_center=(2.932,0.209) center_minus=(2.414,-0.018) center_plus=(2.948,0.115)
[2026-07-21 01:48:41.084] [autoaim] [debug] [Outpost][OBS_ASSOC] seq=1401 state=2 dt=0.0041s world=(2.681,0.051,-0.566) yaw=14.0deg rho=0.297 radial_res=+0.022 raw_ang=-147.9deg pred=(-28.0,92.0,-148.0)deg err=(-119.9,+120.1,+0.1)deg chosen=2 changed=0 corrected=-147.9deg residual=+0.0deg z=(-0.665,-0.778,-0.624) seen=(1,1,1)
[2026-07-21 01:48:41.114] [autoaim] [debug] [Outpost][OBS_INPUT] seq=1611 candidates=1 confidence=0.999 image=(726.2,479.1) image_dist=57.1 camera=(-0.034,-0.071,2.515) gimbal=(2.685,0.071,-0.565) world=(2.685,0.071,-0.565) gimbal_ypr=(174.9,-176.3,-179.3)deg world_ypr=(174.9,-176.3,-179.3)deg
[2026-07-21 01:48:41.133] [autoaim] [debug] [Outpost][OBS_ASSOC] seq=1411 state=2 dt=0.0042s world=(2.663,0.084,-0.560) yaw=175.9deg rho=0.296 radial_res=+0.021 raw_ang=-155.1deg pred=(-35.2,84.8,-155.2)deg err=(-119.9,+120.1,+0.1)deg chosen=2 changed=0 corrected=-155.1deg residual=+0.0deg z=(-0.665,-0.778,-0.624) seen=(1,1,1)
[2026-07-21 01:48:41.160] [autoaim] [debug] [Outpost][OBS_INPUT] seq=1621 candidates=1 confidence=0.999 image=(701.7,478.1) image_dist=71.9 camera=(-0.068,-0.072,2.505) gimbal=(2.675,0.104,-0.562) world=(2.675,0.104,-0.562) gimbal_ypr=(4.9,30.0,1.6)deg world_ypr=(4.9,30.0,1.6)deg
[2026-07-21 01:48:41.161] [autoaim] [debug] [Outpost][SELECT_PHASE] current_angle=-0.660 target_v_yaw=-2.513 normalized_omega=-2.513 prediction_dt=0.254 future_angle=-1.299 current_plate=2 selected_plate=2 candidate_phase=-3.394 candidate_z=-0.624
[2026-07-21 01:48:41.193] [autoaim] [debug] [Outpost][OBS_ASSOC] seq=1421 state=2 dt=0.0032s world=(2.674,0.127,-0.562) yaw=0.4deg rho=0.270 radial_res=-0.005 raw_ang=-162.4deg pred=(-42.2,77.8,-162.2)deg err=(-120.2,+119.8,-0.2)deg chosen=2 changed=0 corrected=-162.4deg residual=+0.0deg z=(-0.665,-0.778,-0.624) seen=(1,1,1)
[2026-07-21 01:48:41.225] [autoaim] [debug] [Outpost][OBS_INPUT] seq=1631 candidates=1 confidence=0.997 image=(668.8,478.2) image_dist=97.4 camera=(-0.113,-0.072,2.502) gimbal=(2.671,0.149,-0.561) world=(2.671,0.149,-0.561) gimbal_ypr=(176.0,153.0,177.3)deg world_ypr=(176.0,153.0,177.3)deg
[2026-07-21 01:48:41.258] [autoaim] [debug] [Outpost][OBS_ASSOC] seq=1431 state=2 dt=0.0042s world=(2.751,0.178,-0.582) yaw=3.1deg rho=0.183 radial_res=-0.092 raw_ang=-170.1deg pred=(-50.1,69.9,-170.1)deg err=(-120.0,+120.0,-0.0)deg chosen=2 changed=0 corrected=-170.1deg residual=+0.0deg z=(-0.665,-0.778,-0.624) seen=(1,1,1)
[2026-07-21 01:48:41.293] [autoaim] [debug] [Outpost][SELECT_PHASE] current_angle=-0.975 target_v_yaw=-2.513 normalized_omega=-2.513 prediction_dt=0.248 future_angle=-1.599 current_plate=2 selected_plate=2 candidate_phase=-3.694 candidate_z=-0.624
[2026-07-21 01:48:41.374] [autoaim] [debug] [Outpost][SELECT] mode=ROTATING selected=2 observed=2 changed=false fresh=true unseen=0.101s phase=0.0deg model_ok=true fire=false diff=-47.1deg cmd=(8.55,-7.63)
[2026-07-21 01:48:41.401] [autoaim] [debug] [Outpost][SELECT_PHASE] current_angle=-1.257 target_v_yaw=-2.513 normalized_omega=-2.513 prediction_dt=0.241 future_angle=-1.862 current_plate=2 selected_plate=2 candidate_phase=-3.956 candidate_z=-0.624
[2026-07-21 01:48:41.509] [autoaim] [debug] [Outpost][SELECT_PHASE] current_angle=-1.529 target_v_yaw=-2.513 normalized_omega=-2.513 prediction_dt=0.235 future_angle=-2.119 current_plate=2 selected_plate=2 candidate_phase=-4.213 candidate_z=-0.624
[2026-07-21 01:48:41.582] [autoaim] [debug] [Outpost][OBS_INPUT] seq=1641 candidates=1 confidence=1.000 image=(869.7,575.3) image_dist=126.9 camera=(0.179,0.067,2.739) gimbal=(2.866,-0.140,-0.760) world=(2.866,-0.140,-0.760) gimbal_ypr=(55.3,0.4,25.9)deg world_ypr=(55.3,0.4,25.9)deg
[2026-07-21 01:48:41.582] [autoaim] [debug] [Outpost][SWITCH_COMMIT] t=30666.504 from=2 phase_best=0 height_plate=1 tracked_err=+117.4deg new_phase_err=-2.6deg jump=72.9deg z=-0.760 z_err=0.018 margin=0.076 z_confident=1
[2026-07-21 01:48:41.582] [autoaim] [debug] [Outpost][OBS_ASSOC] seq=1436 state=2 dt=0.3091s world=(2.866,-0.140,-0.760) yaw=55.3deg rho=0.355 radial_res=+0.080 raw_ang=-100.6deg pred=(-98.0,22.0,142.0)deg err=(-2.6,-122.6,+117.4)deg chosen=0 changed=1 corrected=-100.6deg residual=+0.0deg z=(-0.665,-0.778,-0.624) seen=(1,1,1)
[2026-07-21 01:48:41.598] [autoaim] [debug] [Outpost][SELECT] mode=ROTATING selected=0 observed=0 changed=true fresh=true unseen=0.000s phase=0.0deg model_ok=true fire=false diff=31.9deg cmd=(1.02,-8.99)
[2026-07-21 01:48:41.614] [autoaim] [debug] [Outpost][IDENTITY_LOCK] t=30666.536 tracked=0 phase_best=0 height_candidate=1 tracked_err=-0.7deg new_phase_err=-0.7deg jump=1.3deg z=-0.737 z_err=0.041 margin=0.030
[2026-07-21 01:48:41.614] [autoaim] [debug] [Outpost][OBS_ASSOC] seq=1441 state=2 dt=0.0038s world=(2.807,-0.126,-0.737) yaw=52.1deg rho=0.358 radial_res=+0.083 raw_ang=-110.5deg pred=(-109.8,10.2,130.2)deg err=(-0.7,-120.7,+119.3)deg chosen=0 changed=0 corrected=-110.5deg residual=+0.0deg z=(-0.665,-0.778,-0.624) seen=(1,1,1)
[2026-07-21 01:48:41.622] [autoaim] [debug] [Outpost][SELECT_PHASE] current_angle=-1.943 target_v_yaw=-2.513 normalized_omega=-2.513 prediction_dt=0.228 future_angle=-2.517 current_plate=0 selected_plate=0 candidate_phase=-2.517 candidate_z=-0.665
[2026-07-21 01:48:41.654] [autoaim] [debug] [Outpost][OBS_INPUT] seq=1651 candidates=1 confidence=0.976 image=(851.4,569.2) image_dist=107.5 camera=(0.146,0.056,2.635) gimbal=(2.769,-0.108,-0.720) world=(2.769,-0.108,-0.720) gimbal_ypr=(46.6,5.1,22.5)deg world_ypr=(46.6,5.1,22.5)deg
[2026-07-21 01:48:41.690] [autoaim] [debug] [Outpost][OBS_ASSOC] seq=1451 state=2 dt=0.0040s world=(2.752,-0.092,-0.711) yaw=42.0deg rho=0.350 radial_res=+0.075 raw_ang=-120.9deg pred=(-125.0,-5.0,115.0)deg err=(+4.1,-115.9,+124.1)deg chosen=0 changed=0 corrected=-120.9deg residual=+0.0deg z=(-0.665,-0.778,-0.624) seen=(1,1,1)
[2026-07-21 01:48:41.721] [autoaim] [debug] [Outpost][OBS_INPUT] seq=1661 candidates=1 confidence=0.706 image=(830.7,564.2) image_dist=86.5 camera=(0.114,0.048,2.589) gimbal=(2.726,-0.077,-0.701) world=(2.726,-0.077,-0.701) gimbal_ypr=(37.7,5.1,19.0)deg world_ypr=(37.7,5.1,19.0)deg
[2026-07-21 01:48:41.738] [autoaim] [debug] [Outpost][OBS_ASSOC] seq=1461 state=2 dt=0.0041s world=(2.734,-0.067,-0.701) yaw=35.2deg rho=0.339 radial_res=+0.064 raw_ang=-125.6deg pred=(-130.7,-10.7,109.3)deg err=(+5.1,-114.9,+125.1)deg chosen=0 changed=0 corrected=-125.6deg residual=+0.0deg z=(-0.665,-0.778,-0.624) seen=(1,1,1)
[2026-07-21 01:48:41.739] [autoaim] [debug] [Outpost][SELECT_PHASE] current_angle=-2.193 target_v_yaw=-2.513 normalized_omega=-2.513 prediction_dt=0.226 future_angle=-2.760 current_plate=0 selected_plate=0 candidate_phase=-2.760 candidate_z=-0.665
[2026-07-21 01:48:41.767] [autoaim] [debug] [Outpost][OBS_INPUT] seq=1671 candidates=1 confidence=0.997 image=(812.4,561.0) image_dist=68.5 camera=(0.087,0.043,2.567) gimbal=(2.706,-0.050,-0.689) world=(2.706,-0.050,-0.689) gimbal_ypr=(32.7,10.1,16.5)deg world_ypr=(32.7,10.1,16.5)deg
[2026-07-21 01:48:41.800] [autoaim] [debug] [Outpost][OBS_ASSOC] seq=1471 state=2 dt=0.0029s world=(2.708,-0.032,-0.688) yaw=27.1deg rho=0.328 radial_res=+0.053 raw_ang=-132.9deg pred=(-132.7,-12.7,107.3)deg err=(-0.2,-120.2,+119.8)deg chosen=0 changed=0 corrected=-132.9deg residual=+0.0deg z=(-0.665,-0.778,-0.624) seen=(1,1,1)
[2026-07-21 01:48:41.831] [autoaim] [debug] [Outpost][OBS_INPUT] seq=1681 candidates=1 confidence=1.000 image=(785.1,557.4) image_dist=43.4 camera=(0.048,0.038,2.542) gimbal=(2.682,-0.012,-0.677) world=(2.682,-0.012,-0.677) gimbal_ypr=(23.1,11.4,12.4)deg world_ypr=(23.1,11.4,12.4)deg
[2026-07-21 01:48:41.864] [autoaim] [debug] [Outpost][OBS_ASSOC] seq=1481 state=2 dt=0.0163s world=(2.685,0.009,-0.677) yaw=18.4deg rho=0.317 radial_res=+0.042 raw_ang=-141.0deg pred=(-143.2,-23.2,96.8)deg err=(+2.2,-117.8,+122.2)deg chosen=0 changed=0 corrected=-141.0deg residual=+0.0deg z=(-0.665,-0.778,-0.624) seen=(1,1,1)
[2026-07-21 01:48:41.865] [autoaim] [debug] [Outpost][SELECT_PHASE] current_angle=-2.462 target_v_yaw=-2.513 normalized_omega=-2.513 prediction_dt=0.263 future_angle=-3.122 current_plate=0 selected_plate=0 candidate_phase=-3.122 candidate_z=-0.665
[2026-07-21 01:48:41.883] [autoaim] [debug] [Outpost][OBS_INPUT] seq=1691 candidates=1 confidence=0.998 image=(760.9,555.3) image_dist=26.7 camera=(0.014,0.035,2.541) gimbal=(2.682,0.022,-0.674) world=(2.682,0.022,-0.674) gimbal_ypr=(15.6,16.7,9.3)deg world_ypr=(15.6,16.7,9.3)deg
[2026-07-21 01:48:41.921] [autoaim] [debug] [Outpost][OBS_ASSOC] seq=1491 state=2 dt=0.0039s world=(2.687,0.044,-0.675) yaw=5.7deg rho=0.295 radial_res=+0.020 raw_ang=-146.1deg pred=(-147.0,-27.0,93.0)deg err=(+0.9,-119.1,+120.9)deg chosen=0 changed=0 corrected=-146.1deg residual=+0.0deg z=(-0.665,-0.778,-0.624) seen=(1,1,1)
[2026-07-21 01:48:41.951] [autoaim] [debug] [Outpost][OBS_INPUT] seq=1701 candidates=1 confidence=1.000 image=(727.3,553.0) image_dist=32.8 camera=(-0.033,0.031,2.495) gimbal=(2.638,0.068,-0.659) world=(2.638,0.068,-0.659) gimbal_ypr=(178.8,176.1,-177.9)deg world_ypr=(178.8,176.1,-177.9)deg
[2026-07-21 01:48:41.956] [autoaim] [debug] [Outpost][SELECT] mode=ROTATING selected=0 observed=0 changed=false fresh=true unseen=0.000s phase=0.0deg model_ok=true fire=false diff=-16.3deg cmd=(5.87,-9.05)
[2026-07-21 01:48:41.984] [autoaim] [debug] [Outpost][GEOM_OK] state=2 rho=0.340 res=+0.065 yaw_radial=-26.3deg model_center=(2.932,0.209) center_minus=(2.886,0.062) center_plus=(2.339,0.118)
[2026-07-21 01:48:41.988] [autoaim] [debug] [Outpost][OBS_ASSOC] seq=1501 state=2 dt=0.0039s world=(2.613,0.093,-0.650) yaw=174.2deg rho=0.340 radial_res=+0.065 raw_ang=-160.0deg pred=(-160.1,-40.1,79.9)deg err=(+0.1,-119.9,+120.1)deg chosen=0 changed=0 corrected=-160.0deg residual=+0.0deg z=(-0.665,-0.778,-0.624) seen=(1,1,1)
[2026-07-21 01:48:41.988] [autoaim] [debug] [Outpost][SELECT_PHASE] current_angle=-2.793 target_v_yaw=-2.513 normalized_omega=-2.513 prediction_dt=0.256 future_angle=-3.436 current_plate=0 selected_plate=0 candidate_phase=-3.436 candidate_z=-0.665
[2026-07-21 01:48:42.016] [autoaim] [debug] [Outpost][OBS_INPUT] seq=1711 candidates=1 confidence=1.000 image=(694.2,552.1) image_dist=60.8 camera=(-0.077,0.029,2.470) gimbal=(2.613,0.113,-0.650) world=(2.613,0.113,-0.650) gimbal_ypr=(177.3,176.1,-179.9)deg world_ypr=(177.3,176.1,-179.9)deg
[2026-07-21 01:48:42.056] [autoaim] [debug] [Outpost][OBS_ASSOC] seq=1511 state=2 dt=0.0040s world=(2.631,0.142,-0.656) yaw=178.4deg rho=0.308 radial_res=+0.033 raw_ang=-167.4deg pred=(-168.0,-48.0,72.0)deg err=(+0.5,-119.5,+120.5)deg chosen=0 changed=0 corrected=-167.4deg residual=+0.0deg z=(-0.665,-0.778,-0.624) seen=(1,1,1)
[2026-07-21 01:48:42.084] [autoaim] [debug] [Outpost][OBS_INPUT] seq=1721 candidates=1 confidence=0.995 image=(659.2,552.4) image_dist=94.4 camera=(-0.128,0.031,2.524) gimbal=(2.664,0.164,-0.666) world=(2.664,0.164,-0.666) gimbal_ypr=(178.4,149.5,178.0)deg world_ypr=(178.4,149.5,178.0)deg
[2026-07-21 01:48:42.115] [autoaim] [debug] [Outpost][OBS_ASSOC] seq=1521 state=2 dt=0.0120s world=(2.682,0.185,-0.671) yaw=176.5deg rho=0.252 radial_res=-0.023 raw_ang=-174.5deg pred=(-174.8,-54.8,65.2)deg err=(+0.4,-119.6,+120.4)deg chosen=0 changed=0 corrected=-174.5deg residual=+0.0deg z=(-0.665,-0.778,-0.624) seen=(1,1,1)
[2026-07-21 01:48:42.116] [autoaim] [debug] [Outpost][SELECT_PHASE] current_angle=-3.045 target_v_yaw=-2.513 normalized_omega=-2.513 prediction_dt=0.248 future_angle=-3.669 current_plate=0 selected_plate=0 candidate_phase=-3.669 candidate_z=-0.665
[2026-07-21 01:48:42.171] [autoaim] [debug] [Outpost][IMU] raw_deg=(0.00,0.00,0.00) solver_rad=(0.0000,-0.0000,0.0000)
[2026-07-21 01:48:42.210] [autoaim] [debug] [Outpost][SELECT_PHASE] current_angle=2.990 target_v_yaw=-2.513 normalized_omega=-2.513 prediction_dt=0.244 future_angle=2.376 current_plate=0 selected_plate=0 candidate_phase=2.376 candidate_z=-0.665
[2026-07-21 01:48:42.316] [autoaim] [debug] [Outpost][SELECT_PHASE] current_angle=2.718 target_v_yaw=-2.513 normalized_omega=-2.513 prediction_dt=0.239 future_angle=2.119 current_plate=0 selected_plate=0 candidate_phase=2.119 candidate_z=-0.665
[2026-07-21 01:48:42.441] [autoaim] [debug] [Outpost][SELECT_PHASE] current_angle=2.405 target_v_yaw=-2.513 normalized_omega=-2.513 prediction_dt=0.233 future_angle=1.820 current_plate=0 selected_plate=0 candidate_phase=1.820 candidate_z=-0.665
[2026-07-21 01:48:42.476] [autoaim] [debug] [Outpost][SELECT] mode=ROTATING selected=1 observed=0 changed=true fresh=false unseen=0.349s phase=0.0deg model_ok=false fire=false diff=35.6deg cmd=(0.72,-11.22)
[2026-07-21 01:48:42.518] [autoaim] [debug] [Outpost][SWITCH_COMMIT] t=30667.440 from=0 phase_best=1 height_plate=1 tracked_err=+125.1deg new_phase_err=+5.1deg jump=68.4deg z=-0.871 z_err=0.093 margin=0.113 z_confident=0
[2026-07-21 01:48:42.518] [autoaim] [debug] [Outpost][OBS_ASSOC] seq=1525 state=2 dt=0.3935s world=(2.827,-0.111,-0.871) yaw=41.8deg rho=0.337 radial_res=+0.062 raw_ang=-108.1deg pred=(126.8,-113.2,6.8)deg err=(+125.1,+5.1,-114.9)deg chosen=1 changed=1 corrected=-108.1deg residual=+0.0deg z=(-0.665,-0.778,-0.624) seen=(1,1,1)
[2026-07-21 01:48:42.522] [autoaim] [debug] [Outpost][OBS_INPUT] seq=1731 candidates=1 confidence=0.997 image=(848.5,654.0) image_dist=157.4 camera=(0.149,0.187,2.756) gimbal=(2.849,-0.109,-0.880) world=(2.849,-0.109,-0.880) gimbal_ypr=(41.0,7.4,21.2)deg world_ypr=(41.0,7.4,21.2)deg
[2026-07-21 01:48:42.548] [autoaim] [debug] [Outpost][SELECT] mode=ROTATING selected=1 observed=1 changed=false fresh=true unseen=0.000s phase=0.0deg model_ok=true fire=false diff=28.0deg cmd=(1.45,-11.41)
[2026-07-21 01:48:42.554] [autoaim] [debug] [Outpost][OBS_ASSOC] seq=1531 state=2 dt=0.0029s world=(2.819,-0.094,-0.865) yaw=37.5deg rho=0.323 radial_res=+0.048 raw_ang=-110.5deg pred=(123.4,-116.6,3.4)deg err=(+126.1,+6.1,-113.9)deg chosen=1 changed=0 corrected=-110.5deg residual=+0.0deg z=(-0.665,-0.778,-0.624) seen=(1,1,1)
[2026-07-21 01:48:42.559] [autoaim] [debug] [Outpost][SELECT_PHASE] current_angle=2.045 target_v_yaw=-2.513 normalized_omega=-2.513 prediction_dt=0.229 future_angle=1.470 current_plate=1 selected_plate=1 candidate_phase=3.564 candidate_z=-0.778
[2026-07-21 01:48:42.579] [autoaim] [debug] [Outpost][OBS_INPUT] seq=1741 candidates=1 confidence=1.000 image=(828.3,650.5) image_dist=142.8 camera=(0.115,0.178,2.697) gimbal=(2.795,-0.077,-0.855) world=(2.795,-0.077,-0.855) gimbal_ypr=(33.0,10.8,18.0)deg world_ypr=(33.0,10.8,18.0)deg
[2026-07-21 01:48:42.598] [autoaim] [debug] [Outpost][OBS_ASSOC] seq=1541 state=2 dt=0.0039s world=(2.702,-0.063,-0.820) yaw=32.2deg rho=0.356 radial_res=+0.081 raw_ang=-130.2deg pred=(109.6,-130.4,-10.4)deg err=(+120.3,+0.3,-119.7)deg chosen=1 changed=0 corrected=-130.2deg residual=+0.0deg z=(-0.665,-0.778,-0.624) seen=(1,1,1)
[2026-07-21 01:48:42.626] [autoaim] [debug] [Outpost][OBS_INPUT] seq=1751 candidates=1 confidence=1.000 image=(808.7,647.6) image_dist=130.6 camera=(0.084,0.169,2.629) gimbal=(2.731,-0.047,-0.828) world=(2.731,-0.047,-0.828) gimbal_ypr=(26.4,10.5,14.6)deg world_ypr=(26.4,10.5,14.6)deg
[2026-07-21 01:48:42.662] [autoaim] [debug] [Outpost][OBS_ASSOC] seq=1551 state=2 dt=0.0041s world=(2.710,-0.024,-0.818) yaw=21.3deg rho=0.321 radial_res=+0.046 raw_ang=-133.6deg pred=(100.0,-140.0,-20.0)deg err=(+126.4,+6.4,-113.6)deg chosen=1 changed=0 corrected=-133.6deg residual=+0.0deg z=(-0.665,-0.778,-0.624) seen=(1,1,1)
[2026-07-21 01:48:42.667] [autoaim] [debug] [Outpost][SELECT_PHASE] current_angle=1.781 target_v_yaw=-2.513 normalized_omega=-2.513 prediction_dt=0.228 future_angle=1.209 current_plate=1 selected_plate=1 candidate_phase=3.303 candidate_z=-0.778
[2026-07-21 01:48:42.694] [autoaim] [debug] [Outpost][OBS_INPUT] seq=1761 candidates=1 confidence=0.999 image=(777.8,644.5) image_dist=117.2 camera=(0.039,0.163,2.601) gimbal=(2.705,-0.002,-0.814) world=(2.705,-0.002,-0.814) gimbal_ypr=(13.7,11.5,9.0)deg world_ypr=(13.7,11.5,9.0)deg
[2026-07-21 01:48:42.723] [autoaim] [debug] [Outpost][OBS_ASSOC] seq=1561 state=2 dt=0.0035s world=(2.656,0.017,-0.795) yaw=11.6deg rho=0.336 radial_res=+0.061 raw_ang=-145.3deg pred=(97.7,-142.3,-22.3)deg err=(+117.1,-2.9,-122.9)deg chosen=1 changed=0 corrected=-145.3deg residual=+0.0deg z=(-0.665,-0.778,-0.624) seen=(1,1,1)
[2026-07-21 01:48:42.750] [autoaim] [debug] [Outpost][OBS_INPUT] seq=1771 candidates=1 confidence=0.999 image=(754.3,642.9) image_dist=112.5 camera=(0.005,0.156,2.530) gimbal=(2.638,0.031,-0.788) world=(2.638,0.031,-0.788) gimbal_ypr=(10.6,31.3,7.0)deg world_ypr=(10.6,31.3,7.0)deg
[2026-07-21 01:48:42.778] [autoaim] [debug] [Outpost][OBS_ASSOC] seq=1571 state=2 dt=0.0036s world=(2.596,0.056,-0.772) yaw=1.8deg rho=0.369 radial_res=+0.094 raw_ang=-155.5deg pred=(84.9,-155.1,-35.1)deg err=(+119.6,-0.4,-120.4)deg chosen=1 changed=0 corrected=-155.5deg residual=+0.0deg z=(-0.665,-0.778,-0.624) seen=(1,1,1)
[2026-07-21 01:48:42.783] [autoaim] [debug] [Outpost][SELECT_PHASE] current_angle=1.459 target_v_yaw=-2.513 normalized_omega=-2.513 prediction_dt=0.254 future_angle=0.820 current_plate=1 selected_plate=1 candidate_phase=2.914 candidate_z=-0.778
[2026-07-21 01:48:42.807] [autoaim] [debug] [Outpost][OBS_INPUT] seq=1781 candidates=1 confidence=0.999 image=(720.9,641.1) image_dist=114.7 camera=(-0.041,0.150,2.468) gimbal=(2.579,0.076,-0.766) world=(2.579,0.076,-0.766) gimbal_ypr=(178.8,176.2,-178.6)deg world_ypr=(178.8,176.2,-178.6)deg
[2026-07-21 01:48:42.837] [autoaim] [debug] [Outpost][OBS_ASSOC] seq=1581 state=2 dt=0.0120s world=(2.573,0.096,-0.763) yaw=7.2deg rho=0.376 radial_res=+0.101 raw_ang=-162.5deg pred=(76.3,-163.7,-43.7)deg err=(+121.2,+1.2,-118.8)deg chosen=1 changed=0 corrected=-162.5deg residual=+0.0deg z=(-0.665,-0.778,-0.624) seen=(1,1,1)
[2026-07-21 01:48:42.855] [autoaim] [debug] [Outpost][OBS_INPUT] seq=1791 candidates=1 confidence=1.000 image=(695.2,640.9) image_dist=123.8 camera=(-0.075,0.148,2.438) gimbal=(2.551,0.110,-0.755) world=(2.551,0.110,-0.755) gimbal_ypr=(6.6,37.3,2.9)deg world_ypr=(6.6,37.3,2.9)deg
[2026-07-21 01:48:42.888] [autoaim] [debug] [Outpost][OBS_ASSOC] seq=1591 state=2 dt=0.0039s world=(2.566,0.134,-0.761) yaw=2.8deg rho=0.374 radial_res=+0.099 raw_ang=-168.4deg pred=(72.3,-167.7,-47.7)deg err=(+119.3,-0.7,-120.7)deg chosen=1 changed=0 corrected=-168.4deg residual=+0.0deg z=(-0.665,-0.778,-0.624) seen=(1,1,1)
[2026-07-21 01:48:42.892] [autoaim] [debug] [Outpost][SELECT_PHASE] current_angle=1.242 target_v_yaw=-2.513 normalized_omega=-2.513 prediction_dt=0.248 future_angle=0.618 current_plate=1 selected_plate=1 candidate_phase=2.713 candidate_z=-0.778
[2026-07-21 01:48:42.919] [autoaim] [debug] [Outpost][OBS_INPUT] seq=1801 candidates=1 confidence=0.995 image=(660.9,641.0) image_dist=142.7 camera=(-0.123,0.150,2.478) gimbal=(2.588,0.158,-0.768) world=(2.588,0.158,-0.768) gimbal_ypr=(10.9,34.1,3.0)deg world_ypr=(10.9,34.1,3.0)deg
[2026-07-21 01:48:42.949] [autoaim] [debug] [Outpost][GEOM_OK] state=2 rho=0.313 res=+0.038 yaw_radial=179.2deg model_center=(2.932,0.209) center_minus=(2.346,0.159) center_plus=(2.895,0.202)
[2026-07-21 01:48:42.951] [autoaim] [debug] [Outpost][OBS_ASSOC] seq=1601 state=2 dt=0.0036s world=(2.634,0.184,-0.785) yaw=4.5deg rho=0.299 radial_res=+0.024 raw_ang=-175.3deg pred=(64.7,-175.3,-55.3)deg err=(+120.0,-0.0,-120.0)deg chosen=1 changed=0 corrected=-175.3deg residual=+0.0deg z=(-0.665,-0.778,-0.624) seen=(1,1,1)
[2026-07-21 01:48:43.015] [autoaim] [debug] [Outpost][SELECT_PHASE] current_angle=0.967 target_v_yaw=-2.513 normalized_omega=-2.513 prediction_dt=0.243 future_angle=0.358 current_plate=1 selected_plate=1 candidate_phase=2.452 candidate_z=-0.778
[2026-07-21 01:48:43.104] [autoaim] [debug] [Outpost][SELECT] mode=ROTATING selected=1 observed=1 changed=false fresh=true unseen=0.141s phase=0.0deg model_ok=true fire=false diff=-55.7deg cmd=(9.01,-10.73)
[2026-07-21 01:48:43.133] [autoaim] [debug] [Outpost][SELECT_PHASE] current_angle=0.675 target_v_yaw=-2.513 normalized_omega=-2.513 prediction_dt=0.236 future_angle=0.082 current_plate=1 selected_plate=1 candidate_phase=2.176 candidate_z=-0.778
[2026-07-21 01:48:43.240] [autoaim] [debug] [Outpost][SELECT_PHASE] current_angle=0.403 target_v_yaw=-2.513 normalized_omega=-2.513 prediction_dt=0.231 future_angle=-0.178 current_plate=1 selected_plate=1 candidate_phase=1.917 candidate_z=-0.778
[2026-07-21 01:48:43.307] [autoaim] [debug] [Outpost][IMU] raw_deg=(0.00,0.00,0.00) solver_rad=(0.0000,-0.0000,0.0000)
[2026-07-21 01:48:43.308] [autoaim] [debug] [Outpost][SELECT] mode=ROTATING selected=2 observed=1 changed=true fresh=false unseen=0.345s phase=0.0deg model_ok=false fire=false diff=36.1deg cmd=(0.67,-7.85)
[2026-07-21 01:48:43.324] [autoaim] [debug] [Outpost][SWITCH_COMMIT] t=30668.247 from=1 phase_best=2 height_plate=0 tracked_err=+158.6deg new_phase_err=+38.6deg jump=106.6deg z=-0.688 z_err=0.023 margin=0.041 z_confident=1
[2026-07-21 01:48:43.324] [autoaim] [debug] [Outpost][OBS_ASSOC] seq=1605 state=2 dt=0.3615s world=(3.049,-0.122,-0.688) yaw=43.3deg rho=0.351 radial_res=+0.076 raw_ang=-70.5deg pred=(10.9,130.9,-109.1)deg err=(-81.4,+158.6,+38.6)deg chosen=2 changed=1 corrected=-70.5deg residual=+0.0deg z=(-0.665,-0.778,-0.624) seen=(1,1,1)
[2026-07-21 01:48:43.328] [autoaim] [debug] [Outpost][OBS_INPUT] seq=1811 candidates=1 confidence=0.999 image=(852.2,497.9) image_dist=106.2 camera=(0.162,-0.052,2.905) gimbal=(3.058,-0.120,-0.690) world=(3.058,-0.120,-0.690) gimbal_ypr=(43.3,7.5,22.5)deg world_ypr=(43.3,7.5,22.5)deg
[2026-07-21 01:48:43.348] [autoaim] [debug] [Outpost][SELECT_PHASE] current_angle=0.729 target_v_yaw=-2.513 normalized_omega=-2.513 prediction_dt=0.237 future_angle=0.132 current_plate=2 selected_plate=2 candidate_phase=-1.962 candidate_z=-0.624
[2026-07-21 01:48:43.356] [autoaim] [debug] [Outpost][OBS_ASSOC] seq=1611 state=2 dt=0.0040s world=(2.948,-0.103,-0.657) yaw=41.5deg rho=0.312 radial_res=+0.037 raw_ang=-87.1deg pred=(28.2,148.2,-91.8)deg err=(-115.2,+124.8,+4.8)deg chosen=2 changed=0 corrected=-87.1deg residual=+0.0deg z=(-0.665,-0.778,-0.624) seen=(1,1,1)
[2026-07-21 01:48:43.388] [autoaim] [debug] [Outpost][OBS_INPUT] seq=1821 candidates=1 confidence=0.999 image=(834.7,492.6) image_dist=91.8 camera=(0.127,-0.056,2.737) gimbal=(2.897,-0.087,-0.640) world=(2.897,-0.087,-0.640) gimbal_ypr=(37.6,9.9,18.8)deg world_ypr=(37.6,9.9,18.8)deg
[2026-07-21 01:48:43.423] [autoaim] [debug] [Outpost][OBS_ASSOC] seq=1621 state=2 dt=0.0057s world=(2.843,-0.066,-0.621) yaw=33.3deg rho=0.289 radial_res=+0.014 raw_ang=-107.9deg pred=(11.4,131.4,-108.6)deg err=(-119.3,+120.7,+0.7)deg chosen=2 changed=0 corrected=-107.9deg residual=+0.0deg z=(-0.665,-0.778,-0.624) seen=(1,1,1)
[2026-07-21 01:48:43.455] [autoaim] [debug] [Outpost][OBS_INPUT] seq=1831 candidates=1 confidence=0.999 image=(808.8,487.4) image_dist=72.1 camera=(0.085,-0.062,2.643) gimbal=(2.808,-0.046,-0.609) world=(2.808,-0.046,-0.609) gimbal_ypr=(28.5,10.4,14.8)deg world_ypr=(28.5,10.4,14.8)deg
[2026-07-21 01:48:43.461] [autoaim] [debug] [Outpost][SELECT_PHASE] current_angle=0.227 target_v_yaw=-2.513 normalized_omega=-2.513 prediction_dt=0.228 future_angle=-0.346 current_plate=2 selected_plate=2 candidate_phase=-2.441 candidate_z=-0.624
[2026-07-21 01:48:43.486] [autoaim] [debug] [Outpost][OBS_ASSOC] seq=1631 state=2 dt=0.0161s world=(2.781,-0.026,-0.599) yaw=24.5deg rho=0.280 radial_res=+0.005 raw_ang=-122.8deg pred=(7.9,127.9,-112.1)deg err=(-130.7,+109.3,-10.7)deg chosen=2 changed=0 corrected=-122.8deg residual=+0.0deg z=(-0.665,-0.778,-0.624) seen=(1,1,1)
[2026-07-21 01:48:43.505] [autoaim] [debug] [Outpost][OBS_INPUT] seq=1841 candidates=1 confidence=0.999 image=(786.3,483.9) image_dist=58.4 camera=(0.052,-0.068,2.654) gimbal=(2.819,-0.013,-0.607) world=(2.819,-0.013,-0.607) gimbal_ypr=(17.6,11.4,10.4)deg world_ypr=(17.6,11.4,10.4)deg
[2026-07-21 01:48:43.537] [autoaim] [debug] [Outpost][OBS_ASSOC] seq=1641 state=2 dt=0.0041s world=(2.800,0.009,-0.600) yaw=167.5deg rho=0.240 radial_res=-0.035 raw_ang=-123.4deg pred=(-4.0,116.0,-124.0)deg err=(-119.5,+120.5,+0.5)deg chosen=2 changed=0 corrected=-123.4deg residual=+0.0deg z=(-0.665,-0.778,-0.624) seen=(1,1,1)
[2026-07-21 01:48:43.570] [autoaim] [debug] [Outpost][OBS_INPUT] seq=1851 candidates=1 confidence=0.999 image=(756.1,481.0) image_dist=49.7 camera=(0.007,-0.070,2.593) gimbal=(2.761,0.031,-0.587) world=(2.761,0.031,-0.587) gimbal_ypr=(174.6,163.1,-177.2)deg world_ypr=(174.6,163.1,-177.2)deg
[2026-07-21 01:48:43.577] [autoaim] [debug] [Outpost][SELECT_PHASE] current_angle=-0.258 target_v_yaw=-2.513 normalized_omega=-2.513 prediction_dt=0.224 future_angle=-0.821 current_plate=2 selected_plate=2 candidate_phase=-2.916 candidate_z=-0.624
[2026-07-21 01:48:43.597] [autoaim] [debug] [Outpost][OBS_ASSOC] seq=1651 state=2 dt=0.0030s world=(2.685,0.049,-0.567) yaw=170.4deg rho=0.294 radial_res=+0.019 raw_ang=-147.1deg pred=(-21.2,98.8,-141.2)deg err=(-125.9,+114.1,-5.9)deg chosen=2 changed=0 corrected=-147.1deg residual=+0.0deg z=(-0.665,-0.778,-0.624) seen=(1,1,1)
[2026-07-21 01:48:43.635] [autoaim] [debug] [Outpost][OBS_INPUT] seq=1861 candidates=1 confidence=0.970 image=(724.4,478.9) image_dist=58.0 camera=(-0.036,-0.071,2.504) gimbal=(2.674,0.073,-0.563) world=(2.674,0.073,-0.563) gimbal_ypr=(9.1,29.9,3.9)deg world_ypr=(9.1,29.9,3.9)deg
[2026-07-21 01:48:43.668] [autoaim] [debug] [Outpost][OBS_ASSOC] seq=1661 state=2 dt=0.0163s world=(2.670,0.095,-0.561) yaw=7.1deg rho=0.285 radial_res=+0.010 raw_ang=-156.5deg pred=(-36.6,83.4,-156.6)deg err=(-119.9,+120.1,+0.1)deg chosen=2 changed=0 corrected=-156.5deg residual=+0.0deg z=(-0.665,-0.778,-0.624) seen=(1,1,1)
[2026-07-21 01:48:43.685] [autoaim] [debug] [Outpost][OBS_INPUT] seq=1871 candidates=1 confidence=1.000 image=(698.3,478.3) image_dist=74.2 camera=(-0.073,-0.072,2.506) gimbal=(2.676,0.109,-0.562) world=(2.676,0.109,-0.562) gimbal_ypr=(3.7,32.6,1.0)deg world_ypr=(3.7,32.6,1.0)deg
[2026-07-21 01:48:43.686] [autoaim] [debug] [Outpost][SELECT] mode=ROTATING selected=2 observed=2 changed=false fresh=true unseen=0.000s phase=0.0deg model_ok=true fire=false diff=-19.5deg cmd=(6.15,-8.15)
[2026-07-21 01:48:43.702] [autoaim] [debug] [Outpost][SELECT_PHASE] current_angle=-0.713 target_v_yaw=-2.513 normalized_omega=-2.513 prediction_dt=0.253 future_angle=-1.349 current_plate=2 selected_plate=2 candidate_phase=-3.444 candidate_z=-0.624
[2026-07-21 01:48:43.714] [autoaim] [debug] [Outpost][OBS_ASSOC] seq=1671 state=2 dt=0.0040s world=(2.674,0.128,-0.562) yaw=0.5deg rho=0.270 radial_res=-0.005 raw_ang=-162.7deg pred=(-42.7,77.3,-162.7)deg err=(-120.0,+120.0,+0.0)deg chosen=2 changed=0 corrected=-162.7deg residual=+0.0deg z=(-0.665,-0.778,-0.624) seen=(1,1,1)
[2026-07-21 01:48:43.749] [autoaim] [debug] [Outpost][OBS_INPUT] seq=1881 candidates=1 confidence=0.999 image=(668.4,478.4) image_dist=97.7 camera=(-0.115,-0.072,2.533) gimbal=(2.702,0.152,-0.569) world=(2.702,0.152,-0.569) gimbal_ypr=(2.9,4.9,-1.0)deg world_ypr=(2.9,4.9,-1.0)deg
[2026-07-21 01:48:43.791] [autoaim] [debug] [Outpost][OBS_ASSOC] seq=1681 state=2 dt=0.0053s world=(2.724,0.182,-0.576) yaw=173.2deg rho=0.210 radial_res=-0.065 raw_ang=-172.5deg pred=(-51.7,68.3,-171.7)deg err=(-120.8,+119.2,-0.8)deg chosen=2 changed=0 corrected=-172.5deg residual=+0.0deg z=(-0.665,-0.778,-0.624) seen=(1,1,1)
[2026-07-21 01:48:43.855] [autoaim] [debug] [Outpost][SELECT_PHASE] current_angle=-1.087 target_v_yaw=-2.513 normalized_omega=-2.513 prediction_dt=0.244 future_angle=-1.701 current_plate=2 selected_plate=2 candidate_phase=-3.795 candidate_z=-0.624
[2026-07-21 01:48:43.971] [autoaim] [debug] [Outpost][SELECT_PHASE] current_angle=-1.377 target_v_yaw=-2.513 normalized_omega=-2.513 prediction_dt=0.238 future_angle=-1.975 current_plate=2 selected_plate=2 candidate_phase=-4.070 candidate_z=-0.624
[2026-07-21 01:48:44.095] [autoaim] [debug] [Outpost][SELECT_PHASE] current_angle=-1.690 target_v_yaw=-2.513 normalized_omega=-2.513 prediction_dt=0.232 future_angle=-2.273 current_plate=2 selected_plate=2 candidate_phase=-4.367 candidate_z=-0.624
[2026-07-21 01:48:44.099] [autoaim] [debug] [Outpost][SWITCH_COMMIT] t=30669.022 from=2 phase_best=0 height_plate=1 tracked_err=+112.1deg new_phase_err=-7.9deg jump=67.2deg z=-0.751 z_err=0.027 margin=0.059 z_confident=1
[2026-07-21 01:48:44.099] [autoaim] [debug] [Outpost][OBS_ASSOC] seq=1682 state=2 dt=0.3118s world=(2.836,-0.139,-0.751) yaw=56.1deg rho=0.361 radial_res=+0.086 raw_ang=-105.3deg pred=(-97.4,22.6,142.6)deg err=(-7.9,-127.9,+112.1)deg chosen=0 changed=1 corrected=-105.3deg residual=+0.0deg z=(-0.665,-0.778,-0.624) seen=(1,1,1)
[2026-07-21 01:48:44.108] [autoaim] [debug] [Outpost][SELECT] mode=ROTATING selected=0 observed=0 changed=true fresh=true unseen=0.000s phase=0.0deg model_ok=true fire=false diff=26.3deg cmd=(1.53,-9.09)
[2026-07-21 01:48:44.132] [autoaim] [debug] [Outpost][OBS_INPUT] seq=1891 candidates=1 confidence=0.877 image=(862.8,572.6) image_dist=119.5 camera=(0.165,0.062,2.673) gimbal=(2.804,-0.127,-0.737) world=(2.804,-0.127,-0.737) gimbal_ypr=(52.1,2.8,24.8)deg world_ypr=(52.1,2.8,24.8)deg
[2026-07-21 01:48:44.164] [autoaim] [debug] [Outpost][OBS_ASSOC] seq=1691 state=2 dt=0.0162s world=(2.784,-0.114,-0.726) yaw=47.6deg rho=0.355 radial_res=+0.080 raw_ang=-114.6deg pred=(-114.1,5.9,125.9)deg err=(-0.5,-120.5,+119.5)deg chosen=0 changed=0 corrected=-114.6deg residual=+0.0deg z=(-0.665,-0.778,-0.624) seen=(1,1,1)
[2026-07-21 01:48:44.184] [autoaim] [debug] [Outpost][OBS_INPUT] seq=1901 candidates=1 confidence=0.830 image=(848.8,568.5) image_dist=104.9 camera=(0.143,0.055,2.644) gimbal=(2.778,-0.105,-0.722) world=(2.778,-0.105,-0.722) gimbal_ypr=(45.1,4.9,21.6)deg world_ypr=(45.1,4.9,21.6)deg
[2026-07-21 01:48:44.208] [autoaim] [debug] [Outpost][GEOM_OK] state=2 rho=0.336 res=+0.061 yaw_radial=157.1deg model_center=(2.932,0.209) center_minus=(2.582,-0.277) center_plus=(2.993,0.088)
[2026-07-21 01:48:44.208] [autoaim] [debug] [Outpost][SELECT_PHASE] current_angle=-2.015 target_v_yaw=-2.513 normalized_omega=-2.513 prediction_dt=0.227 future_angle=-2.587 current_plate=0 selected_plate=0 candidate_phase=-2.587 candidate_z=-0.665
[2026-07-21 01:48:44.212] [autoaim] [debug] [Outpost][OBS_ASSOC] seq=1701 state=2 dt=0.0040s world=(2.752,-0.091,-0.711) yaw=41.4deg rho=0.350 radial_res=+0.075 raw_ang=-120.8deg pred=(-116.0,4.0,124.0)deg err=(-4.8,-124.8,+115.2)deg chosen=0 changed=0 corrected=-120.8deg residual=+0.0deg z=(-0.665,-0.778,-0.624) seen=(1,1,1)
[2026-07-21 01:48:44.240] [autoaim] [debug] [Outpost][OBS_INPUT] seq=1911 candidates=1 confidence=0.999 image=(830.6,564.5) image_dist=86.5 camera=(0.114,0.048,2.581) gimbal=(2.718,-0.077,-0.698) world=(2.718,-0.077,-0.698) gimbal_ypr=(38.0,5.3,18.9)deg world_ypr=(38.0,5.3,18.9)deg
[2026-07-21 01:48:44.271] [autoaim] [debug] [Outpost][OBS_ASSOC] seq=1711 state=2 dt=0.0120s world=(2.705,-0.062,-0.691) yaw=35.1deg rho=0.353 radial_res=+0.078 raw_ang=-130.0deg pred=(-131.9,-11.9,108.1)deg err=(+1.9,-118.1,+121.9)deg chosen=0 changed=0 corrected=-130.0deg residual=+0.0deg z=(-0.665,-0.778,-0.624) seen=(1,1,1)
[2026-07-21 01:48:44.288] [autoaim] [debug] [Outpost][OBS_INPUT] seq=1921 candidates=1 confidence=0.964 image=(812.2,561.0) image_dist=68.4 camera=(0.088,0.043,2.585) gimbal=(2.723,-0.050,-0.695) world=(2.723,-0.050,-0.695) gimbal_ypr=(31.7,10.0,15.9)deg world_ypr=(31.7,10.0,15.9)deg
[2026-07-21 01:48:44.314] [autoaim] [debug] [Outpost][SELECT] mode=ROTATING selected=0 observed=0 changed=false fresh=true unseen=0.000s phase=0.0deg model_ok=true fire=false diff=13.3deg cmd=(2.86,-8.99)
[2026-07-21 01:48:44.316] [autoaim] [debug] [Outpost][SELECT_PHASE] current_angle=-2.269 target_v_yaw=-2.513 normalized_omega=-2.513 prediction_dt=0.225 future_angle=-2.835 current_plate=0 selected_plate=0 candidate_phase=-2.835 candidate_z=-0.665
[2026-07-21 01:48:44.320] [autoaim] [debug] [Outpost][OBS_ASSOC] seq=1721 state=2 dt=0.0042s world=(2.707,-0.031,-0.687) yaw=27.2deg rho=0.329 radial_res=+0.054 raw_ang=-133.2deg pred=(-130.6,-10.6,109.4)deg err=(-2.6,-122.6,+117.4)deg chosen=0 changed=0 corrected=-133.2deg residual=+0.0deg z=(-0.665,-0.778,-0.624) seen=(1,1,1)
[2026-07-21 01:48:44.357] [autoaim] [debug] [Outpost][OBS_INPUT] seq=1931 candidates=1 confidence=1.000 image=(782.2,557.3) image_dist=41.1 camera=(0.043,0.038,2.561) gimbal=(2.701,-0.007,-0.683) world=(2.701,-0.007,-0.683) gimbal_ypr=(157.9,158.3,179.7)deg world_ypr=(157.9,158.3,179.7)deg
[2026-07-21 01:48:44.388] [autoaim] [debug] [Outpost][OBS_ASSOC] seq=1731 state=2 dt=0.0041s world=(2.689,0.014,-0.677) yaw=16.0deg rho=0.311 radial_res=+0.036 raw_ang=-141.2deg pred=(-142.1,-22.1,97.9)deg err=(+0.9,-119.1,+120.9)deg chosen=0 changed=0 corrected=-141.2deg residual=+0.0deg z=(-0.665,-0.778,-0.624) seen=(1,1,1)
[2026-07-21 01:48:44.418] [autoaim] [debug] [Outpost][OBS_INPUT] seq=1941 candidates=1 confidence=0.998 image=(753.3,554.6) image_dist=24.3 camera=(0.003,0.034,2.547) gimbal=(2.688,0.033,-0.675) world=(2.688,0.033,-0.675) gimbal_ypr=(12.1,19.4,7.7)deg world_ypr=(12.1,19.4,7.7)deg
[2026-07-21 01:48:44.429] [autoaim] [debug] [Outpost][SELECT_PHASE] current_angle=-2.547 target_v_yaw=-2.513 normalized_omega=-2.513 prediction_dt=0.261 future_angle=-3.203 current_plate=0 selected_plate=0 candidate_phase=-3.203 candidate_z=-0.665
[2026-07-21 01:48:44.436] [autoaim] [debug] [Outpost][OBS_ASSOC] seq=1741 state=2 dt=0.0041s world=(2.659,0.047,-0.666) yaw=172.0deg rho=0.317 radial_res=+0.042 raw_ang=-149.4deg pred=(-148.0,-28.0,92.0)deg err=(-1.3,-121.3,+118.7)deg chosen=0 changed=0 corrected=-149.4deg residual=+0.0deg z=(-0.665,-0.778,-0.624) seen=(1,1,1)
[2026-07-21 01:48:44.468] [autoaim] [debug] [Outpost][OBS_INPUT] seq=1951 candidates=1 confidence=0.996 image=(727.3,553.1) image_dist=32.9 camera=(-0.033,0.031,2.497) gimbal=(2.640,0.069,-0.659) world=(2.640,0.069,-0.659) gimbal_ypr=(178.7,176.2,-177.9)deg world_ypr=(178.7,176.2,-177.9)deg
[2026-07-21 01:48:44.497] [autoaim] [debug] [Outpost][OBS_ASSOC] seq=1751 state=2 dt=0.0042s world=(2.613,0.087,-0.650) yaw=174.0deg rho=0.341 radial_res=+0.066 raw_ang=-159.1deg pred=(-158.5,-38.5,81.5)deg err=(-0.6,-120.6,+119.4)deg chosen=0 changed=0 corrected=-159.1deg residual=+0.0deg z=(-0.665,-0.778,-0.624) seen=(1,1,1)
[2026-07-21 01:48:44.500] [autoaim] [debug] [Outpost][IMU] raw_deg=(0.00,0.00,0.00) solver_rad=(0.0000,-0.0000,0.0000)
[2026-07-21 01:48:44.527] [autoaim] [debug] [Outpost][OBS_INPUT] seq=1961 candidates=1 confidence=0.999 image=(698.9,552.3) image_dist=56.5 camera=(-0.071,0.030,2.488) gimbal=(2.631,0.107,-0.655) world=(2.631,0.107,-0.655) gimbal_ypr=(178.9,177.7,-179.7)deg world_ypr=(178.9,177.7,-179.7)deg
[2026-07-21 01:48:44.537] [autoaim] [debug] [Outpost][SELECT_PHASE] current_angle=-2.850 target_v_yaw=-2.513 normalized_omega=-2.513 prediction_dt=0.255 future_angle=-3.489 current_plate=0 selected_plate=0 candidate_phase=-3.489 candidate_z=-0.665
[2026-07-21 01:48:44.545] [autoaim] [debug] [Outpost][OBS_ASSOC] seq=1761 state=2 dt=0.0039s world=(2.621,0.121,-0.653) yaw=179.9deg rho=0.324 radial_res=+0.049 raw_ang=-164.2deg pred=(-164.3,-44.3,75.7)deg err=(+0.1,-119.9,+120.1)deg chosen=0 changed=0 corrected=-164.2deg residual=+0.0deg z=(-0.665,-0.778,-0.624) seen=(1,1,1)
[2026-07-21 01:48:44.573] [autoaim] [debug] [Outpost][OBS_INPUT] seq=1971 candidates=1 confidence=0.999 image=(674.7,552.2) image_dist=79.4 camera=(-0.105,0.030,2.506) gimbal=(2.648,0.141,-0.660) world=(2.648,0.141,-0.660) gimbal_ypr=(1.9,28.9,-0.0)deg world_ypr=(1.9,28.9,-0.0)deg
[2026-07-21 01:48:44.605] [autoaim] [debug] [Outpost][OBS_ASSOC] seq=1771 state=2 dt=0.0038s world=(2.659,0.164,-0.664) yaw=2.1deg rho=0.276 radial_res=+0.001 raw_ang=-170.6deg pred=(-171.0,-51.0,69.0)deg err=(+0.4,-119.6,+120.4)deg chosen=0 changed=0 corrected=-170.6deg residual=+0.0deg z=(-0.665,-0.778,-0.624) seen=(1,1,1)
[2026-07-21 01:48:44.635] [autoaim] [debug] [Outpost][OBS_INPUT] seq=1981 candidates=1 confidence=1.000 image=(645.3,553.0) image_dist=108.2 camera=(-0.148,0.031,2.550) gimbal=(2.689,0.185,-0.674) world=(2.689,0.185,-0.674) gimbal_ypr=(179.9,168.8,177.5)deg world_ypr=(179.9,168.8,177.5)deg
[2026-07-21 01:48:44.645] [autoaim] [debug] [Outpost][SELECT_PHASE] current_angle=-3.077 target_v_yaw=-2.513 normalized_omega=-2.513 prediction_dt=0.248 future_angle=-3.701 current_plate=0 selected_plate=0 candidate_phase=-3.701 candidate_z=-0.665
[2026-07-21 01:48:44.758] [autoaim] [debug] [Outpost][SELECT_PHASE] current_angle=2.924 target_v_yaw=-2.513 normalized_omega=-2.513 prediction_dt=0.243 future_angle=2.314 current_plate=0 selected_plate=0 candidate_phase=2.314 candidate_z=-0.665
[2026-07-21 01:48:44.890] [autoaim] [debug] [Outpost][SELECT] mode=ROTATING selected=0 observed=0 changed=false fresh=false unseen=0.245s phase=0.0deg model_ok=false fire=false diff=-69.7deg cmd=(9.57,-7.97)
[2026-07-21 01:48:44.895] [autoaim] [debug] [Outpost][SELECT_PHASE] current_angle=2.578 target_v_yaw=-2.513 normalized_omega=-2.513 prediction_dt=0.236 future_angle=1.986 current_plate=0 selected_plate=0 candidate_phase=1.986 candidate_z=-0.665
[2026-07-21 01:48:44.997] [autoaim] [debug] [Outpost][SELECT] mode=ROTATING selected=1 observed=0 changed=true fresh=false unseen=0.349s phase=0.0deg model_ok=false fire=false diff=35.8deg cmd=(0.70,-11.22)
[2026-07-21 01:48:45.010] [autoaim] [debug] [Outpost][SELECT_PHASE] current_angle=2.288 target_v_yaw=-2.513 normalized_omega=-2.513 prediction_dt=0.231 future_angle=1.707 current_plate=0 selected_plate=1 candidate_phase=3.801 candidate_z=-0.778
[2026-07-21 01:48:45.039] [autoaim] [debug] [Outpost][SWITCH_COMMIT] t=30669.961 from=0 phase_best=1 height_plate=1 tracked_err=+119.0deg new_phase_err=-1.0deg jump=62.3deg z=-0.859 z_err=0.081 margin=0.113 z_confident=0
[2026-07-21 01:48:45.039] [autoaim] [debug] [Outpost][OBS_ASSOC] seq=1780 state=2 dt=0.3934s world=(2.790,-0.109,-0.859) yaw=42.7deg rho=0.348 radial_res=+0.073 raw_ang=-114.0deg pred=(127.1,-112.9,7.1)deg err=(+119.0,-1.0,-121.0)deg chosen=1 changed=1 corrected=-114.0deg residual=+0.0deg z=(-0.665,-0.778,-0.624) seen=(1,1,1)
[2026-07-21 01:48:45.043] [autoaim] [debug] [Outpost][OBS_ASSOC] seq=1781 state=2 dt=0.0041s world=(2.849,-0.110,-0.880) yaw=41.1deg rho=0.329 radial_res=+0.054 raw_ang=-104.6deg pred=(125.4,-114.6,5.4)deg err=(+130.0,+10.0,-110.0)deg chosen=1 changed=0 corrected=-104.6deg residual=+0.0deg z=(-0.665,-0.778,-0.624) seen=(1,1,1)
[2026-07-21 01:48:45.071] [autoaim] [debug] [Outpost][OBS_INPUT] seq=1991 candidates=1 confidence=0.998 image=(838.9,652.2) image_dist=150.2 camera=(0.130,0.179,2.677) gimbal=(2.775,-0.092,-0.850) world=(2.775,-0.092,-0.850) gimbal_ypr=(37.6,7.4,19.7)deg world_ypr=(37.6,7.4,19.7)deg
[2026-07-21 01:48:45.102] [autoaim] [debug] [Outpost][OBS_ASSOC] seq=1791 state=2 dt=0.0076s world=(2.757,-0.076,-0.842) yaw=34.5deg rho=0.334 radial_res=+0.059 raw_ang=-121.5deg pred=(116.6,-123.4,-3.4)deg err=(+121.9,+1.9,-118.1)deg chosen=1 changed=0 corrected=-121.5deg residual=+0.0deg z=(-0.665,-0.778,-0.624) seen=(1,1,1)
[2026-07-21 01:48:45.119] [autoaim] [debug] [Outpost][OBS_INPUT] seq=2001 candidates=1 confidence=0.999 image=(820.4,649.1) image_dist=137.4 camera=(0.100,0.170,2.601) gimbal=(2.705,-0.063,-0.821) world=(2.705,-0.063,-0.821) gimbal_ypr=(32.4,9.8,16.8)deg world_ypr=(32.4,9.8,16.8)deg
[2026-07-21 01:48:45.119] [autoaim] [debug] [Outpost][SELECT_PHASE] current_angle=1.922 target_v_yaw=-2.513 normalized_omega=-2.513 prediction_dt=0.228 future_angle=1.349 current_plate=1 selected_plate=1 candidate_phase=3.443 candidate_z=-0.778
[2026-07-21 01:48:45.143] [autoaim] [debug] [Outpost][GEOM_OK] state=2 rho=0.344 res=+0.069 yaw_radial=159.3deg model_center=(2.932,0.209) center_minus=(2.460,-0.177) center_plus=(2.947,0.079)
[2026-07-21 01:48:45.147] [autoaim] [debug] [Outpost][OBS_ASSOC] seq=1801 state=2 dt=0.0041s world=(2.709,-0.046,-0.820) yaw=27.0deg rho=0.339 radial_res=+0.064 raw_ang=-131.2deg pred=(107.9,-132.1,-12.1)deg err=(+120.9,+0.9,-119.1)deg chosen=1 changed=0 corrected=-131.2deg residual=+0.0deg z=(-0.665,-0.778,-0.624) seen=(1,1,1)
[2026-07-21 01:48:45.176] [autoaim] [debug] [Outpost][OBS_INPUT] seq=2011 candidates=1 confidence=0.997 image=(795.7,646.2) image_dist=124.1 camera=(0.065,0.166,2.612) gimbal=(2.715,-0.028,-0.820) world=(2.715,-0.028,-0.820) gimbal_ypr=(22.2,14.8,12.3)deg world_ypr=(22.2,14.8,12.3)deg
[2026-07-21 01:48:45.211] [autoaim] [debug] [Outpost][OBS_ASSOC] seq=1811 state=2 dt=0.0039s world=(2.702,-0.003,-0.813) yaw=13.4deg rho=0.313 radial_res=+0.038 raw_ang=-137.4deg pred=(98.7,-141.3,-21.3)deg err=(+123.9,+3.9,-116.1)deg chosen=1 changed=0 corrected=-137.4deg residual=+0.0deg z=(-0.665,-0.778,-0.624) seen=(1,1,1)
[2026-07-21 01:48:45.243] [autoaim] [debug] [Outpost][OBS_INPUT] seq=2021 candidates=1 confidence=1.000 image=(764.8,643.6) image_dist=114.0 camera=(0.020,0.157,2.523) gimbal=(2.631,0.016,-0.787) world=(2.631,0.016,-0.787) gimbal_ypr=(13.5,5.8,8.5)deg world_ypr=(13.5,5.8,8.5)deg
[2026-07-21 01:48:45.243] [autoaim] [debug] [Outpost][SELECT_PHASE] current_angle=1.617 target_v_yaw=-2.513 normalized_omega=-2.513 prediction_dt=0.257 future_angle=0.970 current_plate=1 selected_plate=1 candidate_phase=3.064 candidate_z=-0.778
[2026-07-21 01:48:45.267] [autoaim] [debug] [Outpost][OBS_ASSOC] seq=1821 state=2 dt=0.0040s world=(2.658,0.031,-0.795) yaw=178.3deg rho=0.326 radial_res=+0.051 raw_ang=-147.0deg pred=(93.3,-146.7,-26.7)deg err=(+119.7,-0.3,-120.3)deg chosen=1 changed=0 corrected=-147.0deg residual=+0.0deg z=(-0.665,-0.778,-0.624) seen=(1,1,1)
[2026-07-21 01:48:45.299] [autoaim] [debug] [Outpost][OBS_INPUT] seq=2031 candidates=1 confidence=0.999 image=(734.2,641.9) image_dist=112.7 camera=(-0.023,0.152,2.487) gimbal=(2.598,0.058,-0.773) world=(2.598,0.058,-0.773) gimbal_ypr=(7.2,32.8,4.9)deg world_ypr=(7.2,32.8,4.9)deg
[2026-07-21 01:48:45.328] [autoaim] [debug] [Outpost][OBS_ASSOC] seq=1831 state=2 dt=0.0041s world=(2.579,0.077,-0.766) yaw=9.0deg rho=0.377 radial_res=+0.102 raw_ang=-159.6deg pred=(79.9,-160.1,-40.1)deg err=(+120.6,+0.6,-119.4)deg chosen=1 changed=0 corrected=-159.6deg residual=+0.0deg z=(-0.665,-0.778,-0.624) seen=(1,1,1)
[2026-07-21 01:48:45.360] [autoaim] [debug] [Outpost][OBS_INPUT] seq=2041 candidates=1 confidence=1.000 image=(703.0,641.1) image_dist=120.7 camera=(-0.065,0.149,2.449) gimbal=(2.561,0.100,-0.759) world=(2.561,0.100,-0.759) gimbal_ypr=(7.1,38.9,3.4)deg world_ypr=(7.1,38.9,3.4)deg
[2026-07-21 01:48:45.360] [autoaim] [debug] [Outpost][SELECT_PHASE] current_angle=1.334 target_v_yaw=-2.513 normalized_omega=-2.513 prediction_dt=0.248 future_angle=0.710 current_plate=1 selected_plate=1 candidate_phase=2.804 candidate_z=-0.778
[2026-07-21 01:48:45.395] [autoaim] [debug] [Outpost][OBS_ASSOC] seq=1841 state=2 dt=0.0162s world=(2.563,0.123,-0.759) yaw=7.1deg rho=0.379 radial_res=+0.104 raw_ang=-166.9deg pred=(72.5,-167.5,-47.5)deg err=(+120.7,+0.7,-119.3)deg chosen=1 changed=0 corrected=-166.9deg residual=+0.0deg z=(-0.665,-0.778,-0.624) seen=(1,1,1)
[2026-07-21 01:48:45.430] [autoaim] [debug] [Outpost][OBS_INPUT] seq=2051 candidates=1 confidence=0.997 image=(666.9,641.0) image_dist=138.9 camera=(-0.114,0.150,2.467) gimbal=(2.577,0.149,-0.765) world=(2.577,0.149,-0.765) gimbal_ypr=(4.2,3.2,0.8)deg world_ypr=(4.2,3.2,0.8)deg
[2026-07-21 01:48:45.461] [autoaim] [debug] [Outpost][OBS_ASSOC] seq=1851 state=2 dt=0.0161s world=(2.620,0.175,-0.780) yaw=8.2deg rho=0.314 radial_res=+0.039 raw_ang=-173.8deg pred=(65.7,-174.3,-54.3)deg err=(+120.5,+0.5,-119.5)deg chosen=1 changed=0 corrected=-173.8deg residual=+0.0deg z=(-0.665,-0.778,-0.624) seen=(1,1,1)
[2026-07-21 01:48:45.480] [autoaim] [debug] [Outpost][OBS_INPUT] seq=2061 candidates=1 confidence=0.971 image=(639.8,641.6) image_dist=157.3 camera=(-0.157,0.156,2.559) gimbal=(2.663,0.193,-0.796) world=(2.663,0.193,-0.796) gimbal_ypr=(5.5,2.1,-0.4)deg world_ypr=(5.5,2.1,-0.4)deg
[2026-07-21 01:48:45.480] [autoaim] [debug] [Outpost][SELECT_PHASE] current_angle=1.107 target_v_yaw=-2.513 normalized_omega=-2.513 prediction_dt=0.248 future_angle=0.483 current_plate=1 selected_plate=1 candidate_phase=2.577 candidate_z=-0.778
[2026-07-21 01:48:45.480] [autoaim] [debug] [Outpost][SELECT] mode=ROTATING selected=1 observed=1 changed=false fresh=true unseen=0.000s phase=0.0deg model_ok=true fire=false diff=-36.6deg cmd=(7.69,-11.20)
[2026-07-21 01:48:45.607] [autoaim] [debug] [Outpost][SELECT_PHASE] current_angle=0.794 target_v_yaw=-2.513 normalized_omega=-2.513 prediction_dt=0.239 future_angle=0.194 current_plate=1 selected_plate=1 candidate_phase=2.288 candidate_z=-0.778
[2026-07-21 01:48:45.674] [autoaim] [debug] [Outpost][IMU] raw_deg=(0.00,0.00,0.00) solver_rad=(0.0000,-0.0000,0.0000)
[2026-07-21 01:48:45.715] [autoaim] [debug] [Outpost][SELECT_PHASE] current_angle=0.521 target_v_yaw=-2.513 normalized_omega=-2.513 prediction_dt=0.233 future_angle=-0.065 current_plate=1 selected_plate=1 candidate_phase=2.030 candidate_z=-0.778
[2026-07-21 01:48:45.820] [autoaim] [debug] [Outpost][SELECT_PHASE] current_angle=0.259 target_v_yaw=-2.513 normalized_omega=-2.513 prediction_dt=0.229 future_angle=-0.316 current_plate=1 selected_plate=1 candidate_phase=1.778 candidate_z=-0.778
[2026-07-21 01:48:45.837] [autoaim] [debug] [Outpost][SELECT] mode=ROTATING selected=2 observed=1 changed=true fresh=false unseen=0.357s phase=0.0deg model_ok=false fire=false diff=34.9deg cmd=(0.77,-7.87)
[2026-07-21 01:48:45.842] [autoaim] [debug] [Outpost][SWITCH_COMMIT] t=30670.764 from=1 phase_best=2 height_plate=0 tracked_err=+158.9deg new_phase_err=+38.9deg jump=106.9deg z=-0.689 z_err=0.024 margin=0.041 z_confident=1
[2026-07-21 01:48:45.842] [autoaim] [debug] [Outpost][OBS_ASSOC] seq=1857 state=2 dt=0.3614s world=(3.055,-0.123,-0.689) yaw=43.7deg rho=0.354 radial_res=+0.079 raw_ang=-69.7deg pred=(11.4,131.4,-108.6)deg err=(-81.1,+158.9,+38.9)deg chosen=2 changed=1 corrected=-69.7deg residual=+0.0deg z=(-0.665,-0.778,-0.624) seen=(1,1,1)
[2026-07-21 01:48:45.866] [autoaim] [debug] [Outpost][OBS_ASSOC] seq=1861 state=2 dt=0.0037s world=(2.975,-0.108,-0.665) yaw=41.7deg rho=0.320 radial_res=+0.045 raw_ang=-82.2deg pred=(32.4,152.4,-87.6)deg err=(-114.6,+125.4,+5.4)deg chosen=2 changed=0 corrected=-82.2deg residual=+0.0deg z=(-0.665,-0.778,-0.624) seen=(1,1,1)
[2026-07-21 01:48:45.878] [autoaim] [debug] [Outpost][IDENTITY_LOCK] t=30670.801 tracked=2 phase_best=2 height_candidate=0 tracked_err=+5.0deg new_phase_err=+5.0deg jump=4.4deg z=-0.663 z_err=0.003 margin=0.036
[2026-07-21 01:48:45.898] [autoaim] [debug] [Outpost][OBS_INPUT] seq=2071 candidates=1 confidence=0.994 image=(836.2,492.9) image_dist=93.1 camera=(0.128,-0.055,2.716) gimbal=(2.877,-0.089,-0.635) world=(2.877,-0.089,-0.635) gimbal_ypr=(38.9,9.2,19.3)deg world_ypr=(38.9,9.2,19.3)deg
[2026-07-21 01:48:45.930] [autoaim] [debug] [Outpost][OBS_ASSOC] seq=1871 state=2 dt=0.0125s world=(2.893,-0.074,-0.635) yaw=33.6deg rho=0.286 radial_res=+0.011 raw_ang=-97.9deg pred=(18.9,138.9,-101.1)deg err=(-116.8,+123.2,+3.2)deg chosen=2 changed=0 corrected=-97.9deg residual=+0.0deg z=(-0.665,-0.778,-0.624) seen=(1,1,1)
[2026-07-21 01:48:45.930] [autoaim] [debug] [Outpost][SELECT_PHASE] current_angle=0.385 target_v_yaw=-2.513 normalized_omega=-2.513 prediction_dt=0.231 future_angle=-0.194 current_plate=2 selected_plate=2 candidate_phase=-2.289 candidate_z=-0.624
[2026-07-21 01:48:45.946] [autoaim] [debug] [Outpost][OBS_INPUT] seq=2081 candidates=1 confidence=0.999 image=(818.7,489.3) image_dist=79.2 camera=(0.101,-0.060,2.683) gimbal=(2.846,-0.062,-0.621) world=(2.846,-0.062,-0.621) gimbal_ypr=(31.6,10.5,16.4)deg world_ypr=(31.6,10.5,16.4)deg
[2026-07-21 01:48:45.974] [autoaim] [debug] [Outpost][OBS_ASSOC] seq=1881 state=2 dt=0.0041s world=(2.847,-0.045,-0.619) yaw=27.1deg rho=0.268 radial_res=-0.007 raw_ang=-108.4deg pred=(8.6,128.6,-111.4)deg err=(-117.0,+123.0,+3.0)deg chosen=2 changed=0 corrected=-108.4deg residual=+0.0deg z=(-0.665,-0.778,-0.624) seen=(1,1,1)
[2026-07-21 01:48:46.014] [autoaim] [debug] [Outpost][OBS_INPUT] seq=2091 candidates=1 confidence=0.998 image=(791.1,484.9) image_dist=60.6 camera=(0.058,-0.066,2.619) gimbal=(2.785,-0.020,-0.599) world=(2.785,-0.020,-0.599) gimbal_ypr=(22.7,13.3,11.8)deg world_ypr=(22.7,13.3,11.8)deg
[2026-07-21 01:48:46.051] [autoaim] [debug] [Outpost][OBS_ASSOC] seq=1891 state=2 dt=0.0018s world=(2.747,0.003,-0.587) yaw=18.7deg rho=0.277 radial_res=+0.002 raw_ang=-131.9deg pred=(-10.3,109.7,-130.3)deg err=(-121.6,+118.4,-1.6)deg chosen=2 changed=0 corrected=-131.9deg residual=+0.0deg z=(-0.665,-0.778,-0.624) seen=(1,1,1)
[2026-07-21 01:48:46.051] [autoaim] [debug] [Outpost][SELECT_PHASE] current_angle=-0.208 target_v_yaw=-2.513 normalized_omega=-2.513 prediction_dt=0.224 future_angle=-0.772 current_plate=2 selected_plate=2 candidate_phase=-2.866 candidate_z=-0.624
[2026-07-21 01:48:46.055] [autoaim] [debug] [Outpost][SELECT] mode=ROTATING selected=2 observed=2 changed=false fresh=true unseen=0.000s phase=0.0deg model_ok=true fire=false diff=21.8deg cmd=(1.96,-8.20)
[2026-07-21 01:48:46.086] [autoaim] [debug] [Outpost][OBS_INPUT] seq=2101 candidates=1 confidence=1.000 image=(758.6,481.1) image_dist=49.9 camera=(0.010,-0.070,2.587) gimbal=(2.755,0.027,-0.586) world=(2.755,0.027,-0.586) gimbal_ypr=(170.1,169.5,-178.3)deg world_ypr=(170.1,169.5,-178.3)deg
[2026-07-21 01:48:46.119] [autoaim] [debug] [Outpost][GEOM_OK] state=2 rho=0.259 res=-0.016 yaw_radial=142.9deg model_center=(2.932,0.209) center_minus=(2.454,0.043) center_plus=(3.004,0.054)
[2026-07-21 01:48:46.122] [autoaim] [debug] [Outpost][OBS_ASSOC] seq=1901 state=2 dt=0.0038s world=(2.709,0.051,-0.573) yaw=7.7deg rho=0.273 radial_res=-0.002 raw_ang=-144.6deg pred=(-22.2,97.8,-142.2)deg err=(-122.4,+117.6,-2.4)deg chosen=2 changed=0 corrected=-144.6deg residual=+0.0deg z=(-0.665,-0.778,-0.624) seen=(1,1,1)
[2026-07-21 01:48:46.151] [autoaim] [debug] [Outpost][OBS_INPUT] seq=2111 candidates=1 confidence=0.990 image=(727.0,479.0) image_dist=56.8 camera=(-0.033,-0.071,2.527) gimbal=(2.697,0.070,-0.569) world=(2.697,0.070,-0.569) gimbal_ypr=(8.5,30.5,4.7)deg world_ypr=(8.5,30.5,4.7)deg
[2026-07-21 01:48:46.182] [autoaim] [debug] [Outpost][OBS_ASSOC] seq=1911 state=2 dt=0.0073s world=(2.682,0.090,-0.564) yaw=7.2deg rho=0.277 radial_res=+0.002 raw_ang=-154.5deg pred=(-35.8,84.2,-155.8)deg err=(-118.7,+121.3,+1.3)deg chosen=2 changed=0 corrected=-154.5deg residual=+0.0deg z=(-0.665,-0.778,-0.624) seen=(1,1,1)
[2026-07-21 01:48:46.182] [autoaim] [debug] [Outpost][SELECT_PHASE] current_angle=-0.602 target_v_yaw=-2.513 normalized_omega=-2.513 prediction_dt=0.256 future_angle=-1.244 current_plate=2 selected_plate=2 candidate_phase=-3.339 candidate_z=-0.624
[2026-07-21 01:48:46.212] [autoaim] [debug] [Outpost][OBS_INPUT] seq=2121 candidates=1 confidence=0.999 image=(695.6,478.2) image_dist=76.1 camera=(-0.076,-0.072,2.506) gimbal=(2.676,0.113,-0.562) world=(2.676,0.113,-0.562) gimbal_ypr=(3.8,32.6,1.1)deg world_ypr=(3.8,32.6,1.1)deg
[2026-07-21 01:48:46.231] [autoaim] [debug] [Outpost][OBS_ASSOC] seq=1921 state=2 dt=0.0041s world=(2.662,0.127,-0.559) yaw=0.6deg rho=0.282 radial_res=+0.007 raw_ang=-163.1deg pred=(-42.4,77.6,-162.4)deg err=(-120.7,+119.3,-0.7)deg chosen=2 changed=0 corrected=-163.1deg residual=+0.0deg z=(-0.665,-0.778,-0.624) seen=(1,1,1)
[2026-07-21 01:48:46.260] [autoaim] [debug] [Outpost][OBS_INPUT] seq=2131 candidates=1 confidence=0.991 image=(670.3,478.1) image_dist=96.2 camera=(-0.112,-0.072,2.530) gimbal=(2.699,0.149,-0.568) world=(2.699,0.149,-0.568) gimbal_ypr=(4.7,4.3,-0.6)deg world_ypr=(4.7,4.3,-0.6)deg
[2026-07-21 01:48:46.287] [autoaim] [debug] [Outpost][OBS_ASSOC] seq=1931 state=2 dt=0.0028s world=(2.728,0.171,-0.576) yaw=8.3deg rho=0.208 radial_res=-0.067 raw_ang=-169.5deg pred=(-49.1,70.9,-169.1)deg err=(-120.4,+119.6,-0.4)deg chosen=2 changed=0 corrected=-169.5deg residual=+0.0deg z=(-0.665,-0.778,-0.624) seen=(1,1,1)
[2026-07-21 01:48:46.288] [autoaim] [debug] [Outpost][SELECT_PHASE] current_angle=-0.864 target_v_yaw=-2.513 normalized_omega=-2.513 prediction_dt=0.248 future_angle=-1.488 current_plate=2 selected_plate=2 candidate_phase=-3.582 candidate_z=-0.624
[2026-07-21 01:48:46.318] [autoaim] [debug] [Outpost][OBS_INPUT] seq=2141 candidates=1 confidence=0.998 image=(644.1,479.5) image_dist=118.5 camera=(-0.153,-0.073,2.607) gimbal=(2.772,0.191,-0.588) world=(2.772,0.191,-0.588) gimbal_ypr=(177.5,150.2,175.6)deg world_ypr=(177.5,150.2,175.6)deg
[2026-07-21 01:48:46.404] [autoaim] [debug] [Outpost][SELECT_PHASE] current_angle=-1.159 target_v_yaw=-2.513 normalized_omega=-2.513 prediction_dt=0.243 future_angle=-1.769 current_plate=2 selected_plate=2 candidate_phase=-3.864 candidate_z=-0.624
[2026-07-21 01:48:46.516] [autoaim] [debug] [Outpost][SELECT_PHASE] current_angle=-1.442 target_v_yaw=-2.513 normalized_omega=-2.513 prediction_dt=0.237 future_angle=-2.037 current_plate=2 selected_plate=2 candidate_phase=-4.131 candidate_z=-0.624
[2026-07-21 01:48:46.629] [autoaim] [debug] [Outpost][SWITCH_COMMIT] t=30671.551 from=2 phase_best=0 height_plate=1 tracked_err=+107.8deg new_phase_err=-12.2deg jump=62.7deg z=-0.738 z_err=0.040 margin=0.034 z_confident=1
[2026-07-21 01:48:46.629] [autoaim] [debug] [Outpost][OBS_ASSOC] seq=1937 state=2 dt=0.3132s world=(2.800,-0.134,-0.738) yaw=55.8deg rho=0.368 radial_res=+0.093 raw_ang=-111.1deg pred=(-98.8,21.2,141.2)deg err=(-12.2,-132.2,+107.8)deg chosen=0 changed=1 corrected=-111.1deg residual=+0.0deg z=(-0.665,-0.778,-0.624) seen=(1,1,1)
[2026-07-21 01:48:46.629] [autoaim] [debug] [Outpost][SELECT] mode=ROTATING selected=0 observed=0 changed=true fresh=true unseen=0.000s phase=0.0deg model_ok=true fire=false diff=31.9deg cmd=(1.03,-8.99)
[2026-07-21 01:48:46.644] [autoaim] [debug] [Outpost][SELECT_PHASE] current_angle=-1.934 target_v_yaw=-2.513 normalized_omega=-2.513 prediction_dt=0.228 future_angle=-2.508 current_plate=0 selected_plate=0 candidate_phase=-2.508 candidate_z=-0.665
[2026-07-21 01:48:46.648] [autoaim] [debug] [Outpost][OBS_ASSOC] seq=1941 state=2 dt=0.0021s world=(2.777,-0.126,-0.729) yaw=52.8deg rho=0.369 radial_res=+0.094 raw_ang=-114.8deg pred=(-113.2,6.8,126.8)deg err=(-1.5,-121.5,+118.5)deg chosen=0 changed=0 corrected=-114.8deg residual=+0.0deg z=(-0.665,-0.778,-0.624) seen=(1,1,1)
[2026-07-21 01:48:46.649] [autoaim] [debug] [Outpost][SELECT] mode=ROTATING selected=0 observed=0 changed=false fresh=true unseen=0.000s phase=0.0deg model_ok=true fire=false diff=28.3deg cmd=(1.35,-8.99)
[2026-07-21 01:48:46.692] [autoaim] [debug] [Outpost][OBS_INPUT] seq=2151 candidates=1 confidence=0.976 image=(852.6,569.5) image_dist=108.8 camera=(0.145,0.055,2.578) gimbal=(2.714,-0.108,-0.704) world=(2.714,-0.108,-0.704) gimbal_ypr=(47.8,3.6,22.6)deg world_ypr=(47.8,3.6,22.6)deg
[2026-07-21 01:48:46.709] [autoaim] [debug] [Outpost][OBS_ASSOC] seq=1951 state=2 dt=0.0043s world=(2.750,-0.100,-0.713) yaw=44.8deg rho=0.359 radial_res=+0.084 raw_ang=-120.5deg pred=(-120.1,-0.1,119.9)deg err=(-0.4,-120.4,+119.6)deg chosen=0 changed=0 corrected=-120.5deg residual=+0.0deg z=(-0.665,-0.778,-0.624) seen=(1,1,1)
[2026-07-21 01:48:46.741] [autoaim] [debug] [Outpost][OBS_INPUT] seq=2161 candidates=1 confidence=0.998 image=(836.0,565.2) image_dist=91.7 camera=(0.123,0.050,2.617) gimbal=(2.753,-0.085,-0.710) world=(2.753,-0.085,-0.710) gimbal_ypr=(39.5,5.5,19.7)deg world_ypr=(39.5,5.5,19.7)deg
[2026-07-21 01:48:46.761] [autoaim] [debug] [Outpost][SELECT_PHASE] current_angle=-2.128 target_v_yaw=-2.513 normalized_omega=-2.513 prediction_dt=0.226 future_angle=-2.697 current_plate=0 selected_plate=0 candidate_phase=-2.697 candidate_z=-0.665
[2026-07-21 01:48:46.769] [autoaim] [debug] [Outpost][OBS_ASSOC] seq=1961 state=2 dt=0.0037s world=(2.693,-0.069,-0.689) yaw=37.4deg rho=0.367 radial_res=+0.092 raw_ang=-130.7deg pred=(-122.8,-2.8,117.2)deg err=(-7.9,-127.9,+112.1)deg chosen=0 changed=0 corrected=-130.7deg residual=+0.0deg z=(-0.665,-0.778,-0.624) seen=(1,1,1)
[2026-07-21 01:48:46.804] [autoaim] [debug] [Outpost][OBS_INPUT] seq=2171 candidates=1 confidence=1.000 image=(813.4,561.2) image_dist=69.5 camera=(0.089,0.043,2.560) gimbal=(2.699,-0.052,-0.688) world=(2.699,-0.052,-0.688) gimbal_ypr=(32.6,8.0,16.0)deg world_ypr=(32.6,8.0,16.0)deg
[2026-07-21 01:48:46.832] [autoaim] [debug] [Outpost][OBS_ASSOC] seq=1971 state=2 dt=0.0120s world=(2.696,-0.035,-0.685) yaw=29.3deg rho=0.340 radial_res=+0.065 raw_ang=-134.0deg pred=(-133.6,-13.6,106.4)deg err=(-0.4,-120.4,+119.6)deg chosen=0 changed=0 corrected=-134.0deg residual=+0.0deg z=(-0.665,-0.778,-0.624) seen=(1,1,1)
[2026-07-21 01:48:46.836] [autoaim] [debug] [Outpost][IMU] raw_deg=(0.00,0.00,0.00) solver_rad=(0.0000,-0.0000,0.0000)
[2026-07-21 01:48:46.853] [autoaim] [debug] [Outpost][OBS_INPUT] seq=2181 candidates=1 confidence=1.000 image=(791.6,558.1) image_dist=49.1 camera=(0.057,0.039,2.535) gimbal=(2.676,-0.021,-0.677) world=(2.676,-0.021,-0.677) gimbal_ypr=(25.7,10.2,13.3)deg world_ypr=(25.7,10.2,13.3)deg
[2026-07-21 01:48:46.882] [autoaim] [debug] [Outpost][SELECT_PHASE] current_angle=-2.424 target_v_yaw=-2.513 normalized_omega=-2.513 prediction_dt=0.225 future_angle=-2.990 current_plate=0 selected_plate=0 candidate_phase=-2.990 candidate_z=-0.665
[2026-07-21 01:48:46.889] [autoaim] [debug] [Outpost][OBS_ASSOC] seq=1981 state=2 dt=0.0040s world=(2.704,0.002,-0.683) yaw=17.3deg rho=0.308 radial_res=+0.033 raw_ang=-137.7deg pred=(-140.6,-20.6,99.4)deg err=(+2.9,-117.1,+122.9)deg chosen=0 changed=0 corrected=-137.7deg residual=+0.0deg z=(-0.665,-0.778,-0.624) seen=(1,1,1)
[2026-07-21 01:48:46.922] [autoaim] [debug] [Outpost][OBS_INPUT] seq=2191 candidates=1 confidence=0.961 image=(760.5,555.3) image_dist=26.5 camera=(0.014,0.035,2.539) gimbal=(2.680,0.023,-0.674) world=(2.680,0.023,-0.674) gimbal_ypr=(14.7,13.1,9.0)deg world_ypr=(14.7,13.1,9.0)deg
[2026-07-21 01:48:46.958] [autoaim] [debug] [Outpost][OBS_ASSOC] seq=1991 state=2 dt=0.0039s world=(2.660,0.047,-0.666) yaw=172.1deg rho=0.317 radial_res=+0.042 raw_ang=-149.3deg pred=(-148.2,-28.2,91.8)deg err=(-1.0,-121.0,+119.0)deg chosen=0 changed=0 corrected=-149.3deg residual=+0.0deg z=(-0.665,-0.778,-0.624) seen=(1,1,1)
[2026-07-21 01:48:46.990] [autoaim] [debug] [Outpost][OBS_INPUT] seq=2201 candidates=1 confidence=0.999 image=(727.7,553.1) image_dist=32.6 camera=(-0.032,0.031,2.503) gimbal=(2.646,0.068,-0.661) world=(2.646,0.068,-0.661) gimbal_ypr=(3.2,28.3,3.4)deg world_ypr=(3.2,28.3,3.4)deg
[2026-07-21 01:48:47.018] [autoaim] [debug] [Outpost][SELECT_PHASE] current_angle=-2.752 target_v_yaw=-2.513 normalized_omega=-2.513 prediction_dt=0.257 future_angle=-3.397 current_plate=0 selected_plate=0 candidate_phase=-3.397 candidate_z=-0.665
[2026-07-21 01:48:47.019] [autoaim] [debug] [Outpost][GEOM_OK] state=2 rho=0.331 res=+0.056 yaw_radial=-23.1deg model_center=(2.932,0.209) center_minus=(2.899,0.080) center_plus=(2.349,0.094)
[2026-07-21 01:48:47.023] [autoaim] [debug] [Outpost][OBS_ASSOC] seq=2001 state=2 dt=0.0039s world=(2.623,0.089,-0.653) yaw=178.5deg rho=0.331 radial_res=+0.056 raw_ang=-158.8deg pred=(-158.9,-38.9,81.1)deg err=(+0.1,-119.9,+120.1)deg chosen=0 changed=0 corrected=-158.8deg residual=+0.0deg z=(-0.665,-0.778,-0.624) seen=(1,1,1)
[2026-07-21 01:48:47.055] [autoaim] [debug] [Outpost][OBS_INPUT] seq=2211 candidates=1 confidence=0.988 image=(695.1,552.3) image_dist=60.1 camera=(-0.077,0.030,2.488) gimbal=(2.631,0.113,-0.655) world=(2.631,0.113,-0.655) gimbal_ypr=(179.0,177.7,-179.6)deg world_ypr=(179.0,177.7,-179.6)deg
[2026-07-21 01:48:47.085] [autoaim] [debug] [Outpost][OBS_ASSOC] seq=2011 state=2 dt=0.0114s world=(2.636,0.133,-0.657) yaw=3.1deg rho=0.306 radial_res=+0.031 raw_ang=-165.5deg pred=(-166.1,-46.1,73.9)deg err=(+0.6,-119.4,+120.6)deg chosen=0 changed=0 corrected=-165.5deg residual=+0.0deg z=(-0.665,-0.778,-0.624) seen=(1,1,1)
[2026-07-21 01:48:47.102] [autoaim] [debug] [Outpost][OBS_INPUT] seq=2221 candidates=1 confidence=1.000 image=(670.0,552.4) image_dist=83.9 camera=(-0.111,0.030,2.493) gimbal=(2.635,0.147,-0.657) world=(2.635,0.147,-0.657) gimbal_ypr=(2.3,30.1,0.1)deg world_ypr=(2.3,30.1,0.1)deg
[2026-07-21 01:48:47.128] [autoaim] [debug] [Outpost][SELECT_PHASE] current_angle=-2.985 target_v_yaw=-2.513 normalized_omega=-2.513 prediction_dt=0.251 future_angle=-3.617 current_plate=0 selected_plate=0 candidate_phase=-3.617 candidate_z=-0.665
[2026-07-21 01:48:47.134] [autoaim] [debug] [Outpost][OBS_ASSOC] seq=2021 state=2 dt=0.0041s world=(2.634,0.170,-0.657) yaw=172.7deg rho=0.300 radial_res=+0.025 raw_ang=-172.6deg pred=(-172.1,-52.1,67.9)deg err=(-0.5,-120.5,+119.5)deg chosen=0 changed=0 corrected=-172.6deg residual=+0.0deg z=(-0.665,-0.778,-0.624) seen=(1,1,1)
[2026-07-21 01:48:47.163] [autoaim] [debug] [Outpost][OBS_INPUT] seq=2231 candidates=1 confidence=0.999 image=(639.7,553.6) image_dist=113.7 camera=(-0.159,0.033,2.592) gimbal=(2.729,0.196,-0.687) world=(2.729,0.196,-0.687) gimbal_ypr=(3.4,-0.6,-2.2)deg world_ypr=(3.4,-0.6,-2.2)deg
[2026-07-21 01:48:47.239] [autoaim] [debug] [Outpost][SELECT_PHASE] current_angle=3.014 target_v_yaw=-2.513 normalized_omega=-2.513 prediction_dt=0.245 future_angle=2.399 current_plate=0 selected_plate=0 candidate_phase=2.399 candidate_z=-0.665
[2026-07-21 01:48:47.247] [autoaim] [debug] [Outpost][SELECT] mode=ROTATING selected=0 observed=0 changed=false fresh=true unseen=0.084s phase=0.0deg model_ok=true fire=false diff=-47.9deg cmd=(8.60,-8.66)
[2026-07-21 01:48:47.359] [autoaim] [debug] [Outpost][SELECT_PHASE] current_angle=2.711 target_v_yaw=-2.513 normalized_omega=-2.513 prediction_dt=0.238 future_angle=2.112 current_plate=0 selected_plate=0 candidate_phase=2.112 candidate_z=-0.665
[2026-07-21 01:48:47.487] [autoaim] [debug] [Outpost][SELECT_PHASE] current_angle=2.388 target_v_yaw=-2.513 normalized_omega=-2.513 prediction_dt=0.233 future_angle=1.804 current_plate=0 selected_plate=0 candidate_phase=1.804 candidate_z=-0.665
[2026-07-21 01:48:47.516] [autoaim] [debug] [Outpost][SELECT] mode=ROTATING selected=1 observed=0 changed=true fresh=false unseen=0.353s phase=0.0deg model_ok=false fire=false diff=35.2deg cmd=(0.75,-11.23)
[2026-07-21 01:48:47.550] [autoaim] [debug] [Outpost][SWITCH_COMMIT] t=30672.470 from=0 phase_best=1 height_plate=1 tracked_err=+127.5deg new_phase_err=+7.5deg jump=72.1deg z=-0.881 z_err=0.103 margin=0.113 z_confident=0
[2026-07-21 01:48:47.550] [autoaim] [debug] [Outpost][OBS_ASSOC] seq=2027 state=2 dt=0.3853s world=(2.849,-0.116,-0.881) yaw=43.7deg rho=0.335 radial_res=+0.060 raw_ang=-104.3deg pred=(128.2,-111.8,8.2)deg err=(+127.5,+7.5,-112.5)deg chosen=1 changed=1 corrected=-104.3deg residual=+0.0deg z=(-0.665,-0.778,-0.624) seen=(1,1,1)
[2026-07-21 01:48:47.572] [autoaim] [debug] [Outpost][OBS_ASSOC] seq=2031 state=2 dt=0.0082s world=(2.835,-0.103,-0.874) yaw=39.9deg rho=0.327 radial_res=+0.052 raw_ang=-107.2deg pred=(129.3,-110.7,9.3)deg err=(+123.5,+3.5,-116.5)deg chosen=1 changed=0 corrected=-107.2deg residual=+0.0deg z=(-0.665,-0.778,-0.624) seen=(1,1,1)
[2026-07-21 01:48:47.596] [autoaim] [debug] [Outpost][SELECT_PHASE] current_angle=2.187 target_v_yaw=-2.513 normalized_omega=-2.513 prediction_dt=0.230 future_angle=1.609 current_plate=1 selected_plate=1 candidate_phase=3.703 candidate_z=-0.778
[2026-07-21 01:48:47.600] [autoaim] [debug] [Outpost][OBS_INPUT] seq=2241 candidates=1 confidence=1.000 image=(834.5,651.1) image_dist=146.7 camera=(0.123,0.176,2.652) gimbal=(2.753,-0.085,-0.841) world=(2.753,-0.085,-0.841) gimbal_ypr=(36.0,6.9,18.7)deg world_ypr=(36.0,6.9,18.7)deg
[2026-07-21 01:48:47.633] [autoaim] [debug] [Outpost][OBS_ASSOC] seq=2041 state=2 dt=0.0027s world=(2.744,-0.066,-0.835) yaw=31.2deg rho=0.334 radial_res=+0.059 raw_ang=-124.4deg pred=(113.5,-126.5,-6.5)deg err=(+122.1,+2.1,-117.9)deg chosen=1 changed=0 corrected=-124.4deg residual=+0.0deg z=(-0.665,-0.778,-0.624) seen=(1,1,1)
[2026-07-21 01:48:47.669] [autoaim] [debug] [Outpost][OBS_INPUT] seq=2251 candidates=1 confidence=1.000 image=(806.6,647.5) image_dist=129.6 camera=(0.081,0.169,2.628) gimbal=(2.730,-0.044,-0.827) world=(2.730,-0.044,-0.827) gimbal_ypr=(25.8,11.7,14.3)deg world_ypr=(25.8,11.7,14.3)deg
[2026-07-21 01:48:47.706] [autoaim] [debug] [Outpost][OBS_ASSOC] seq=2051 state=2 dt=0.0051s world=(2.674,-0.020,-0.804) yaw=21.9deg rho=0.345 radial_res=+0.070 raw_ang=-138.5deg pred=(106.7,-133.3,-13.3)deg err=(+114.8,-5.2,-125.2)deg chosen=1 changed=0 corrected=-138.5deg residual=+0.0deg z=(-0.665,-0.778,-0.624) seen=(1,1,1)
[2026-07-21 01:48:47.734] [autoaim] [debug] [Outpost][SELECT_PHASE] current_angle=1.767 target_v_yaw=-2.513 normalized_omega=-2.513 prediction_dt=0.228 future_angle=1.194 current_plate=1 selected_plate=1 candidate_phase=3.289 candidate_z=-0.778
[2026-07-21 01:48:47.735] [autoaim] [debug] [Outpost][OBS_INPUT] seq=2261 candidates=1 confidence=1.000 image=(777.4,644.5) image_dist=117.1 camera=(0.038,0.163,2.594) gimbal=(2.698,-0.001,-0.812) world=(2.698,-0.001,-0.812) gimbal_ypr=(14.2,10.1,9.2)deg world_ypr=(14.2,10.1,9.2)deg
[2026-07-21 01:48:47.752] [autoaim] [debug] [Outpost][OBS_ASSOC] seq=2061 state=2 dt=0.0041s world=(2.704,0.013,-0.813) yaw=5.3deg rho=0.300 radial_res=+0.025 raw_ang=-139.2deg pred=(97.7,-142.3,-22.3)deg err=(+123.1,+3.1,-116.9)deg chosen=1 changed=0 corrected=-139.2deg residual=+0.0deg z=(-0.665,-0.778,-0.624) seen=(1,1,1)
[2026-07-21 01:48:47.789] [autoaim] [debug] [Outpost][OBS_INPUT] seq=2271 candidates=1 confidence=1.000 image=(750.1,642.6) image_dist=112.2 camera=(-0.001,0.156,2.524) gimbal=(2.633,0.037,-0.786) world=(2.633,0.037,-0.786) gimbal_ypr=(9.6,27.7,6.2)deg world_ypr=(9.6,27.7,6.2)deg
[2026-07-21 01:48:47.817] [autoaim] [debug] [Outpost][OBS_ASSOC] seq=2071 state=2 dt=0.0038s world=(2.595,0.056,-0.772) yaw=5.2deg rho=0.370 radial_res=+0.095 raw_ang=-155.5deg pred=(84.3,-155.7,-35.7)deg err=(+120.1,+0.1,-119.9)deg chosen=1 changed=0 corrected=-155.5deg residual=+0.0deg z=(-0.665,-0.778,-0.624) seen=(1,1,1)
[2026-07-21 01:48:47.843] [autoaim] [debug] [Outpost][SELECT_PHASE] current_angle=1.414 target_v_yaw=-2.513 normalized_omega=-2.513 prediction_dt=0.253 future_angle=0.778 current_plate=1 selected_plate=1 candidate_phase=2.872 candidate_z=-0.778
[2026-07-21 01:48:47.845] [autoaim] [debug] [Outpost][OBS_INPUT] seq=2281 candidates=1 confidence=0.998 image=(721.4,641.4) image_dist=114.8 camera=(-0.040,0.150,2.456) gimbal=(2.568,0.075,-0.762) world=(2.568,0.075,-0.762) gimbal_ypr=(6.8,32.7,4.4)deg world_ypr=(6.8,32.7,4.4)deg
[2026-07-21 01:48:47.853] [autoaim] [debug] [Outpost][SELECT] mode=ROTATING selected=1 observed=1 changed=false fresh=true unseen=0.000s phase=0.0deg model_ok=true fire=false diff=-21.8deg cmd=(6.47,-11.52)
[2026-07-21 01:48:47.877] [autoaim] [debug] [Outpost][OBS_ASSOC] seq=2081 state=2 dt=0.0161s world=(2.561,0.098,-0.759) yaw=7.1deg rho=0.387 radial_res=+0.112 raw_ang=-163.3deg pred=(76.1,-163.9,-43.9)deg err=(+120.6,+0.6,-119.4)deg chosen=1 changed=0 corrected=-163.3deg residual=+0.0deg z=(-0.665,-0.778,-0.624) seen=(1,1,1)
[2026-07-21 01:48:47.897] [autoaim] [debug] [Outpost][OBS_INPUT] seq=2291 candidates=1 confidence=0.995 image=(693.6,640.8) image_dist=124.4 camera=(-0.077,0.148,2.450) gimbal=(2.563,0.112,-0.759) world=(2.563,0.112,-0.759) gimbal_ypr=(6.8,36.4,2.9)deg world_ypr=(6.8,36.4,2.9)deg
[2026-07-21 01:48:47.926] [autoaim] [debug] [Outpost][OBS_ASSOC] seq=2091 state=2 dt=0.0039s world=(2.577,0.133,-0.765) yaw=2.0deg rho=0.363 radial_res=+0.088 raw_ang=-168.0deg pred=(71.6,-168.4,-48.4)deg err=(+120.4,+0.4,-119.6)deg chosen=1 changed=0 corrected=-168.0deg residual=+0.0deg z=(-0.665,-0.778,-0.624) seen=(1,1,1)
[2026-07-21 01:48:47.960] [autoaim] [debug] [Outpost][SELECT_PHASE] current_angle=1.196 target_v_yaw=-2.513 normalized_omega=-2.513 prediction_dt=0.248 future_angle=0.572 current_plate=1 selected_plate=1 candidate_phase=2.666 candidate_z=-0.778
[2026-07-21 01:48:47.965] [autoaim] [debug] [Outpost][OBS_INPUT] seq=2301 candidates=1 confidence=0.998 image=(659.2,641.0) image_dist=143.7 camera=(-0.125,0.151,2.479) gimbal=(2.589,0.160,-0.769) world=(2.589,0.160,-0.769) gimbal_ypr=(5.3,1.4,0.9)deg world_ypr=(5.3,1.4,0.9)deg
[2026-07-21 01:48:47.994] [autoaim] [debug] [Outpost][GEOM_OK] state=2 rho=0.302 res=+0.027 yaw_radial=-179.7deg model_center=(2.932,0.209) center_minus=(2.357,0.159) center_plus=(2.905,0.208)
[2026-07-21 01:48:47.996] [autoaim] [debug] [Outpost][OBS_ASSOC] seq=2101 state=2 dt=0.0010s world=(2.642,0.187,-0.788) yaw=9.2deg rho=0.291 radial_res=+0.016 raw_ang=-175.7deg pred=(64.7,-175.3,-55.3)deg err=(+119.6,-0.4,-120.4)deg chosen=1 changed=0 corrected=-175.7deg residual=+0.0deg z=(-0.665,-0.778,-0.624) seen=(1,1,1)
[2026-07-21 01:48:48.032] [autoaim] [debug] [Outpost][IMU] raw_deg=(0.00,0.00,0.00) solver_rad=(0.0000,-0.0000,0.0000)
[2026-07-21 01:48:48.074] [autoaim] [debug] [Outpost][SELECT_PHASE] current_angle=0.920 target_v_yaw=-2.513 normalized_omega=-2.513 prediction_dt=0.242 future_angle=0.313 current_plate=1 selected_plate=1 candidate_phase=2.407 candidate_z=-0.778
[2026-07-21 01:48:48.182] [autoaim] [debug] [Outpost][SELECT_PHASE] current_angle=0.648 target_v_yaw=-2.513 normalized_omega=-2.513 prediction_dt=0.236 future_angle=0.055 current_plate=1 selected_plate=1 candidate_phase=2.150 candidate_z=-0.778
[2026-07-21 01:48:48.299] [autoaim] [debug] [Outpost][SELECT_PHASE] current_angle=0.365 target_v_yaw=-2.513 normalized_omega=-2.513 prediction_dt=0.230 future_angle=-0.214 current_plate=1 selected_plate=1 candidate_phase=1.880 candidate_z=-0.778
[2026-07-21 01:48:48.354] [autoaim] [debug] [Outpost][SELECT] mode=ROTATING selected=2 observed=1 changed=true fresh=false unseen=0.352s phase=0.0deg model_ok=false fire=false diff=35.2deg cmd=(0.75,-7.87)
[2026-07-21 01:48:48.372] [autoaim] [debug] [Outpost][SWITCH_COMMIT] t=30673.293 from=1 phase_best=2 height_plate=0 tracked_err=+159.1deg new_phase_err=+39.1deg jump=106.0deg z=-0.686 z_err=0.020 margin=0.041 z_confident=1
[2026-07-21 01:48:48.372] [autoaim] [debug] [Outpost][OBS_ASSOC] seq=2104 state=2 dt=0.3686s world=(3.045,-0.118,-0.686) yaw=43.1deg rho=0.346 radial_res=+0.071 raw_ang=-71.0deg pred=(9.9,129.9,-110.1)deg err=(-80.9,+159.1,+39.1)deg chosen=2 changed=1 corrected=-71.0deg residual=+0.0deg z=(-0.665,-0.778,-0.624) seen=(1,1,1)
[2026-07-21 01:48:48.379] [autoaim] [debug] [Outpost][OBS_INPUT] seq=2311 candidates=1 confidence=0.994 image=(848.6,496.4) image_dist=103.4 camera=(0.153,-0.053,2.827) gimbal=(2.983,-0.111,-0.668) world=(2.983,-0.111,-0.668) gimbal_ypr=(41.8,6.1,21.3)deg world_ypr=(41.8,6.1,21.3)deg
[2026-07-21 01:48:48.391] [autoaim] [debug] [Outpost][SELECT_PHASE] current_angle=0.489 target_v_yaw=-2.513 normalized_omega=-2.513 prediction_dt=0.233 future_angle=-0.095 current_plate=2 selected_plate=2 candidate_phase=-2.190 candidate_z=-0.624
[2026-07-21 01:48:48.413] [autoaim] [debug] [Outpost][OBS_ASSOC] seq=2111 state=2 dt=0.0165s world=(2.908,-0.093,-0.644) yaw=39.5deg rho=0.303 radial_res=+0.028 raw_ang=-94.5deg pred=(32.7,152.7,-87.3)deg err=(-127.2,+112.8,-7.2)deg chosen=2 changed=0 corrected=-94.5deg residual=+0.0deg z=(-0.665,-0.778,-0.624) seen=(1,1,1)
[2026-07-21 01:48:48.416] [autoaim] [debug] [Outpost][SELECT] mode=ROTATING selected=2 observed=2 changed=false fresh=true unseen=0.000s phase=0.0deg model_ok=true fire=false diff=50.1deg cmd=(-0.31,-7.56)
[2026-07-21 01:48:48.431] [autoaim] [debug] [Outpost][OBS_INPUT] seq=2321 candidates=1 confidence=0.998 image=(831.7,492.1) image_dist=89.2 camera=(0.121,-0.057,2.714) gimbal=(2.875,-0.082,-0.633) world=(2.875,-0.082,-0.633) gimbal_ypr=(36.4,8.7,18.6)deg world_ypr=(36.4,8.7,18.6)deg
[2026-07-21 01:48:48.459] [autoaim] [debug] [Outpost][OBS_ASSOC] seq=2121 state=2 dt=0.0041s world=(2.846,-0.066,-0.622) yaw=33.0deg rho=0.288 radial_res=+0.013 raw_ang=-107.3deg pred=(11.6,131.6,-108.4)deg err=(-118.9,+121.1,+1.1)deg chosen=2 changed=0 corrected=-107.3deg residual=+0.0deg z=(-0.665,-0.778,-0.624) seen=(1,1,1)
[2026-07-21 01:48:48.495] [autoaim] [debug] [Outpost][OBS_INPUT] seq=2331 candidates=1 confidence=0.999 image=(807.4,487.0) image_dist=71.1 camera=(0.084,-0.064,2.690) gimbal=(2.853,-0.045,-0.620) world=(2.853,-0.045,-0.620) gimbal_ypr=(26.2,12.1,14.1)deg world_ypr=(26.2,12.1,14.1)deg
[2026-07-21 01:48:48.503] [autoaim] [debug] [Outpost][SELECT_PHASE] current_angle=0.135 target_v_yaw=-2.513 normalized_omega=-2.513 prediction_dt=0.227 future_angle=-0.436 current_plate=2 selected_plate=2 candidate_phase=-2.530 candidate_z=-0.624
[2026-07-21 01:48:48.527] [autoaim] [debug] [Outpost][OBS_ASSOC] seq=2131 state=2 dt=0.0026s world=(2.814,-0.025,-0.607) yaw=22.2deg rho=0.262 radial_res=-0.013 raw_ang=-116.8deg pred=(3.2,123.2,-116.8)deg err=(-120.0,+120.0,+0.0)deg chosen=2 changed=0 corrected=-116.8deg residual=+0.0deg z=(-0.665,-0.778,-0.624) seen=(1,1,1)
[2026-07-21 01:48:48.564] [autoaim] [debug] [Outpost][OBS_INPUT] seq=2341 candidates=1 confidence=1.000 image=(777.7,483.1) image_dist=54.3 camera=(0.039,-0.068,2.623) gimbal=(2.789,-0.001,-0.598) world=(2.789,-0.001,-0.598) gimbal_ypr=(16.0,15.3,9.6)deg world_ypr=(16.0,15.3,9.6)deg
[2026-07-21 01:48:48.599] [autoaim] [debug] [Outpost][OBS_ASSOC] seq=2141 state=2 dt=0.0037s world=(2.781,0.024,-0.593) yaw=173.4deg rho=0.239 radial_res=-0.036 raw_ang=-129.3deg pred=(-14.6,105.4,-134.6)deg err=(-114.7,+125.3,+5.3)deg chosen=2 changed=0 corrected=-129.3deg residual=+0.0deg z=(-0.665,-0.778,-0.624) seen=(1,1,1)
[2026-07-21 01:48:48.629] [autoaim] [debug] [Outpost][OBS_INPUT] seq=2351 candidates=1 confidence=0.998 image=(747.0,480.3) image_dist=50.3 camera=(-0.006,-0.070,2.565) gimbal=(2.733,0.043,-0.580) world=(2.733,0.043,-0.580) gimbal_ypr=(175.2,174.4,-177.7)deg world_ypr=(175.2,174.4,-177.7)deg
[2026-07-21 01:48:48.636] [autoaim] [debug] [Outpost][SELECT_PHASE] current_angle=-0.378 target_v_yaw=-2.513 normalized_omega=-2.513 prediction_dt=0.260 future_angle=-1.032 current_plate=2 selected_plate=2 candidate_phase=-3.127 candidate_z=-0.624
[2026-07-21 01:48:48.648] [autoaim] [debug] [Outpost][OBS_ASSOC] seq=2151 state=2 dt=0.0041s world=(2.675,0.056,-0.564) yaw=171.0deg rho=0.299 radial_res=+0.024 raw_ang=-149.2deg pred=(-27.0,93.0,-147.0)deg err=(-122.2,+117.8,-2.2)deg chosen=2 changed=0 corrected=-149.2deg residual=+0.0deg z=(-0.665,-0.778,-0.624) seen=(1,1,1)
[2026-07-21 01:48:48.680] [autoaim] [debug] [Outpost][OBS_INPUT] seq=2361 candidates=1 confidence=0.995 image=(720.6,478.9) image_dist=59.9 camera=(-0.042,-0.071,2.504) gimbal=(2.674,0.078,-0.563) world=(2.674,0.078,-0.563) gimbal_ypr=(9.3,29.9,4.0)deg world_ypr=(9.3,29.9,4.0)deg
[2026-07-21 01:48:48.712] [autoaim] [debug] [Outpost][OBS_ASSOC] seq=2161 state=2 dt=0.0042s world=(2.671,0.101,-0.561) yaw=178.6deg rho=0.282 radial_res=+0.007 raw_ang=-157.5deg pred=(-37.6,82.4,-157.6)deg err=(-119.9,+120.1,+0.1)deg chosen=2 changed=0 corrected=-157.5deg residual=+0.0deg z=(-0.665,-0.778,-0.624) seen=(1,1,1)
[2026-07-21 01:48:48.744] [autoaim] [debug] [Outpost][OBS_INPUT] seq=2371 candidates=1 confidence=0.926 image=(688.1,477.9) image_dist=82.0 camera=(-0.087,-0.072,2.506) gimbal=(2.675,0.123,-0.562) world=(2.675,0.123,-0.562) gimbal_ypr=(1.3,26.8,-0.2)deg world_ypr=(1.3,26.8,-0.2)deg
[2026-07-21 01:48:48.753] [autoaim] [debug] [Outpost][SELECT_PHASE] current_angle=-0.744 target_v_yaw=-2.513 normalized_omega=-2.513 prediction_dt=0.252 future_angle=-1.379 current_plate=2 selected_plate=2 candidate_phase=-3.473 candidate_z=-0.624
[2026-07-21 01:48:48.776] [autoaim] [debug] [Outpost][OBS_ASSOC] seq=2171 state=2 dt=0.0031s world=(2.681,0.146,-0.564) yaw=175.3deg rho=0.259 radial_res=-0.016 raw_ang=-166.0deg pred=(-45.0,75.0,-165.0)deg err=(-120.9,+119.1,-0.9)deg chosen=2 changed=0 corrected=-166.0deg residual=+0.0deg z=(-0.665,-0.778,-0.624) seen=(1,1,1)
[2026-07-21 01:48:48.813] [autoaim] [debug] [Outpost][OBS_INPUT] seq=2381 candidates=1 confidence=0.998 image=(653.9,478.6) image_dist=110.1 camera=(-0.137,-0.073,2.566) gimbal=(2.733,0.174,-0.578) world=(2.733,0.174,-0.578) gimbal_ypr=(7.4,0.7,-1.1)deg world_ypr=(7.4,0.7,-1.1)deg
[2026-07-21 01:48:48.889] [autoaim] [debug] [Outpost][SELECT_PHASE] current_angle=-1.069 target_v_yaw=-2.513 normalized_omega=-2.513 prediction_dt=0.245 future_angle=-1.685 current_plate=2 selected_plate=2 candidate_phase=-3.779 candidate_z=-0.624
[2026-07-21 01:48:48.997] [autoaim] [debug] [Outpost][SELECT_PHASE] current_angle=-1.341 target_v_yaw=-2.513 normalized_omega=-2.513 prediction_dt=0.239 future_angle=-1.941 current_plate=2 selected_plate=2 candidate_phase=-4.035 candidate_z=-0.624
[2026-07-21 01:48:49.025] [autoaim] [debug] [Outpost][SELECT] mode=ROTATING selected=2 observed=2 changed=false fresh=false unseen=0.200s phase=0.0deg model_ok=false fire=false diff=-59.2deg cmd=(9.18,-7.27)
[2026-07-21 01:48:49.113] [autoaim] [debug] [Outpost][SELECT_PHASE] current_angle=-1.633 target_v_yaw=-2.513 normalized_omega=-2.513 prediction_dt=0.233 future_angle=-2.219 current_plate=2 selected_plate=2 candidate_phase=-4.313 candidate_z=-0.624
[2026-07-21 01:48:49.142] [autoaim] [debug] [Outpost][SWITCH_COMMIT] t=30674.064 from=2 phase_best=0 height_plate=1 tracked_err=+111.9deg new_phase_err=-8.1deg jump=66.4deg z=-0.750 z_err=0.028 margin=0.056 z_confident=1
[2026-07-21 01:48:49.142] [autoaim] [debug] [Outpost][OBS_ASSOC] seq=2180 state=2 dt=0.3162s world=(2.835,-0.137,-0.750) yaw=55.6deg rho=0.360 radial_res=+0.085 raw_ang=-105.7deg pred=(-97.6,22.4,142.4)deg err=(-8.1,-128.1,+111.9)deg chosen=0 changed=1 corrected=-105.7deg residual=+0.0deg z=(-0.665,-0.778,-0.624) seen=(1,1,1)
[2026-07-21 01:48:49.146] [autoaim] [debug] [Outpost][OBS_ASSOC] seq=2181 state=2 dt=0.0044s world=(2.751,-0.132,-0.723) yaw=55.7deg rho=0.386 radial_res=+0.111 raw_ang=-118.0deg pred=(-106.3,13.7,133.7)deg err=(-11.7,-131.7,+108.3)deg chosen=0 changed=0 corrected=-118.0deg residual=+0.0deg z=(-0.665,-0.778,-0.624) seen=(1,1,1)
[2026-07-21 01:48:49.146] [autoaim] [debug] [Outpost][SELECT] mode=ROTATING selected=0 observed=0 changed=true fresh=true unseen=0.000s phase=0.0deg model_ok=true fire=false diff=25.2deg cmd=(1.63,-8.90)
[2026-07-21 01:48:49.205] [autoaim] [debug] [Outpost][OBS_INPUT] seq=2391 candidates=1 confidence=0.996 image=(854.2,569.6) image_dist=110.3 camera=(0.151,0.057,2.643) gimbal=(2.776,-0.113,-0.724) world=(2.776,-0.113,-0.724) gimbal_ypr=(47.9,4.5,22.7)deg world_ypr=(47.9,4.5,22.7)deg
[2026-07-21 01:48:49.213] [autoaim] [debug] [Outpost][IMU] raw_deg=(0.00,0.00,0.00) solver_rad=(0.0000,-0.0000,0.0000)
[2026-07-21 01:48:49.240] [autoaim] [debug] [Outpost][OBS_ASSOC] seq=2191 state=2 dt=0.0055s world=(2.723,-0.095,-0.703) yaw=43.7deg rho=0.369 radial_res=+0.094 raw_ang=-124.4deg pred=(-121.4,-1.4,118.6)deg err=(-3.0,-123.0,+117.0)deg chosen=0 changed=0 corrected=-124.4deg residual=+0.0deg z=(-0.665,-0.778,-0.624) seen=(1,1,1)
[2026-07-21 01:48:49.274] [autoaim] [debug] [Outpost][OBS_INPUT] seq=2401 candidates=1 confidence=1.000 image=(831.8,564.6) image_dist=87.7 camera=(0.115,0.048,2.582) gimbal=(2.719,-0.078,-0.699) world=(2.719,-0.078,-0.699) gimbal_ypr=(39.3,7.5,19.2)deg world_ypr=(39.3,7.5,19.2)deg
[2026-07-21 01:48:49.274] [autoaim] [debug] [Outpost][SELECT_PHASE] current_angle=-2.208 target_v_yaw=-2.513 normalized_omega=-2.513 prediction_dt=0.226 future_angle=-2.775 current_plate=0 selected_plate=0 candidate_phase=-2.775 candidate_z=-0.665
[2026-07-21 01:48:49.311] [autoaim] [debug] [Outpost][GEOM_OK] state=2 rho=0.353 res=+0.078 yaw_radial=165.1deg model_center=(2.932,0.209) center_minus=(2.480,-0.220) center_plus=(2.930,0.096)
[2026-07-21 01:48:49.317] [autoaim] [debug] [Outpost][OBS_ASSOC] seq=2201 state=2 dt=0.0055s world=(2.705,-0.057,-0.690) yaw=34.3deg rho=0.349 radial_res=+0.074 raw_ang=-130.4deg pred=(-130.8,-10.8,109.2)deg err=(+0.4,-119.6,+120.4)deg chosen=0 changed=0 corrected=-130.4deg residual=+0.0deg z=(-0.665,-0.778,-0.624) seen=(1,1,1)
[2026-07-21 01:48:49.342] [autoaim] [debug] [Outpost][OBS_INPUT] seq=2411 candidates=1 confidence=0.999 image=(805.9,560.2) image_dist=62.4 camera=(0.078,0.042,2.555) gimbal=(2.695,-0.041,-0.685) world=(2.695,-0.041,-0.685) gimbal_ypr=(30.0,9.0,15.3)deg world_ypr=(30.0,9.0,15.3)deg
[2026-07-21 01:48:49.379] [autoaim] [debug] [Outpost][OBS_ASSOC] seq=2211 state=2 dt=0.0202s world=(2.702,-0.019,-0.684) yaw=24.7deg rho=0.324 radial_res=+0.049 raw_ang=-135.2deg pred=(-135.8,-15.8,104.2)deg err=(+0.6,-119.4,+120.6)deg chosen=0 changed=0 corrected=-135.2deg residual=+0.0deg z=(-0.665,-0.778,-0.624) seen=(1,1,1)
[2026-07-21 01:48:49.395] [autoaim] [debug] [Outpost][SELECT_PHASE] current_angle=-2.347 target_v_yaw=-2.513 normalized_omega=-2.513 prediction_dt=0.225 future_angle=-2.912 current_plate=0 selected_plate=0 candidate_phase=-2.912 candidate_z=-0.665
[2026-07-21 01:48:49.398] [autoaim] [debug] [Outpost][OBS_INPUT] seq=2421 candidates=1 confidence=0.997 image=(781.1,557.1) image_dist=40.2 camera=(0.043,0.038,2.578) gimbal=(2.718,-0.006,-0.688) world=(2.718,-0.006,-0.688) gimbal_ypr=(20.2,13.5,11.4)deg world_ypr=(20.2,13.5,11.4)deg
[2026-07-21 01:48:49.432] [autoaim] [debug] [Outpost][OBS_ASSOC] seq=2221 state=2 dt=0.0049s world=(2.680,0.015,-0.674) yaw=15.7deg rho=0.318 radial_res=+0.043 raw_ang=-142.5deg pred=(-136.6,-16.6,103.4)deg err=(-5.9,-125.9,+114.1)deg chosen=0 changed=0 corrected=-142.5deg residual=+0.0deg z=(-0.665,-0.778,-0.624) seen=(1,1,1)
[2026-07-21 01:48:49.487] [autoaim] [debug] [Outpost][OBS_INPUT] seq=2431 candidates=1 confidence=0.998 image=(737.8,553.7) image_dist=26.8 camera=(-0.018,0.032,2.508) gimbal=(2.651,0.054,-0.663) world=(2.651,0.054,-0.663) gimbal_ypr=(7.4,5.4,5.2)deg world_ypr=(7.4,5.4,5.2)deg
[2026-07-21 01:48:49.519] [autoaim] [debug] [Outpost][OBS_ASSOC] seq=2231 state=2 dt=0.0122s world=(2.609,0.073,-0.650) yaw=171.3deg rho=0.350 radial_res=+0.075 raw_ang=-157.2deg pred=(-155.6,-35.6,84.4)deg err=(-1.6,-121.6,+118.4)deg chosen=0 changed=0 corrected=-157.2deg residual=+0.0deg z=(-0.665,-0.778,-0.624) seen=(1,1,1)
[2026-07-21 01:48:49.531] [autoaim] [debug] [Outpost][SELECT_PHASE] current_angle=-2.773 target_v_yaw=-2.513 normalized_omega=-2.513 prediction_dt=0.256 future_angle=-3.417 current_plate=0 selected_plate=0 candidate_phase=-3.417 candidate_z=-0.665
[2026-07-21 01:48:49.535] [autoaim] [debug] [Outpost][OBS_INPUT] seq=2441 candidates=1 confidence=1.000 image=(713.1,552.7) image_dist=44.0 camera=(-0.052,0.030,2.477) gimbal=(2.621,0.087,-0.653) world=(2.621,0.087,-0.653) gimbal_ypr=(173.4,175.3,179.6)deg world_ypr=(173.4,175.3,179.6)deg
[2026-07-21 01:48:49.563] [autoaim] [debug] [Outpost][OBS_ASSOC] seq=2241 state=2 dt=0.0040s world=(2.608,0.107,-0.649) yaw=179.4deg rho=0.340 radial_res=+0.065 raw_ang=-162.5deg pred=(-161.5,-41.5,78.5)deg err=(-1.0,-121.0,+119.0)deg chosen=0 changed=0 corrected=-162.5deg residual=+0.0deg z=(-0.665,-0.778,-0.624) seen=(1,1,1)
[2026-07-21 01:48:49.596] [autoaim] [debug] [Outpost][OBS_INPUT] seq=2451 candidates=1 confidence=0.999 image=(682.4,552.5) image_dist=72.1 camera=(-0.094,0.030,2.480) gimbal=(2.623,0.129,-0.653) world=(2.623,0.129,-0.653) gimbal_ypr=(4.6,31.3,1.4)deg world_ypr=(4.6,31.3,1.4)deg
[2026-07-21 01:48:49.630] [autoaim] [debug] [Outpost][OBS_ASSOC] seq=2251 state=2 dt=0.0127s world=(2.632,0.149,-0.656) yaw=180.0deg rho=0.306 radial_res=+0.031 raw_ang=-168.7deg pred=(-169.3,-49.3,70.7)deg err=(+0.6,-119.4,+120.6)deg chosen=0 changed=0 corrected=-168.7deg residual=+0.0deg z=(-0.665,-0.778,-0.624) seen=(1,1,1)
[2026-07-21 01:48:49.644] [autoaim] [debug] [Outpost][SELECT_PHASE] current_angle=-2.977 target_v_yaw=-2.513 normalized_omega=-2.513 prediction_dt=0.252 future_angle=-3.610 current_plate=0 selected_plate=0 candidate_phase=-3.610 candidate_z=-0.665
[2026-07-21 01:48:49.659] [autoaim] [debug] [Outpost][OBS_INPUT] seq=2461 candidates=1 confidence=0.994 image=(652.5,552.6) image_dist=101.0 camera=(-0.136,0.031,2.519) gimbal=(2.660,0.173,-0.665) world=(2.660,0.173,-0.665) gimbal_ypr=(11.6,26.5,1.5)deg world_ypr=(11.6,26.5,1.5)deg
[2026-07-21 01:48:49.674] [autoaim] [debug] [Outpost][SELECT] mode=ROTATING selected=0 observed=0 changed=false fresh=true unseen=0.000s phase=0.0deg model_ok=true fire=false diff=-34.6deg cmd=(7.56,-8.98)
[2026-07-21 01:48:49.675] [autoaim] [debug] [Outpost][OBS_ASSOC] seq=2261 state=2 dt=0.0018s world=(2.704,0.190,-0.678) yaw=177.9deg rho=0.229 radial_res=-0.046 raw_ang=-175.2deg pred=(-174.9,-54.9,65.1)deg err=(-0.3,-120.3,+119.7)deg chosen=0 changed=0 corrected=-175.2deg residual=+0.0deg z=(-0.665,-0.778,-0.624) seen=(1,1,1)
[2026-07-21 01:48:49.743] [autoaim] [debug] [Outpost][SELECT_PHASE] current_angle=3.056 target_v_yaw=-2.513 normalized_omega=-2.513 prediction_dt=0.248 future_angle=2.432 current_plate=0 selected_plate=0 candidate_phase=2.432 candidate_z=-0.665
[2026-07-21 01:48:49.856] [autoaim] [debug] [Outpost][SELECT_PHASE] current_angle=2.773 target_v_yaw=-2.513 normalized_omega=-2.513 prediction_dt=0.240 future_angle=2.171 current_plate=0 selected_plate=0 candidate_phase=2.171 candidate_z=-0.665
[2026-07-21 01:48:49.986] [autoaim] [debug] [Outpost][SELECT_PHASE] current_angle=2.460 target_v_yaw=-2.513 normalized_omega=-2.513 prediction_dt=0.234 future_angle=1.872 current_plate=0 selected_plate=0 candidate_phase=1.872 candidate_z=-0.665
[2026-07-21 01:48:50.037] [autoaim] [debug] [Outpost][SELECT] mode=ROTATING selected=1 observed=0 changed=true fresh=false unseen=0.356s phase=0.0deg model_ok=false fire=false diff=35.3deg cmd=(0.74,-11.23)
[2026-07-21 01:48:50.098] [autoaim] [debug] [Outpost][SWITCH_COMMIT] t=30675.016 from=0 phase_best=1 height_plate=1 tracked_err=+128.0deg new_phase_err=+8.0deg jump=68.6deg z=-0.873 z_err=0.095 margin=0.113 z_confident=0
[2026-07-21 01:48:50.098] [autoaim] [debug] [Outpost][OBS_ASSOC] seq=2263 state=2 dt=0.4127s world=(2.835,-0.103,-0.873) yaw=39.7deg rho=0.326 radial_res=+0.051 raw_ang=-107.2deg pred=(124.7,-115.3,4.7)deg err=(+128.0,+8.0,-112.0)deg chosen=1 changed=1 corrected=-107.2deg residual=+0.0deg z=(-0.665,-0.778,-0.624) seen=(1,1,1)
[2026-07-21 01:48:50.106] [autoaim] [debug] [Outpost][OBS_INPUT] seq=2471 candidates=1 confidence=0.997 image=(840.3,652.4) image_dist=151.1 camera=(0.132,0.179,2.677) gimbal=(2.775,-0.094,-0.851) world=(2.775,-0.094,-0.851) gimbal_ypr=(38.5,7.1,19.8)deg world_ypr=(38.5,7.1,19.8)deg
[2026-07-21 01:48:50.113] [autoaim] [debug] [Outpost][SELECT_PHASE] current_angle=2.155 target_v_yaw=-2.513 normalized_omega=-2.513 prediction_dt=0.230 future_angle=1.578 current_plate=1 selected_plate=1 candidate_phase=3.672 candidate_z=-0.778
[2026-07-21 01:48:50.145] [autoaim] [debug] [Outpost][OBS_ASSOC] seq=2271 state=2 dt=0.0042s world=(2.768,-0.072,-0.844) yaw=31.9deg rho=0.325 radial_res=+0.050 raw_ang=-120.2deg pred=(113.7,-126.3,-6.3)deg err=(+126.0,+6.0,-114.0)deg chosen=1 changed=0 corrected=-120.2deg residual=+0.0deg z=(-0.665,-0.778,-0.624) seen=(1,1,1)
[2026-07-21 01:48:50.178] [autoaim] [debug] [Outpost][OBS_INPUT] seq=2481 candidates=1 confidence=1.000 image=(812.0,648.2) image_dist=132.6 camera=(0.088,0.168,2.600) gimbal=(2.704,-0.051,-0.819) world=(2.704,-0.051,-0.819) gimbal_ypr=(28.2,7.7,15.6)deg world_ypr=(28.2,7.7,15.6)deg
[2026-07-21 01:48:50.210] [autoaim] [debug] [Outpost][OBS_ASSOC] seq=2281 state=2 dt=0.0049s world=(2.696,-0.030,-0.814) yaw=23.1deg rho=0.336 radial_res=+0.061 raw_ang=-134.6deg pred=(107.2,-132.8,-12.8)deg err=(+118.3,-1.7,-121.7)deg chosen=1 changed=0 corrected=-134.6deg residual=+0.0deg z=(-0.665,-0.778,-0.624) seen=(1,1,1)
[2026-07-21 01:48:50.247] [autoaim] [debug] [Outpost][OBS_INPUT] seq=2491 candidates=1 confidence=1.000 image=(780.8,644.9) image_dist=118.3 camera=(0.043,0.162,2.569) gimbal=(2.675,-0.006,-0.804) world=(2.675,-0.006,-0.804) gimbal_ypr=(17.6,11.9,10.5)deg world_ypr=(17.6,11.9,10.5)deg
[2026-07-21 01:48:50.250] [autoaim] [debug] [Outpost][SELECT_PHASE] current_angle=1.753 target_v_yaw=-2.513 normalized_omega=-2.513 prediction_dt=0.228 future_angle=1.181 current_plate=1 selected_plate=1 candidate_phase=3.275 candidate_z=-0.778
[2026-07-21 01:48:50.278] [autoaim] [debug] [Outpost][OBS_ASSOC] seq=2291 state=2 dt=0.0024s world=(2.641,0.016,-0.790) yaw=12.8deg rho=0.349 radial_res=+0.074 raw_ang=-146.4deg pred=(94.0,-146.0,-26.0)deg err=(+119.6,-0.4,-120.4)deg chosen=1 changed=0 corrected=-146.4deg residual=+0.0deg z=(-0.665,-0.778,-0.624) seen=(1,1,1)
[2026-07-21 01:48:50.286] [autoaim] [debug] [Outpost][SELECT] mode=ROTATING selected=1 observed=1 changed=false fresh=true unseen=0.000s phase=0.0deg model_ok=true fire=false diff=-4.3deg cmd=(4.67,-11.68)
[2026-07-21 01:48:50.317] [autoaim] [debug] [Outpost][OBS_INPUT] seq=2501 candidates=1 confidence=1.000 image=(748.8,642.5) image_dist=112.1 camera=(-0.003,0.155,2.517) gimbal=(2.626,0.039,-0.784) world=(2.626,0.039,-0.784) gimbal_ypr=(8.2,35.9,6.0)deg world_ypr=(8.2,35.9,6.0)deg
[2026-07-21 01:48:50.347] [autoaim] [debug] [Outpost][GEOM_OK] state=2 rho=0.372 res=+0.097 yaw_radial=164.1deg model_center=(2.932,0.209) center_minus=(2.316,0.030) center_plus=(2.862,0.098)
[2026-07-21 01:48:50.350] [autoaim] [debug] [Outpost][OBS_ASSOC] seq=2301 state=2 dt=0.0038s world=(2.588,0.067,-0.770) yaw=6.6deg rho=0.372 radial_res=+0.097 raw_ang=-157.5deg pred=(82.4,-157.6,-37.6)deg err=(+120.1,+0.1,-119.9)deg chosen=1 changed=0 corrected=-157.5deg residual=+0.0deg z=(-0.665,-0.778,-0.624) seen=(1,1,1)
[2026-07-21 01:48:50.381] [autoaim] [debug] [Outpost][OBS_INPUT] seq=2511 candidates=1 confidence=0.999 image=(713.3,641.1) image_dist=117.0 camera=(-0.051,0.150,2.455) gimbal=(2.567,0.086,-0.762) world=(2.567,0.086,-0.762) gimbal_ypr=(4.1,38.4,3.0)deg world_ypr=(4.1,38.4,3.0)deg
[2026-07-21 01:48:50.382] [autoaim] [debug] [Outpost][SELECT_PHASE] current_angle=1.363 target_v_yaw=-2.513 normalized_omega=-2.513 prediction_dt=0.252 future_angle=0.730 current_plate=1 selected_plate=1 candidate_phase=2.825 candidate_z=-0.778
[2026-07-21 01:48:50.400] [autoaim] [debug] [Outpost][OBS_ASSOC] seq=2311 state=2 dt=0.0041s world=(2.561,0.100,-0.759) yaw=7.1deg rho=0.386 radial_res=+0.111 raw_ang=-163.6deg pred=(76.2,-163.8,-43.8)deg err=(+120.2,+0.2,-119.8)deg chosen=1 changed=0 corrected=-163.6deg residual=+0.0deg z=(-0.665,-0.778,-0.624) seen=(1,1,1)
[2026-07-21 01:48:50.426] [autoaim] [debug] [Outpost][OBS_INPUT] seq=2521 candidates=1 confidence=0.999 image=(687.8,640.9) image_dist=127.2 camera=(-0.085,0.148,2.450) gimbal=(2.563,0.120,-0.759) world=(2.563,0.120,-0.759) gimbal_ypr=(7.0,36.4,3.0)deg world_ypr=(7.0,36.4,3.0)deg
[2026-07-21 01:48:50.452] [autoaim] [debug] [Outpost][IMU] raw_deg=(0.00,0.00,0.00) solver_rad=(0.0000,-0.0000,0.0000)
[2026-07-21 01:48:50.454] [autoaim] [debug] [Outpost][OBS_ASSOC] seq=2321 state=2 dt=0.0038s world=(2.577,0.141,-0.765) yaw=4.1deg rho=0.361 radial_res=+0.086 raw_ang=-169.1deg pred=(70.5,-169.5,-49.5)deg err=(+120.3,+0.3,-119.7)deg chosen=1 changed=0 corrected=-169.1deg residual=+0.0deg z=(-0.665,-0.778,-0.624) seen=(1,1,1)
[2026-07-21 01:48:50.484] [autoaim] [debug] [Outpost][OBS_INPUT] seq=2531 candidates=1 confidence=0.998 image=(658.5,641.0) image_dist=144.2 camera=(-0.127,0.152,2.489) gimbal=(2.598,0.162,-0.773) world=(2.598,0.162,-0.773) gimbal_ypr=(7.0,5.0,1.1)deg world_ypr=(7.0,5.0,1.1)deg
[2026-07-21 01:48:50.486] [autoaim] [debug] [Outpost][SELECT_PHASE] current_angle=1.179 target_v_yaw=-2.513 normalized_omega=-2.513 prediction_dt=0.248 future_angle=0.555 current_plate=1 selected_plate=1 candidate_phase=2.649 candidate_z=-0.778
[2026-07-21 01:48:50.503] [autoaim] [debug] [Outpost][OBS_ASSOC] seq=2331 state=2 dt=0.0038s world=(2.620,0.178,-0.780) yaw=8.2deg rho=0.314 radial_res=+0.039 raw_ang=-174.3deg pred=(65.6,-174.4,-54.4)deg err=(+120.1,+0.1,-119.9)deg chosen=1 changed=0 corrected=-174.3deg residual=+0.0deg z=(-0.665,-0.778,-0.624) seen=(1,1,1)
[2026-07-21 01:48:50.595] [autoaim] [debug] [Outpost][SELECT_PHASE] current_angle=0.916 target_v_yaw=-2.513 normalized_omega=-2.513 prediction_dt=0.242 future_angle=0.309 current_plate=1 selected_plate=1 candidate_phase=2.403 candidate_z=-0.778
[2026-07-21 01:48:50.699] [autoaim] [debug] [Outpost][SELECT_PHASE] current_angle=0.653 target_v_yaw=-2.513 normalized_omega=-2.513 prediction_dt=0.236 future_angle=0.060 current_plate=1 selected_plate=1 candidate_phase=2.155 candidate_z=-0.778
[2026-07-21 01:48:50.804] [autoaim] [debug] [Outpost][SELECT_PHASE] current_angle=0.390 target_v_yaw=-2.513 normalized_omega=-2.513 prediction_dt=0.231 future_angle=-0.190 current_plate=1 selected_plate=1 candidate_phase=1.904 candidate_z=-0.778
[2026-07-21 01:48:50.836] [autoaim] [debug] [Outpost][SELECT] mode=ROTATING selected=1 observed=1 changed=false fresh=false unseen=0.313s phase=0.0deg model_ok=false fire=false diff=-79.5deg cmd=(9.68,-9.91)
[2026-07-21 01:48:50.871] [autoaim] [debug] [Outpost][SELECT] mode=ROTATING selected=2 observed=1 changed=true fresh=false unseen=0.345s phase=0.0deg model_ok=false fire=false diff=36.0deg cmd=(0.68,-7.85)
[2026-07-21 01:48:50.882] [autoaim] [debug] [Outpost][SWITCH_COMMIT] t=30675.804 from=1 phase_best=2 height_plate=0 tracked_err=+166.7deg new_phase_err=+46.7deg jump=115.1deg z=-0.704 z_err=0.039 margin=0.035 z_confident=1
[2026-07-21 01:48:50.882] [autoaim] [debug] [Outpost][OBS_ASSOC] seq=2335 state=2 dt=0.3588s world=(3.109,-0.125,-0.704) yaw=43.3deg rho=0.378 radial_res=+0.103 raw_ang=-62.1deg pred=(11.2,131.2,-108.8)deg err=(-73.3,+166.7,+46.7)deg chosen=2 changed=1 corrected=-62.1deg residual=+0.0deg z=(-0.665,-0.778,-0.624) seen=(1,1,1)
[2026-07-21 01:48:50.884] [autoaim] [debug] [Outpost][OBS_INPUT] seq=2541 candidates=1 confidence=0.999 image=(853.0,498.0) image_dist=106.9 camera=(0.162,-0.051,2.887) gimbal=(3.040,-0.120,-0.686) world=(3.040,-0.120,-0.686) gimbal_ypr=(43.8,7.3,22.4)deg world_ypr=(43.8,7.3,22.4)deg
[2026-07-21 01:48:50.908] [autoaim] [debug] [Outpost][SELECT_PHASE] current_angle=0.736 target_v_yaw=-2.513 normalized_omega=-2.513 prediction_dt=0.238 future_angle=0.139 current_plate=2 selected_plate=2 candidate_phase=-1.956 candidate_z=-0.624
[2026-07-21 01:48:50.915] [autoaim] [debug] [Outpost][IDENTITY_LOCK] t=30675.837 tracked=2 phase_best=2 height_candidate=0 tracked_err=-3.8deg new_phase_err=-3.8deg jump=4.8deg z=-0.664 z_err=0.002 margin=0.038
[2026-07-21 01:48:50.915] [autoaim] [debug] [Outpost][OBS_ASSOC] seq=2341 state=2 dt=0.0068s world=(2.972,-0.105,-0.664) yaw=40.7deg rho=0.316 radial_res=+0.041 raw_ang=-82.7deg pred=(41.2,161.2,-78.8)deg err=(-123.8,+116.2,-3.8)deg chosen=2 changed=0 corrected=-82.7deg residual=+0.0deg z=(-0.665,-0.778,-0.624) seen=(1,1,1)
[2026-07-21 01:48:50.949] [autoaim] [debug] [Outpost][OBS_INPUT] seq=2551 candidates=1 confidence=0.999 image=(832.3,491.8) image_dist=90.0 camera=(0.125,-0.059,2.781) gimbal=(2.940,-0.085,-0.650) world=(2.940,-0.085,-0.650) gimbal_ypr=(35.5,10.7,18.1)deg world_ypr=(35.5,10.7,18.1)deg
[2026-07-21 01:48:50.985] [autoaim] [debug] [Outpost][OBS_ASSOC] seq=2351 state=2 dt=0.0203s world=(2.815,-0.061,-0.614) yaw=32.5deg rho=0.294 radial_res=+0.019 raw_ang=-113.5deg pred=(21.3,141.3,-98.7)deg err=(-134.7,+105.3,-14.7)deg chosen=2 changed=0 corrected=-113.5deg residual=+0.0deg z=(-0.665,-0.778,-0.624) seen=(1,1,1)
[2026-07-21 01:48:51.023] [autoaim] [debug] [Outpost][OBS_INPUT] seq=2561 candidates=1 confidence=1.000 image=(804.3,486.5) image_dist=69.0 camera=(0.079,-0.064,2.668) gimbal=(2.832,-0.040,-0.614) world=(2.832,-0.040,-0.614) gimbal_ypr=(25.5,10.5,13.5)deg world_ypr=(25.5,10.5,13.5)deg
[2026-07-21 01:48:51.057] [autoaim] [debug] [Outpost][SELECT_PHASE] current_angle=0.071 target_v_yaw=-2.513 normalized_omega=-2.513 prediction_dt=0.226 future_angle=-0.498 current_plate=2 selected_plate=2 candidate_phase=-2.593 candidate_z=-0.624
[2026-07-21 01:48:51.061] [autoaim] [debug] [Outpost][OBS_ASSOC] seq=2361 state=2 dt=0.0080s world=(2.817,-0.016,-0.607) yaw=159.3deg rho=0.253 radial_res=-0.022 raw_ang=-117.1deg pred=(2.9,122.9,-117.1)deg err=(-120.0,+120.0,+0.0)deg chosen=2 changed=0 corrected=-117.1deg residual=+0.0deg z=(-0.665,-0.778,-0.624) seen=(1,1,1)
[2026-07-21 01:48:51.088] [autoaim] [debug] [Outpost][OBS_INPUT] seq=2571 candidates=1 confidence=0.999 image=(774.6,482.5) image_dist=53.4 camera=(0.034,-0.070,2.657) gimbal=(2.822,0.004,-0.605) world=(2.822,0.004,-0.605) gimbal_ypr=(168.6,167.0,-177.3)deg world_ypr=(168.6,167.0,-177.3)deg
[2026-07-21 01:48:51.118] [autoaim] [debug] [Outpost][OBS_ASSOC] seq=2371 state=2 dt=0.0051s world=(2.759,0.022,-0.588) yaw=10.3deg rho=0.254 radial_res=-0.021 raw_ang=-132.8deg pred=(-13.1,106.9,-133.1)deg err=(-119.7,+120.3,+0.3)deg chosen=2 changed=0 corrected=-132.8deg residual=+0.0deg z=(-0.665,-0.778,-0.624) seen=(1,1,1)
[2026-07-21 01:48:51.150] [autoaim] [debug] [Outpost][OBS_INPUT] seq=2581 candidates=1 confidence=0.994 image=(748.4,480.3) image_dist=50.3 camera=(-0.004,-0.071,2.571) gimbal=(2.739,0.041,-0.581) world=(2.739,0.041,-0.581) gimbal_ypr=(0.4,22.2,3.6)deg world_ypr=(0.4,22.2,3.6)deg
[2026-07-21 01:48:51.161] [autoaim] [debug] [Outpost][SELECT_PHASE] current_angle=-0.405 target_v_yaw=-2.513 normalized_omega=-2.513 prediction_dt=0.260 future_angle=-1.058 current_plate=2 selected_plate=2 candidate_phase=-3.153 candidate_z=-0.624
[2026-07-21 01:48:51.165] [autoaim] [debug] [Outpost][OBS_ASSOC] seq=2381 state=2 dt=0.0041s world=(2.717,0.054,-0.575) yaw=5.2deg rho=0.265 radial_res=-0.010 raw_ang=-144.3deg pred=(-23.8,96.2,-143.8)deg err=(-120.4,+119.6,-0.4)deg chosen=2 changed=0 corrected=-144.3deg residual=+0.0deg z=(-0.665,-0.778,-0.624) seen=(1,1,1)
[2026-07-21 01:48:51.198] [autoaim] [debug] [Outpost][OBS_INPUT] seq=2591 candidates=1 confidence=1.000 image=(722.9,478.9) image_dist=58.7 camera=(-0.039,-0.071,2.517) gimbal=(2.687,0.076,-0.566) world=(2.687,0.076,-0.566) gimbal_ypr=(178.8,148.7,-178.3)deg world_ypr=(178.8,148.7,-178.3)deg
[2026-07-21 01:48:51.233] [autoaim] [debug] [Outpost][OBS_ASSOC] seq=2391 state=2 dt=0.0040s world=(2.671,0.101,-0.561) yaw=178.6deg rho=0.282 radial_res=+0.007 raw_ang=-157.5deg pred=(-36.7,83.3,-156.7)deg err=(-120.8,+119.2,-0.8)deg chosen=2 changed=0 corrected=-157.5deg residual=+0.0deg z=(-0.665,-0.778,-0.624) seen=(1,1,1)
[2026-07-21 01:48:51.272] [autoaim] [debug] [Outpost][OBS_INPUT] seq=2601 candidates=1 confidence=0.979 image=(685.9,478.1) image_dist=83.5 camera=(-0.090,-0.072,2.517) gimbal=(2.686,0.127,-0.565) world=(2.686,0.127,-0.565) gimbal_ypr=(1.7,-0.8,-0.4)deg world_ypr=(1.7,-0.8,-0.4)deg
[2026-07-21 01:48:51.307] [autoaim] [debug] [Outpost][GEOM_OK] state=2 rho=0.238 res=-0.037 yaw_radial=172.1deg model_center=(2.932,0.209) center_minus=(2.427,0.127) center_plus=(2.974,0.180)
[2026-07-21 01:48:51.307] [autoaim] [debug] [Outpost][SELECT_PHASE] current_angle=-0.812 target_v_yaw=-2.513 normalized_omega=-2.513 prediction_dt=0.248 future_angle=-1.436 current_plate=2 selected_plate=2 candidate_phase=-3.530 candidate_z=-0.624
[2026-07-21 01:48:51.312] [autoaim] [debug] [Outpost][OBS_ASSOC] seq=2401 state=2 dt=0.0041s world=(2.701,0.156,-0.569) yaw=5.5deg rho=0.237 radial_res=-0.038 raw_ang=-167.1deg pred=(-47.1,72.9,-167.1)deg err=(-120.0,+120.0,-0.0)deg chosen=2 changed=0 corrected=-167.1deg residual=+0.0deg z=(-0.665,-0.778,-0.624) seen=(1,1,1)
[2026-07-21 01:48:51.446] [autoaim] [debug] [Outpost][SELECT_PHASE] current_angle=-1.177 target_v_yaw=-2.513 normalized_omega=-2.513 prediction_dt=0.242 future_angle=-1.786 current_plate=2 selected_plate=2 candidate_phase=-3.880 candidate_z=-0.624
[2026-07-21 01:48:51.487] [autoaim] [debug] [Outpost][SELECT] mode=ROTATING selected=2 observed=2 changed=false fresh=true unseen=0.141s phase=0.0deg model_ok=true fire=false diff=-52.1deg cmd=(8.85,-7.51)
[2026-07-21 01:48:51.558] [autoaim] [debug] [Outpost][SELECT_PHASE] current_angle=-1.459 target_v_yaw=-2.513 normalized_omega=-2.513 prediction_dt=0.236 future_angle=-2.053 current_plate=2 selected_plate=2 candidate_phase=-4.147 candidate_z=-0.624
[2026-07-21 01:48:51.679] [autoaim] [debug] [Outpost][SWITCH_COMMIT] t=30676.597 from=2 phase_best=0 height_plate=1 tracked_err=+116.7deg new_phase_err=-3.3deg jump=69.3deg z=-0.751 z_err=0.027 margin=0.060 z_confident=1
[2026-07-21 01:48:51.679] [autoaim] [debug] [Outpost][OBS_ASSOC] seq=2405 state=2 dt=0.3292s world=(2.848,-0.134,-0.751) yaw=53.5deg rho=0.353 radial_res=+0.078 raw_ang=-103.7deg pred=(-100.4,19.6,139.6)deg err=(-3.3,-123.3,+116.7)deg chosen=0 changed=1 corrected=-103.7deg residual=+0.0deg z=(-0.665,-0.778,-0.624) seen=(1,1,1)
[2026-07-21 01:48:51.680] [autoaim] [debug] [Outpost][IMU] raw_deg=(0.00,0.00,0.00) solver_rad=(0.0000,-0.0000,0.0000)
[2026-07-21 01:48:51.681] [autoaim] [debug] [Outpost][OBS_INPUT] seq=2611 candidates=1 confidence=0.999 image=(865.4,573.9) image_dist=122.3 camera=(0.169,0.064,2.671) gimbal=(2.802,-0.130,-0.738) world=(2.802,-0.130,-0.738) gimbal_ypr=(53.7,2.2,25.2)deg world_ypr=(53.7,2.2,25.2)deg
[2026-07-21 01:48:51.681] [autoaim] [debug] [Outpost][SELECT] mode=ROTATING selected=0 observed=0 changed=true fresh=true unseen=0.000s phase=0.0deg model_ok=true fire=false diff=32.0deg cmd=(1.02,-8.99)
[2026-07-21 01:48:51.699] [autoaim] [debug] [Outpost][OBS_ASSOC] seq=2411 state=2 dt=0.0041s world=(2.763,-0.121,-0.723) yaw=51.3deg rho=0.371 radial_res=+0.096 raw_ang=-117.1deg pred=(-111.0,9.0,129.0)deg err=(-6.1,-126.1,+113.9)deg chosen=0 changed=0 corrected=-117.1deg residual=+0.0deg z=(-0.665,-0.778,-0.624) seen=(1,1,1)
[2026-07-21 01:48:51.722] [autoaim] [debug] [Outpost][SELECT_PHASE] current_angle=-2.026 target_v_yaw=-2.513 normalized_omega=-2.513 prediction_dt=0.227 future_angle=-2.597 current_plate=0 selected_plate=0 candidate_phase=-2.597 candidate_z=-0.665
[2026-07-21 01:48:51.731] [autoaim] [debug] [Outpost][OBS_INPUT] seq=2621 candidates=1 confidence=0.986 image=(851.6,569.2) image_dist=107.8 camera=(0.147,0.056,2.642) gimbal=(2.775,-0.109,-0.722) world=(2.775,-0.109,-0.722) gimbal_ypr=(46.8,5.6,22.4)deg world_ypr=(46.8,5.6,22.4)deg
[2026-07-21 01:48:51.763] [autoaim] [debug] [Outpost][OBS_ASSOC] seq=2421 state=2 dt=0.0041s world=(2.759,-0.094,-0.714) yaw=42.3deg rho=0.349 radial_res=+0.074 raw_ang=-119.7deg pred=(-125.9,-5.9,114.1)deg err=(+6.1,-113.9,+126.1)deg chosen=0 changed=0 corrected=-119.7deg residual=+0.0deg z=(-0.665,-0.778,-0.624) seen=(1,1,1)
[2026-07-21 01:48:51.799] [autoaim] [debug] [Outpost][OBS_INPUT] seq=2631 candidates=1 confidence=0.998 image=(829.3,563.9) image_dist=85.1 camera=(0.112,0.048,2.589) gimbal=(2.726,-0.075,-0.700) world=(2.726,-0.075,-0.700) gimbal_ypr=(38.1,7.7,18.9)deg world_ypr=(38.1,7.7,18.9)deg
[2026-07-21 01:48:51.831] [autoaim] [debug] [Outpost][OBS_ASSOC] seq=2431 state=2 dt=0.0040s world=(2.699,-0.057,-0.689) yaw=33.7deg rho=0.353 radial_res=+0.078 raw_ang=-131.2deg pred=(-131.6,-11.6,108.4)deg err=(+0.4,-119.6,+120.4)deg chosen=0 changed=0 corrected=-131.2deg residual=+0.0deg z=(-0.665,-0.778,-0.624) seen=(1,1,1)
[2026-07-21 01:48:51.840] [autoaim] [debug] [Outpost][SELECT_PHASE] current_angle=-2.288 target_v_yaw=-2.513 normalized_omega=-2.513 prediction_dt=0.225 future_angle=-2.854 current_plate=0 selected_plate=0 candidate_phase=-2.854 candidate_z=-0.665
[2026-07-21 01:48:51.859] [autoaim] [debug] [Outpost][OBS_INPUT] seq=2641 candidates=1 confidence=0.999 image=(805.6,560.2) image_dist=62.2 camera=(0.078,0.042,2.561) gimbal=(2.701,-0.041,-0.687) world=(2.701,-0.041,-0.687) gimbal_ypr=(29.8,9.5,15.2)deg world_ypr=(29.8,9.5,15.2)deg
[2026-07-21 01:48:51.880] [autoaim] [debug] [Outpost][OBS_ASSOC] seq=2441 state=2 dt=0.0040s world=(2.677,-0.029,-0.678) yaw=27.9deg rho=0.348 radial_res=+0.073 raw_ang=-137.0deg pred=(-131.7,-11.7,108.3)deg err=(-5.3,-125.3,+114.7)deg chosen=0 changed=0 corrected=-137.0deg residual=+0.0deg z=(-0.665,-0.778,-0.624) seen=(1,1,1)
[2026-07-21 01:48:51.931] [autoaim] [debug] [Outpost][OBS_INPUT] seq=2651 candidates=1 confidence=1.000 image=(775.7,556.4) image_dist=35.8 camera=(0.035,0.037,2.541) gimbal=(2.682,0.002,-0.676) world=(2.682,0.002,-0.676) gimbal_ypr=(19.4,11.9,11.0)deg world_ypr=(19.4,11.9,11.0)deg
[2026-07-21 01:48:51.948] [autoaim] [debug] [Outpost][OBS_ASSOC] seq=2451 state=2 dt=0.0039s world=(2.711,0.015,-0.683) yaw=13.7deg rho=0.294 radial_res=+0.019 raw_ang=-138.6deg pred=(-135.1,-15.1,104.9)deg err=(-3.5,-123.5,+116.5)deg chosen=0 changed=0 corrected=-138.6deg residual=+0.0deg z=(-0.665,-0.778,-0.624) seen=(1,1,1)
[2026-07-21 01:48:51.967] [autoaim] [debug] [Outpost][SELECT_PHASE] current_angle=-2.504 target_v_yaw=-2.513 normalized_omega=-2.513 prediction_dt=0.262 future_angle=-3.163 current_plate=0 selected_plate=0 candidate_phase=-3.163 candidate_z=-0.665
[2026-07-21 01:48:51.976] [autoaim] [debug] [Outpost][OBS_INPUT] seq=2661 candidates=1 confidence=0.993 image=(753.0,554.7) image_dist=24.4 camera=(0.003,0.034,2.545) gimbal=(2.686,0.034,-0.675) world=(2.686,0.034,-0.675) gimbal_ypr=(9.8,11.8,7.1)deg world_ypr=(9.8,11.8,7.1)deg
[2026-07-21 01:48:52.004] [autoaim] [debug] [Outpost][OBS_ASSOC] seq=2461 state=2 dt=0.0025s world=(2.672,0.053,-0.669) yaw=2.9deg rho=0.303 radial_res=+0.028 raw_ang=-149.0deg pred=(-149.0,-29.0,91.0)deg err=(-0.0,-120.0,+120.0)deg chosen=0 changed=0 corrected=-149.0deg residual=+0.0deg z=(-0.665,-0.778,-0.624) seen=(1,1,1)
[2026-07-21 01:48:52.039] [autoaim] [debug] [Outpost][OBS_INPUT] seq=2671 candidates=1 confidence=0.998 image=(723.3,552.8) image_dist=35.6 camera=(-0.038,0.031,2.494) gimbal=(2.637,0.074,-0.658) world=(2.637,0.074,-0.658) gimbal_ypr=(178.9,172.7,-178.2)deg world_ypr=(178.9,172.7,-178.2)deg
[2026-07-21 01:48:52.081] [autoaim] [debug] [Outpost][OBS_ASSOC] seq=2471 state=2 dt=0.0200s world=(2.624,0.101,-0.653) yaw=9.2deg rho=0.326 radial_res=+0.051 raw_ang=-160.7deg pred=(-162.0,-42.0,78.0)deg err=(+1.3,-118.7,+121.3)deg chosen=0 changed=0 corrected=-160.7deg residual=+0.0deg z=(-0.665,-0.778,-0.624) seen=(1,1,1)
[2026-07-21 01:48:52.091] [autoaim] [debug] [Outpost][SELECT_PHASE] current_angle=-2.816 target_v_yaw=-2.513 normalized_omega=-2.513 prediction_dt=0.255 future_angle=-3.458 current_plate=0 selected_plate=0 candidate_phase=-3.458 candidate_z=-0.665
[2026-07-21 01:48:52.120] [autoaim] [debug] [Outpost][OBS_INPUT] seq=2681 candidates=1 confidence=0.999 image=(680.3,552.2) image_dist=74.1 camera=(-0.097,0.029,2.481) gimbal=(2.624,0.132,-0.653) world=(2.624,0.132,-0.653) gimbal_ypr=(3.1,5.1,0.6)deg world_ypr=(3.1,5.1,0.6)deg
[2026-07-21 01:48:52.153] [autoaim] [debug] [Outpost][OBS_ASSOC] seq=2481 state=2 dt=0.0041s world=(2.641,0.156,-0.659) yaw=6.8deg rho=0.296 radial_res=+0.021 raw_ang=-169.6deg pred=(-169.7,-49.7,70.3)deg err=(+0.1,-119.9,+120.1)deg chosen=0 changed=0 corrected=-169.6deg residual=+0.0deg z=(-0.665,-0.778,-0.624) seen=(1,1,1)
[2026-07-21 01:48:52.153] [autoaim] [debug] [Outpost][SELECT] mode=ROTATING selected=0 observed=0 changed=false fresh=true unseen=0.000s phase=0.0deg model_ok=true fire=false diff=-30.1deg cmd=(7.24,-9.10)
[2026-07-21 01:48:52.185] [autoaim] [debug] [Outpost][OBS_INPUT] seq=2691 candidates=1 confidence=0.978 image=(647.8,553.0) image_dist=105.7 camera=(-0.143,0.031,2.516) gimbal=(2.656,0.179,-0.664) world=(2.656,0.179,-0.664) gimbal_ypr=(172.4,152.6,175.4)deg world_ypr=(172.4,152.6,175.4)deg
[2026-07-21 01:48:52.221] [autoaim] [debug] [Outpost][SELECT_PHASE] current_angle=-3.122 target_v_yaw=-2.513 normalized_omega=-2.513 prediction_dt=0.248 future_angle=-3.746 current_plate=0 selected_plate=0 candidate_phase=-3.746 candidate_z=-0.665
[2026-07-21 01:48:52.333] [autoaim] [debug] [Outpost][SELECT_PHASE] current_angle=2.878 target_v_yaw=-2.513 normalized_omega=-2.513 prediction_dt=0.242 future_angle=2.270 current_plate=0 selected_plate=0 candidate_phase=2.270 candidate_z=-0.665
[2026-07-21 01:48:52.441] [autoaim] [debug] [Outpost][SELECT_PHASE] current_angle=2.606 target_v_yaw=-2.513 normalized_omega=-2.513 prediction_dt=0.236 future_angle=2.012 current_plate=0 selected_plate=0 candidate_phase=2.012 candidate_z=-0.665
[2026-07-21 01:48:52.546] [autoaim] [debug] [Outpost][SELECT_PHASE] current_angle=2.344 target_v_yaw=-2.513 normalized_omega=-2.513 prediction_dt=0.232 future_angle=1.761 current_plate=0 selected_plate=0 candidate_phase=1.761 candidate_z=-0.665
[2026-07-21 01:48:52.550] [autoaim] [debug] [Outpost][SELECT] mode=ROTATING selected=1 observed=0 changed=true fresh=false unseen=0.353s phase=0.0deg model_ok=false fire=false diff=36.1deg cmd=(0.67,-11.21)
[2026-07-21 01:48:52.586] [autoaim] [debug] [Outpost][SWITCH_COMMIT] t=30677.509 from=0 phase_best=1 height_plate=1 tracked_err=+128.5deg new_phase_err=+8.5deg jump=72.4deg z=-0.883 z_err=0.105 margin=0.113 z_confident=0
[2026-07-21 01:48:52.586] [autoaim] [debug] [Outpost][OBS_ASSOC] seq=2490 state=2 dt=0.3893s world=(2.857,-0.116,-0.883) yaw=43.6deg rho=0.334 radial_res=+0.059 raw_ang=-103.0deg pred=(128.5,-111.5,8.5)deg err=(+128.5,+8.5,-111.5)deg chosen=1 changed=1 corrected=-103.0deg residual=+0.0deg z=(-0.665,-0.778,-0.624) seen=(1,1,1)
[2026-07-21 01:48:52.590] [autoaim] [debug] [Outpost][OBS_ASSOC] seq=2491 state=2 dt=0.0040s world=(2.834,-0.114,-0.875) yaw=43.0deg rho=0.337 radial_res=+0.062 raw_ang=-106.8deg pred=(136.5,-103.5,16.5)deg err=(+116.7,-3.3,-123.3)deg chosen=1 changed=0 corrected=-106.8deg residual=+0.0deg z=(-0.665,-0.778,-0.624) seen=(1,1,1)
[2026-07-21 01:48:52.626] [autoaim] [debug] [Outpost][OBS_INPUT] seq=2701 candidates=1 confidence=1.000 image=(839.3,652.2) image_dist=150.4 camera=(0.132,0.181,2.702) gimbal=(2.799,-0.094,-0.859) world=(2.799,-0.094,-0.859) gimbal_ypr=(38.2,9.1,20.0)deg world_ypr=(38.2,9.1,20.0)deg
[2026-07-21 01:48:52.654] [autoaim] [debug] [Outpost][GEOM_OK] state=2 rho=0.318 res=+0.043 yaw_radial=149.1deg model_center=(2.932,0.209) center_minus=(2.566,-0.230) center_plus=(3.024,0.074)
[2026-07-21 01:48:52.658] [autoaim] [debug] [Outpost][OBS_ASSOC] seq=2501 state=2 dt=0.0044s world=(2.750,-0.074,-0.839) yaw=33.5deg rho=0.336 radial_res=+0.061 raw_ang=-122.6deg pred=(123.9,-116.1,3.9)deg err=(+113.5,-6.5,-126.5)deg chosen=1 changed=0 corrected=-122.6deg residual=+0.0deg z=(-0.665,-0.778,-0.624) seen=(1,1,1)
[2026-07-21 01:48:52.659] [autoaim] [debug] [Outpost][SELECT_PHASE] current_angle=2.049 target_v_yaw=-2.513 normalized_omega=-2.513 prediction_dt=0.229 future_angle=1.473 current_plate=1 selected_plate=1 candidate_phase=3.568 candidate_z=-0.778
[2026-07-21 01:48:52.687] [autoaim] [debug] [Outpost][OBS_INPUT] seq=2711 candidates=1 confidence=1.000 image=(815.9,648.5) image_dist=134.7 camera=(0.095,0.172,2.642) gimbal=(2.744,-0.058,-0.834) world=(2.744,-0.058,-0.834) gimbal_ypr=(28.9,9.9,15.9)deg world_ypr=(28.9,9.9,15.9)deg
[2026-07-21 01:48:52.723] [autoaim] [debug] [Outpost][SELECT] mode=ROTATING selected=1 observed=1 changed=false fresh=true unseen=0.000s phase=0.0deg model_ok=true fire=false diff=11.3deg cmd=(3.02,-11.63)
[2026-07-21 01:48:52.725] [autoaim] [debug] [Outpost][OBS_ASSOC] seq=2511 state=2 dt=0.0059s world=(2.697,-0.034,-0.815) yaw=24.1deg rho=0.338 radial_res=+0.063 raw_ang=-134.0deg pred=(107.4,-132.6,-12.6)deg err=(+118.6,-1.4,-121.4)deg chosen=1 changed=0 corrected=-134.0deg residual=+0.0deg z=(-0.665,-0.778,-0.624) seen=(1,1,1)
[2026-07-21 01:48:52.757] [autoaim] [debug] [Outpost][OBS_INPUT] seq=2721 candidates=1 confidence=0.999 image=(785.4,645.2) image_dist=119.8 camera=(0.049,0.163,2.588) gimbal=(2.693,-0.013,-0.811) world=(2.693,-0.013,-0.811) gimbal_ypr=(18.0,9.9,10.9)deg world_ypr=(18.0,9.9,10.9)deg
[2026-07-21 01:48:52.793] [autoaim] [debug] [Outpost][OBS_ASSOC] seq=2521 state=2 dt=0.0160s world=(2.693,0.010,-0.809) yaw=9.8deg rho=0.311 radial_res=+0.036 raw_ang=-140.2deg pred=(100.5,-139.5,-19.5)deg err=(+119.3,-0.7,-120.7)deg chosen=1 changed=0 corrected=-140.2deg residual=+0.0deg z=(-0.665,-0.778,-0.624) seen=(1,1,1)
[2026-07-21 01:48:52.793] [autoaim] [debug] [Outpost][SELECT_PHASE] current_angle=1.742 target_v_yaw=-2.513 normalized_omega=-2.513 prediction_dt=0.260 future_angle=1.089 current_plate=1 selected_plate=1 candidate_phase=3.183 candidate_z=-0.778
[2026-07-21 01:48:52.807] [autoaim] [debug] [Outpost][OBS_INPUT] seq=2731 candidates=1 confidence=1.000 image=(759.9,643.2) image_dist=113.2 camera=(0.012,0.160,2.580) gimbal=(2.685,0.024,-0.805) world=(2.685,0.024,-0.805) gimbal_ypr=(1.0,9.5,4.1)deg world_ypr=(1.0,9.5,4.1)deg
[2026-07-21 01:48:52.835] [autoaim] [debug] [Outpost][OBS_ASSOC] seq=2531 state=2 dt=0.0043s world=(2.618,0.043,-0.781) yaw=8.1deg rho=0.355 radial_res=+0.080 raw_ang=-152.1deg pred=(88.6,-151.4,-31.4)deg err=(+119.3,-0.7,-120.7)deg chosen=1 changed=0 corrected=-152.1deg residual=+0.0deg z=(-0.665,-0.778,-0.624) seen=(1,1,1)
[2026-07-21 01:48:52.846] [autoaim] [debug] [Outpost][IMU] raw_deg=(0.00,0.00,0.00) solver_rad=(0.0000,-0.0000,0.0000)
[2026-07-21 01:48:52.863] [autoaim] [debug] [Outpost][OBS_INPUT] seq=2741 candidates=1 confidence=1.000 image=(731.1,641.8) image_dist=113.1 camera=(-0.027,0.153,2.492) gimbal=(2.602,0.063,-0.774) world=(2.602,0.063,-0.774) gimbal_ypr=(6.0,35.5,4.2)deg world_ypr=(6.0,35.5,4.2)deg
[2026-07-21 01:48:52.883] [autoaim] [debug] [Outpost][OBS_ASSOC] seq=2541 state=2 dt=0.0032s world=(2.582,0.076,-0.767) yaw=4.3deg rho=0.374 radial_res=+0.099 raw_ang=-159.3deg pred=(79.7,-160.3,-40.3)deg err=(+121.1,+1.1,-118.9)deg chosen=1 changed=0 corrected=-159.3deg residual=+0.0deg z=(-0.665,-0.778,-0.624) seen=(1,1,1)
[2026-07-21 01:48:52.883] [autoaim] [debug] [Outpost][SELECT_PHASE] current_angle=1.409 target_v_yaw=-2.513 normalized_omega=-2.513 prediction_dt=0.253 future_angle=0.774 current_plate=1 selected_plate=1 candidate_phase=2.868 candidate_z=-0.778
[2026-07-21 01:48:52.911] [autoaim] [debug] [Outpost][OBS_INPUT] seq=2751 candidates=1 confidence=1.000 image=(705.9,641.0) image_dist=119.4 camera=(-0.061,0.149,2.457) gimbal=(2.569,0.096,-0.762) world=(2.569,0.096,-0.762) gimbal_ypr=(3.5,38.2,2.1)deg world_ypr=(3.5,38.2,2.1)deg
[2026-07-21 01:48:52.944] [autoaim] [debug] [Outpost][OBS_ASSOC] seq=2551 state=2 dt=0.0040s world=(2.565,0.119,-0.760) yaw=5.5deg rho=0.378 radial_res=+0.103 raw_ang=-166.2deg pred=(73.3,-166.7,-46.7)deg err=(+120.5,+0.5,-119.5)deg chosen=1 changed=0 corrected=-166.2deg residual=+0.0deg z=(-0.665,-0.778,-0.624) seen=(1,1,1)
[2026-07-21 01:48:52.976] [autoaim] [debug] [Outpost][OBS_INPUT] seq=2761 candidates=1 confidence=0.994 image=(671.9,640.9) image_dist=135.9 camera=(-0.107,0.149,2.454) gimbal=(2.566,0.142,-0.761) world=(2.566,0.142,-0.761) gimbal_ypr=(4.0,2.2,0.7)deg world_ypr=(4.0,2.2,0.7)deg
[2026-07-21 01:48:53.015] [autoaim] [debug] [Outpost][OBS_ASSOC] seq=2561 state=2 dt=0.0040s world=(2.620,0.171,-0.780) yaw=3.8deg rho=0.315 radial_res=+0.040 raw_ang=-173.1deg pred=(66.8,-173.2,-53.2)deg err=(+120.1,+0.1,-119.9)deg chosen=1 changed=0 corrected=-173.1deg residual=+0.0deg z=(-0.665,-0.778,-0.624) seen=(1,1,1)
[2026-07-21 01:48:53.016] [autoaim] [debug] [Outpost][SELECT_PHASE] current_angle=1.167 target_v_yaw=-2.513 normalized_omega=-2.513 prediction_dt=0.248 future_angle=0.543 current_plate=1 selected_plate=1 candidate_phase=2.637 candidate_z=-0.778
[2026-07-21 01:48:53.153] [autoaim] [debug] [Outpost][SELECT_PHASE] current_angle=0.829 target_v_yaw=-2.513 normalized_omega=-2.513 prediction_dt=0.240 future_angle=0.227 current_plate=1 selected_plate=1 candidate_phase=2.322 candidate_z=-0.778
[2026-07-21 01:48:53.297] [autoaim] [debug] [Outpost][SELECT_PHASE] current_angle=0.456 target_v_yaw=-2.513 normalized_omega=-2.513 prediction_dt=0.232 future_angle=-0.126 current_plate=1 selected_plate=1 candidate_phase=1.968 candidate_z=-0.778
[2026-07-21 01:48:53.365] [autoaim] [debug] [Outpost][SELECT] mode=ROTATING selected=1 observed=1 changed=false fresh=false unseen=0.325s phase=0.0deg model_ok=false fire=false diff=-80.9deg cmd=(9.72,-9.81)
[2026-07-21 01:48:53.398] [autoaim] [debug] [Outpost][SELECT] mode=ROTATING selected=2 observed=1 changed=true fresh=false unseen=0.353s phase=0.0deg model_ok=false fire=false diff=35.2deg cmd=(0.75,-7.87)
[2026-07-21 01:48:53.401] [autoaim] [debug] [Outpost][OBS_INPUT] seq=2771 candidates=1 confidence=0.988 image=(853.1,498.0) image_dist=107.1 camera=(0.163,-0.051,2.887) gimbal=(3.041,-0.121,-0.686) world=(3.041,-0.121,-0.686) gimbal_ypr=(44.1,7.1,22.5)deg world_ypr=(44.1,7.1,22.5)deg
[2026-07-21 01:48:53.401] [autoaim] [debug] [Outpost][SWITCH_COMMIT] t=30678.323 from=1 phase_best=2 height_plate=0 tracked_err=+157.1deg new_phase_err=+37.1deg jump=105.1deg z=-0.686 z_err=0.021 margin=0.041 z_confident=1
[2026-07-21 01:48:53.401] [autoaim] [debug] [Outpost][OBS_ASSOC] seq=2566 state=2 dt=0.3610s world=(3.041,-0.121,-0.686) yaw=44.1deg rho=0.347 radial_res=+0.072 raw_ang=-71.7deg pred=(11.1,131.1,-108.9)deg err=(-82.9,+157.1,+37.1)deg chosen=2 changed=1 corrected=-71.7deg residual=+0.0deg z=(-0.665,-0.778,-0.624) seen=(1,1,1)
[2026-07-21 01:48:53.431] [autoaim] [debug] [Outpost][OBS_ASSOC] seq=2571 state=2 dt=0.0063s world=(2.921,-0.104,-0.650) yaw=41.9deg rho=0.313 radial_res=+0.038 raw_ang=-92.0deg pred=(35.8,155.8,-84.2)deg err=(-127.8,+112.2,-7.8)deg chosen=2 changed=0 corrected=-92.0deg residual=+0.0deg z=(-0.665,-0.778,-0.624) seen=(1,1,1)
[2026-07-21 01:48:53.431] [autoaim] [debug] [Outpost][SELECT_PHASE] current_angle=0.489 target_v_yaw=-2.513 normalized_omega=-2.513 prediction_dt=0.233 future_angle=-0.095 current_plate=2 selected_plate=2 candidate_phase=-2.190 candidate_z=-0.624
[2026-07-21 01:48:53.449] [autoaim] [debug] [Outpost][OBS_INPUT] seq=2781 candidates=1 confidence=0.999 image=(838.6,493.7) image_dist=95.0 camera=(0.134,-0.055,2.754) gimbal=(2.913,-0.094,-0.646) world=(2.913,-0.094,-0.646) gimbal_ypr=(39.0,7.9,19.2)deg world_ypr=(39.0,7.9,19.2)deg
[2026-07-21 01:48:53.483] [autoaim] [debug] [Outpost][OBS_ASSOC] seq=2581 state=2 dt=0.0045s world=(2.873,-0.076,-0.632) yaw=35.1deg rho=0.291 radial_res=+0.016 raw_ang=-101.7deg pred=(20.1,140.1,-99.9)deg err=(-121.8,+118.2,-1.8)deg chosen=2 changed=0 corrected=-101.7deg residual=+0.0deg z=(-0.665,-0.778,-0.624) seen=(1,1,1)
[2026-07-21 01:48:53.514] [autoaim] [debug] [Outpost][OBS_INPUT] seq=2791 candidates=1 confidence=0.999 image=(815.7,488.9) image_dist=76.9 camera=(0.096,-0.061,2.684) gimbal=(2.847,-0.057,-0.621) world=(2.847,-0.057,-0.621) gimbal_ypr=(30.2,11.0,15.7)deg world_ypr=(30.2,11.0,15.7)deg
[2026-07-21 01:48:53.546] [autoaim] [debug] [Outpost][OBS_ASSOC] seq=2591 state=2 dt=0.0041s world=(2.778,-0.037,-0.600) yaw=28.0deg rho=0.290 radial_res=+0.015 raw_ang=-122.0deg pred=(6.7,126.7,-113.3)deg err=(-128.7,+111.3,-8.7)deg chosen=2 changed=0 corrected=-122.0deg residual=+0.0deg z=(-0.665,-0.778,-0.624) seen=(1,1,1)
[2026-07-21 01:48:53.546] [autoaim] [debug] [Outpost][SELECT_PHASE] current_angle=-0.036 target_v_yaw=-2.513 normalized_omega=-2.513 prediction_dt=0.225 future_angle=-0.602 current_plate=2 selected_plate=2 candidate_phase=-2.697 candidate_z=-0.624
[2026-07-21 01:48:53.578] [autoaim] [debug] [Outpost][OBS_INPUT] seq=2801 candidates=1 confidence=0.997 image=(789.0,484.4) image_dist=59.7 camera=(0.056,-0.067,2.641) gimbal=(2.807,-0.017,-0.604) world=(2.807,-0.017,-0.604) gimbal_ypr=(21.4,17.7,11.9)deg world_ypr=(21.4,17.7,11.9)deg
[2026-07-21 01:48:53.611] [autoaim] [debug] [Outpost][GEOM_OK] state=2 rho=0.250 res=-0.025 yaw_radial=139.5deg model_center=(2.932,0.209) center_minus=(2.527,-0.072) center_plus=(3.057,0.075)
[2026-07-21 01:48:53.613] [autoaim] [debug] [Outpost][OBS_ASSOC] seq=2601 state=2 dt=0.0063s world=(2.821,0.005,-0.605) yaw=169.1deg rho=0.232 radial_res=-0.043 raw_ang=-118.6deg pred=(-4.9,115.1,-124.9)deg err=(-113.6,+126.4,+6.4)deg chosen=2 changed=0 corrected=-118.6deg residual=+0.0deg z=(-0.665,-0.778,-0.624) seen=(1,1,1)
[2026-07-21 01:48:53.647] [autoaim] [debug] [Outpost][OBS_INPUT] seq=2811 candidates=1 confidence=0.999 image=(756.9,481.0) image_dist=49.8 camera=(0.008,-0.070,2.590) gimbal=(2.758,0.030,-0.587) world=(2.758,0.030,-0.587) gimbal_ypr=(172.8,168.9,-177.6)deg world_ypr=(172.8,168.9,-177.6)deg
[2026-07-21 01:48:53.684] [autoaim] [debug] [Outpost][OBS_ASSOC] seq=2611 state=2 dt=0.0203s world=(2.720,0.054,-0.576) yaw=179.6deg rho=0.262 radial_res=-0.013 raw_ang=-143.9deg pred=(-21.0,99.0,-141.0)deg err=(-122.9,+117.1,-2.9)deg chosen=2 changed=0 corrected=-143.9deg residual=+0.0deg z=(-0.665,-0.778,-0.624) seen=(1,1,1)
[2026-07-21 01:48:53.685] [autoaim] [debug] [Outpost][SELECT_PHASE] current_angle=-0.417 target_v_yaw=-2.513 normalized_omega=-2.513 prediction_dt=0.259 future_angle=-1.069 current_plate=2 selected_plate=2 candidate_phase=-3.164 candidate_z=-0.624
[2026-07-21 01:48:53.716] [autoaim] [debug] [Outpost][OBS_INPUT] seq=2821 candidates=1 confidence=0.999 image=(722.5,478.8) image_dist=59.1 camera=(-0.039,-0.071,2.504) gimbal=(2.674,0.076,-0.563) world=(2.674,0.076,-0.563) gimbal_ypr=(9.2,29.9,4.0)deg world_ypr=(9.2,29.9,4.0)deg
[2026-07-21 01:48:53.734] [autoaim] [debug] [Outpost][OBS_ASSOC] seq=2621 state=2 dt=0.0039s world=(2.670,0.090,-0.561) yaw=7.0deg rho=0.288 radial_res=+0.013 raw_ang=-155.5deg pred=(-36.1,83.9,-156.1)deg err=(-119.3,+120.7,+0.7)deg chosen=2 changed=0 corrected=-155.5deg residual=+0.0deg z=(-0.665,-0.778,-0.624) seen=(1,1,1)
[2026-07-21 01:48:53.766] [autoaim] [debug] [Outpost][OBS_INPUT] seq=2831 candidates=1 confidence=0.999 image=(695.9,478.0) image_dist=76.1 camera=(-0.075,-0.071,2.493) gimbal=(2.664,0.112,-0.559) world=(2.664,0.112,-0.559) gimbal_ypr=(3.8,33.4,1.1)deg world_ypr=(3.8,33.4,1.1)deg
[2026-07-21 01:48:53.799] [autoaim] [debug] [Outpost][OBS_ASSOC] seq=2631 state=2 dt=0.0044s world=(2.696,0.136,-0.568) yaw=2.4deg rho=0.247 radial_res=-0.028 raw_ang=-162.8deg pred=(-43.4,76.6,-163.4)deg err=(-119.4,+120.6,+0.6)deg chosen=2 changed=0 corrected=-162.8deg residual=+0.0deg z=(-0.665,-0.778,-0.624) seen=(1,1,1)
[2026-07-21 01:48:53.799] [autoaim] [debug] [Outpost][SELECT_PHASE] current_angle=-0.747 target_v_yaw=-2.513 normalized_omega=-2.513 prediction_dt=0.252 future_angle=-1.381 current_plate=2 selected_plate=2 candidate_phase=-3.476 candidate_z=-0.624
[2026-07-21 01:48:53.832] [autoaim] [debug] [Outpost][OBS_INPUT] seq=2841 candidates=1 confidence=0.999 image=(663.7,478.4) image_dist=101.7 camera=(-0.122,-0.072,2.526) gimbal=(2.694,0.159,-0.567) world=(2.694,0.159,-0.567) gimbal_ypr=(175.4,149.0,176.4)deg world_ypr=(175.4,149.0,176.4)deg
[2026-07-21 01:48:53.868] [autoaim] [debug] [Outpost][OBS_ASSOC] seq=2641 state=2 dt=0.0087s world=(2.747,0.183,-0.581) yaw=9.3deg rho=0.186 radial_res=-0.089 raw_ang=-172.1deg pred=(-52.8,67.2,-172.8)deg err=(-119.2,+120.8,+0.8)deg chosen=2 changed=0 corrected=-172.1deg residual=+0.0deg z=(-0.665,-0.778,-0.624) seen=(1,1,1)
[2026-07-21 01:48:53.915] [autoaim] [debug] [Outpost][SELECT_PHASE] current_angle=-1.055 target_v_yaw=-2.513 normalized_omega=-2.513 prediction_dt=0.245 future_angle=-1.671 current_plate=2 selected_plate=2 candidate_phase=-3.765 candidate_z=-0.624
[2026-07-21 01:48:53.979] [autoaim] [debug] [Outpost][SELECT] mode=ROTATING selected=2 observed=2 changed=false fresh=true unseen=0.104s phase=0.0deg model_ok=true fire=false diff=-48.7deg cmd=(8.55,-7.57)
[2026-07-21 01:48:54.049] [autoaim] [debug] [Outpost][SELECT_PHASE] current_angle=-1.388 target_v_yaw=-2.513 normalized_omega=-2.513 prediction_dt=0.238 future_angle=-1.985 current_plate=2 selected_plate=2 candidate_phase=-4.080 candidate_z=-0.624
[2026-07-21 01:48:54.122] [autoaim] [debug] [Outpost][IMU] raw_deg=(0.00,0.00,0.00) solver_rad=(0.0000,-0.0000,0.0000)
[2026-07-21 01:48:54.164] [autoaim] [debug] [Outpost][SELECT_PHASE] current_angle=-1.680 target_v_yaw=-2.513 normalized_omega=-2.513 prediction_dt=0.232 future_angle=-2.263 current_plate=2 selected_plate=2 candidate_phase=-4.358 candidate_z=-0.624
[2026-07-21 01:48:54.191] [autoaim] [debug] [Outpost][SWITCH_COMMIT] t=30679.110 from=2 phase_best=0 height_plate=1 tracked_err=+114.4deg new_phase_err=-5.6deg jump=69.3deg z=-0.750 z_err=0.028 margin=0.056 z_confident=1
[2026-07-21 01:48:54.191] [autoaim] [debug] [Outpost][OBS_ASSOC] seq=2644 state=2 dt=0.3132s world=(2.837,-0.135,-0.750) yaw=54.6deg rho=0.357 radial_res=+0.082 raw_ang=-105.4deg pred=(-99.7,20.3,140.3)deg err=(-5.6,-125.6,+114.4)deg chosen=0 changed=1 corrected=-105.4deg residual=+0.0deg z=(-0.665,-0.778,-0.624) seen=(1,1,1)
[2026-07-21 01:48:54.199] [autoaim] [debug] [Outpost][OBS_INPUT] seq=2851 candidates=1 confidence=0.998 image=(865.4,573.8) image_dist=122.3 camera=(0.169,0.064,2.672) gimbal=(2.803,-0.130,-0.738) world=(2.803,-0.130,-0.738) gimbal_ypr=(53.5,1.9,25.2)deg world_ypr=(53.5,1.9,25.2)deg
[2026-07-21 01:48:54.209] [autoaim] [debug] [Outpost][SELECT] mode=ROTATING selected=0 observed=0 changed=true fresh=true unseen=0.000s phase=0.0deg model_ok=true fire=false diff=27.3deg cmd=(1.43,-9.08)
[2026-07-21 01:48:54.228] [autoaim] [debug] [Outpost][OBS_ASSOC] seq=2651 state=2 dt=0.0038s world=(2.758,-0.117,-0.720) yaw=49.9deg rho=0.369 radial_res=+0.094 raw_ang=-118.1deg pred=(-116.3,3.7,123.7)deg err=(-1.8,-121.8,+118.2)deg chosen=0 changed=0 corrected=-118.1deg residual=+0.0deg z=(-0.665,-0.778,-0.624) seen=(1,1,1)
[2026-07-21 01:48:54.263] [autoaim] [debug] [Outpost][OBS_INPUT] seq=2861 candidates=1 confidence=0.982 image=(848.5,568.1) image_dist=104.5 camera=(0.141,0.055,2.626) gimbal=(2.760,-0.104,-0.717) world=(2.760,-0.104,-0.717) gimbal_ypr=(45.0,4.0,21.7)deg world_ypr=(45.0,4.0,21.7)deg
[2026-07-21 01:48:54.280] [autoaim] [debug] [Outpost][OBS_ASSOC] seq=2661 state=2 dt=0.0040s world=(2.730,-0.094,-0.706) yaw=43.2deg rho=0.364 radial_res=+0.089 raw_ang=-123.7deg pred=(-121.3,-1.3,118.7)deg err=(-2.3,-122.3,+117.7)deg chosen=0 changed=0 corrected=-123.7deg residual=+0.0deg z=(-0.665,-0.778,-0.624) seen=(1,1,1)
[2026-07-21 01:48:54.280] [autoaim] [debug] [Outpost][SELECT_PHASE] current_angle=-2.159 target_v_yaw=-2.513 normalized_omega=-2.513 prediction_dt=0.226 future_angle=-2.727 current_plate=0 selected_plate=0 candidate_phase=-2.727 candidate_z=-0.665
[2026-07-21 01:48:54.316] [autoaim] [debug] [Outpost][OBS_INPUT] seq=2871 candidates=1 confidence=0.996 image=(830.4,564.2) image_dist=86.2 camera=(0.114,0.049,2.596) gimbal=(2.733,-0.077,-0.703) world=(2.733,-0.077,-0.703) gimbal_ypr=(38.1,7.1,19.0)deg world_ypr=(38.1,7.1,19.0)deg
[2026-07-21 01:48:54.349] [autoaim] [debug] [Outpost][OBS_ASSOC] seq=2671 state=2 dt=0.0041s world=(2.704,-0.059,-0.691) yaw=35.2deg rho=0.352 radial_res=+0.077 raw_ang=-130.4deg pred=(-131.4,-11.4,108.6)deg err=(+1.0,-119.0,+121.0)deg chosen=0 changed=0 corrected=-130.4deg residual=+0.0deg z=(-0.665,-0.778,-0.624) seen=(1,1,1)
[2026-07-21 01:48:54.377] [autoaim] [debug] [Outpost][OBS_INPUT] seq=2881 candidates=1 confidence=0.968 image=(807.4,560.4) image_dist=63.8 camera=(0.080,0.042,2.574) gimbal=(2.712,-0.043,-0.690) world=(2.712,-0.043,-0.690) gimbal_ypr=(30.4,10.1,15.3)deg world_ypr=(30.4,10.1,15.3)deg
[2026-07-21 01:48:54.405] [autoaim] [debug] [Outpost][OBS_ASSOC] seq=2681 state=2 dt=0.0041s world=(2.707,-0.026,-0.687) yaw=26.2deg rho=0.325 radial_res=+0.050 raw_ang=-133.7deg pred=(-137.0,-17.0,103.0)deg err=(+3.4,-116.6,+123.4)deg chosen=0 changed=0 corrected=-133.7deg residual=+0.0deg z=(-0.665,-0.778,-0.624) seen=(1,1,1)
[2026-07-21 01:48:54.405] [autoaim] [debug] [Outpost][SELECT_PHASE] current_angle=-2.333 target_v_yaw=-2.513 normalized_omega=-2.513 prediction_dt=0.225 future_angle=-2.899 current_plate=0 selected_plate=0 candidate_phase=-2.899 candidate_z=-0.665
[2026-07-21 01:48:54.427] [autoaim] [debug] [Outpost][OBS_INPUT] seq=2891 candidates=1 confidence=0.998 image=(786.5,557.6) image_dist=44.7 camera=(0.051,0.039,2.577) gimbal=(2.716,-0.014,-0.688) world=(2.716,-0.014,-0.688) gimbal_ypr=(21.7,11.3,12.4)deg world_ypr=(21.7,11.3,12.4)deg
[2026-07-21 01:48:54.458] [autoaim] [debug] [Outpost][OBS_ASSOC] seq=2691 state=2 dt=0.0046s world=(2.683,0.007,-0.676) yaw=18.5deg rho=0.320 radial_res=+0.045 raw_ang=-141.0deg pred=(-141.4,-21.4,98.6)deg err=(+0.3,-119.7,+120.3)deg chosen=0 changed=0 corrected=-141.0deg residual=+0.0deg z=(-0.665,-0.778,-0.624) seen=(1,1,1)
[2026-07-21 01:48:54.493] [autoaim] [debug] [Outpost][OBS_INPUT] seq=2901 candidates=1 confidence=1.000 image=(756.0,554.8) image_dist=24.8 camera=(0.007,0.035,2.562) gimbal=(2.702,0.030,-0.680) world=(2.702,0.030,-0.680) gimbal_ypr=(8.4,9.6,6.5)deg world_ypr=(8.4,9.6,6.5)deg
[2026-07-21 01:48:54.519] [autoaim] [debug] [Outpost][GEOM_OK] state=2 rho=0.314 res=+0.039 yaw_radial=158.5deg model_center=(2.932,0.209) center_minus=(2.391,0.004) center_plus=(2.934,0.093)
[2026-07-21 01:48:54.521] [autoaim] [debug] [Outpost][OBS_ASSOC] seq=2701 state=2 dt=0.0023s world=(2.667,0.051,-0.668) yaw=6.4deg rho=0.308 radial_res=+0.033 raw_ang=-149.2deg pred=(-149.5,-29.5,90.5)deg err=(+0.3,-119.7,+120.3)deg chosen=0 changed=0 corrected=-149.2deg residual=+0.0deg z=(-0.665,-0.778,-0.624) seen=(1,1,1)
[2026-07-21 01:48:54.522] [autoaim] [debug] [Outpost][SELECT_PHASE] current_angle=-2.605 target_v_yaw=-2.513 normalized_omega=-2.513 prediction_dt=0.260 future_angle=-3.258 current_plate=0 selected_plate=0 candidate_phase=-3.258 candidate_z=-0.665
[2026-07-21 01:48:54.555] [autoaim] [debug] [Outpost][OBS_INPUT] seq=2911 candidates=1 confidence=0.982 image=(723.7,553.0) image_dist=35.5 camera=(-0.038,0.031,2.479) gimbal=(2.623,0.073,-0.654) world=(2.623,0.073,-0.654) gimbal_ypr=(175.2,174.7,-179.2)deg world_ypr=(175.2,174.7,-179.2)deg
[2026-07-21 01:48:54.588] [autoaim] [debug] [Outpost][OBS_ASSOC] seq=2711 state=2 dt=0.0061s world=(2.621,0.096,-0.653) yaw=173.5deg rho=0.331 radial_res=+0.056 raw_ang=-160.0deg pred=(-159.7,-39.7,80.3)deg err=(-0.3,-120.3,+119.7)deg chosen=0 changed=0 corrected=-160.0deg residual=+0.0deg z=(-0.665,-0.778,-0.624) seen=(1,1,1)
[2026-07-21 01:48:54.592] [autoaim] [debug] [Outpost][SELECT] mode=ROTATING selected=0 observed=0 changed=false fresh=true unseen=0.000s phase=0.0deg model_ok=true fire=false diff=-21.3deg cmd=(6.39,-9.05)
[2026-07-21 01:48:54.619] [autoaim] [debug] [Outpost][OBS_INPUT] seq=2921 candidates=1 confidence=1.000 image=(692.9,552.5) image_dist=62.2 camera=(-0.080,0.030,2.489) gimbal=(2.632,0.115,-0.656) world=(2.632,0.115,-0.656) gimbal_ypr=(179.4,173.9,-179.8)deg world_ypr=(179.4,173.9,-179.8)deg
[2026-07-21 01:48:54.634] [autoaim] [debug] [Outpost][OBS_ASSOC] seq=2721 state=2 dt=0.0038s world=(2.623,0.129,-0.653) yaw=4.6deg rho=0.319 radial_res=+0.044 raw_ang=-165.4deg pred=(-165.5,-45.5,74.5)deg err=(+0.1,-119.9,+120.1)deg chosen=0 changed=0 corrected=-165.4deg residual=+0.0deg z=(-0.665,-0.778,-0.624) seen=(1,1,1)
[2026-07-21 01:48:54.634] [autoaim] [debug] [Outpost][SELECT_PHASE] current_angle=-2.888 target_v_yaw=-2.513 normalized_omega=-2.513 prediction_dt=0.254 future_angle=-3.525 current_plate=0 selected_plate=0 candidate_phase=-3.525 candidate_z=-0.665
[2026-07-21 01:48:54.667] [autoaim] [debug] [Outpost][OBS_INPUT] seq=2931 candidates=1 confidence=0.995 image=(666.6,552.5) image_dist=87.3 camera=(-0.116,0.030,2.501) gimbal=(2.643,0.152,-0.659) world=(2.643,0.152,-0.659) gimbal_ypr=(179.4,154.8,179.0)deg world_ypr=(179.4,154.8,179.0)deg
[2026-07-21 01:48:54.699] [autoaim] [debug] [Outpost][OBS_ASSOC] seq=2731 state=2 dt=0.0049s world=(2.665,0.175,-0.666) yaw=12.9deg rho=0.269 radial_res=-0.006 raw_ang=-172.8deg pred=(-173.1,-53.1,66.9)deg err=(+0.3,-119.7,+120.3)deg chosen=0 changed=0 corrected=-172.8deg residual=+0.0deg z=(-0.665,-0.778,-0.624) seen=(1,1,1)
[2026-07-21 01:48:54.746] [autoaim] [debug] [Outpost][SELECT_PHASE] current_angle=-3.140 target_v_yaw=-2.513 normalized_omega=-2.513 prediction_dt=0.248 future_angle=-3.764 current_plate=0 selected_plate=0 candidate_phase=-3.764 candidate_z=-0.665
[2026-07-21 01:48:54.909] [autoaim] [debug] [Outpost][SELECT_PHASE] current_angle=2.735 target_v_yaw=-2.513 normalized_omega=-2.513 prediction_dt=0.239 future_angle=2.135 current_plate=0 selected_plate=0 candidate_phase=2.135 candidate_z=-0.665
[2026-07-21 01:48:55.023] [autoaim] [debug] [Outpost][SELECT_PHASE] current_angle=2.446 target_v_yaw=-2.513 normalized_omega=-2.513 prediction_dt=0.234 future_angle=1.859 current_plate=0 selected_plate=0 candidate_phase=1.859 candidate_z=-0.665
[2026-07-21 01:48:55.067] [autoaim] [debug] [Outpost][SELECT] mode=ROTATING selected=1 observed=0 changed=true fresh=false unseen=0.357s phase=0.0deg model_ok=false fire=false diff=36.2deg cmd=(0.67,-11.21)
[2026-07-21 01:48:55.117] [autoaim] [debug] [Outpost][SWITCH_COMMIT] t=30680.039 from=0 phase_best=1 height_plate=1 tracked_err=+126.4deg new_phase_err=+6.4deg jump=67.8deg z=-0.875 z_err=0.097 margin=0.113 z_confident=0
[2026-07-21 01:48:55.117] [autoaim] [debug] [Outpost][OBS_ASSOC] seq=2735 state=2 dt=0.4070s world=(2.834,-0.110,-0.875) yaw=41.9deg rho=0.334 radial_res=+0.059 raw_ang=-107.0deg pred=(126.7,-113.3,6.7)deg err=(+126.4,+6.4,-113.6)deg chosen=1 changed=1 corrected=-107.0deg residual=+0.0deg z=(-0.665,-0.778,-0.624) seen=(1,1,1)
[2026-07-21 01:48:55.119] [autoaim] [debug] [Outpost][OBS_INPUT] seq=2941 candidates=1 confidence=1.000 image=(848.3,653.6) image_dist=156.9 camera=(0.147,0.185,2.727) gimbal=(2.822,-0.108,-0.870) world=(2.822,-0.108,-0.870) gimbal_ypr=(42.0,9.1,21.1)deg world_ypr=(42.0,9.1,21.1)deg
[2026-07-21 01:48:55.147] [autoaim] [debug] [Outpost][OBS_ASSOC] seq=2741 state=2 dt=0.0082s world=(2.790,-0.094,-0.856) yaw=37.9deg rho=0.335 radial_res=+0.060 raw_ang=-115.1deg pred=(123.4,-116.6,3.4)deg err=(+121.5,+1.5,-118.5)deg chosen=1 changed=0 corrected=-115.1deg residual=+0.0deg z=(-0.665,-0.778,-0.624) seen=(1,1,1)
[2026-07-21 01:48:55.148] [autoaim] [debug] [Outpost][SELECT_PHASE] current_angle=2.180 target_v_yaw=-2.513 normalized_omega=-2.513 prediction_dt=0.230 future_angle=1.602 current_plate=1 selected_plate=1 candidate_phase=3.696 candidate_z=-0.778
[2026-07-21 01:48:55.164] [autoaim] [debug] [Outpost][OBS_INPUT] seq=2951 candidates=1 confidence=0.999 image=(832.5,651.2) image_dist=145.7 camera=(0.123,0.181,2.728) gimbal=(2.823,-0.084,-0.866) world=(2.823,-0.084,-0.866) gimbal_ypr=(33.5,8.7,18.0)deg world_ypr=(33.5,8.7,18.0)deg
[2026-07-21 01:48:55.191] [autoaim] [debug] [Outpost][OBS_ASSOC] seq=2751 state=2 dt=0.0022s world=(2.740,-0.066,-0.834) yaw=31.7deg rho=0.335 radial_res=+0.060 raw_ang=-125.0deg pred=(114.3,-125.7,-5.7)deg err=(+120.7,+0.7,-119.3)deg chosen=1 changed=0 corrected=-125.0deg residual=+0.0deg z=(-0.665,-0.778,-0.624) seen=(1,1,1)
[2026-07-21 01:48:55.204] [autoaim] [debug] [Outpost][SELECT] mode=ROTATING selected=1 observed=1 changed=false fresh=true unseen=0.000s phase=0.0deg model_ok=true fire=false diff=15.2deg cmd=(2.56,-11.50)
[2026-07-21 01:48:55.223] [autoaim] [debug] [Outpost][OBS_INPUT] seq=2961 candidates=1 confidence=1.000 image=(809.9,647.8) image_dist=131.2 camera=(0.086,0.170,2.632) gimbal=(2.734,-0.048,-0.829) world=(2.734,-0.048,-0.829) gimbal_ypr=(26.5,9.3,14.8)deg world_ypr=(26.5,9.3,14.8)deg
[2026-07-21 01:48:55.242] [autoaim] [debug] [Outpost][OBS_ASSOC] seq=2761 state=2 dt=0.0066s world=(2.697,-0.035,-0.815) yaw=24.7deg rho=0.338 radial_res=+0.063 raw_ang=-133.8deg pred=(109.0,-131.0,-11.0)deg err=(+117.2,-2.8,-122.8)deg chosen=1 changed=0 corrected=-133.8deg residual=+0.0deg z=(-0.665,-0.778,-0.624) seen=(1,1,1)
[2026-07-21 01:48:55.243] [autoaim] [debug] [Outpost][SELECT_PHASE] current_angle=1.853 target_v_yaw=-2.513 normalized_omega=-2.513 prediction_dt=0.228 future_angle=1.280 current_plate=1 selected_plate=1 candidate_phase=3.375 candidate_z=-0.778
[2026-07-21 01:48:55.275] [autoaim] [debug] [Outpost][OBS_INPUT] seq=2971 candidates=1 confidence=0.999 image=(786.3,645.4) image_dist=120.2 camera=(0.051,0.164,2.595) gimbal=(2.700,-0.014,-0.813) world=(2.700,-0.014,-0.813) gimbal_ypr=(18.8,13.7,11.1)deg world_ypr=(18.8,13.7,11.1)deg
[2026-07-21 01:48:55.309] [autoaim] [debug] [Outpost][OBS_ASSOC] seq=2771 state=2 dt=0.0041s world=(2.652,0.011,-0.795) yaw=13.8deg rho=0.343 radial_res=+0.068 raw_ang=-144.7deg pred=(94.5,-145.5,-25.5)deg err=(+120.9,+0.9,-119.1)deg chosen=1 changed=0 corrected=-144.7deg residual=+0.0deg z=(-0.665,-0.778,-0.624) seen=(1,1,1)
[2026-07-21 01:48:55.336] [autoaim] [debug] [Outpost][IMU] raw_deg=(0.00,0.00,0.00) solver_rad=(0.0000,-0.0000,0.0000)
[2026-07-21 01:48:55.344] [autoaim] [debug] [Outpost][OBS_INPUT] seq=2981 candidates=1 confidence=1.000 image=(750.9,642.9) image_dist=112.4 camera=(-0.000,0.156,2.518) gimbal=(2.627,0.036,-0.784) world=(2.627,0.036,-0.784) gimbal_ypr=(8.7,32.8,6.4)deg world_ypr=(8.7,32.8,6.4)deg
[2026-07-21 01:48:55.372] [autoaim] [debug] [Outpost][OBS_ASSOC] seq=2781 state=2 dt=0.0041s world=(2.581,0.055,-0.767) yaw=8.8deg rho=0.384 radial_res=+0.109 raw_ang=-156.3deg pred=(84.3,-155.7,-35.7)deg err=(+119.4,-0.6,-120.6)deg chosen=1 changed=0 corrected=-156.3deg residual=+0.0deg z=(-0.665,-0.778,-0.624) seen=(1,1,1)
[2026-07-21 01:48:55.372] [autoaim] [debug] [Outpost][SELECT_PHASE] current_angle=1.462 target_v_yaw=-2.513 normalized_omega=-2.513 prediction_dt=0.254 future_angle=0.823 current_plate=1 selected_plate=1 candidate_phase=2.917 candidate_z=-0.778
[2026-07-21 01:48:55.404] [autoaim] [debug] [Outpost][OBS_INPUT] seq=2991 candidates=1 confidence=0.999 image=(719.9,641.5) image_dist=115.3 camera=(-0.042,0.150,2.456) gimbal=(2.568,0.077,-0.762) world=(2.568,0.077,-0.762) gimbal_ypr=(8.7,38.4,4.6)deg world_ypr=(8.7,38.4,4.6)deg
[2026-07-21 01:48:55.438] [autoaim] [debug] [Outpost][OBS_ASSOC] seq=2791 state=2 dt=0.0133s world=(2.565,0.097,-0.760) yaw=2.4deg rho=0.384 radial_res=+0.109 raw_ang=-163.0deg pred=(76.5,-163.5,-43.5)deg err=(+120.5,+0.5,-119.5)deg chosen=1 changed=0 corrected=-163.0deg residual=+0.0deg z=(-0.665,-0.778,-0.624) seen=(1,1,1)
[2026-07-21 01:48:55.453] [autoaim] [debug] [Outpost][OBS_INPUT] seq=3001 candidates=1 confidence=1.000 image=(694.7,640.7) image_dist=123.8 camera=(-0.076,0.149,2.449) gimbal=(2.561,0.111,-0.759) world=(2.561,0.111,-0.759) gimbal_ypr=(7.5,38.9,3.5)deg world_ypr=(7.5,38.9,3.5)deg
[2026-07-21 01:48:55.485] [autoaim] [debug] [Outpost][GEOM_OK] state=2 rho=0.374 res=+0.099 yaw_radial=170.5deg model_center=(2.932,0.209) center_minus=(2.291,0.124) center_plus=(2.840,0.144)
[2026-07-21 01:48:55.489] [autoaim] [debug] [Outpost][OBS_ASSOC] seq=2801 state=2 dt=0.0039s world=(2.566,0.136,-0.761) yaw=3.9deg rho=0.373 radial_res=+0.098 raw_ang=-168.8deg pred=(71.0,-169.0,-49.0)deg err=(+120.2,+0.2,-119.8)deg chosen=1 changed=0 corrected=-168.8deg residual=+0.0deg z=(-0.665,-0.778,-0.624) seen=(1,1,1)
[2026-07-21 01:48:55.489] [autoaim] [debug] [Outpost][SELECT_PHASE] current_angle=1.243 target_v_yaw=-2.513 normalized_omega=-2.513 prediction_dt=0.248 future_angle=0.619 current_plate=1 selected_plate=1 candidate_phase=2.713 candidate_z=-0.778
[2026-07-21 01:48:55.529] [autoaim] [debug] [Outpost][OBS_INPUT] seq=3011 candidates=1 confidence=0.999 image=(654.4,641.0) image_dist=146.8 camera=(-0.132,0.152,2.489) gimbal=(2.598,0.167,-0.773) world=(2.598,0.167,-0.773) gimbal_ypr=(7.1,5.0,1.2)deg world_ypr=(7.1,5.0,1.2)deg
[2026-07-21 01:48:55.629] [autoaim] [debug] [Outpost][SELECT_PHASE] current_angle=0.925 target_v_yaw=-2.513 normalized_omega=-2.513 prediction_dt=0.242 future_angle=0.318 current_plate=1 selected_plate=1 candidate_phase=2.412 candidate_z=-0.778
[2026-07-21 01:48:55.749] [autoaim] [debug] [Outpost][SELECT_PHASE] current_angle=0.623 target_v_yaw=-2.513 normalized_omega=-2.513 prediction_dt=0.235 future_angle=0.032 current_plate=1 selected_plate=1 candidate_phase=2.127 candidate_z=-0.778
[2026-07-21 01:48:55.813] [autoaim] [debug] [Outpost][SELECT] mode=ROTATING selected=1 observed=1 changed=false fresh=false unseen=0.253s phase=0.0deg model_ok=false fire=false diff=-71.2deg cmd=(9.55,-10.22)
[2026-07-21 01:48:55.854] [autoaim] [debug] [Outpost][SELECT_PHASE] current_angle=0.360 target_v_yaw=-2.513 normalized_omega=-2.513 prediction_dt=0.230 future_angle=-0.219 current_plate=1 selected_plate=1 candidate_phase=1.876 candidate_z=-0.778
[2026-07-21 01:48:55.906] [autoaim] [debug] [Outpost][SELECT] mode=ROTATING selected=2 observed=1 changed=true fresh=false unseen=0.343s phase=0.0deg model_ok=false fire=false diff=36.4deg cmd=(0.66,-7.84)
[2026-07-21 01:48:55.919] [autoaim] [debug] [Outpost][SWITCH_COMMIT] t=30680.841 from=1 phase_best=2 height_plate=0 tracked_err=+158.9deg new_phase_err=+38.9deg jump=107.3deg z=-0.690 z_err=0.025 margin=0.041 z_confident=1
[2026-07-21 01:48:55.919] [autoaim] [debug] [Outpost][OBS_ASSOC] seq=2811 state=2 dt=0.3578s world=(3.054,-0.123,-0.690) yaw=44.7deg rho=0.354 radial_res=+0.079 raw_ang=-69.8deg pred=(11.3,131.3,-108.7)deg err=(-81.1,+158.9,+38.9)deg chosen=2 changed=1 corrected=-69.8deg residual=+0.0deg z=(-0.665,-0.778,-0.624) seen=(1,1,1)
[2026-07-21 01:48:55.947] [autoaim] [debug] [Outpost][OBS_INPUT] seq=3021 candidates=1 confidence=0.972 image=(845.9,495.6) image_dist=101.0 camera=(0.147,-0.053,2.794) gimbal=(2.952,-0.106,-0.659) world=(2.952,-0.106,-0.659) gimbal_ypr=(42.0,8.5,20.7)deg world_ypr=(42.0,8.5,20.7)deg
[2026-07-21 01:48:55.954] [autoaim] [debug] [Outpost][IDENTITY_LOCK] t=30680.877 tracked=2 phase_best=2 height_candidate=0 tracked_err=+8.9deg new_phase_err=+8.9deg jump=8.6deg z=-0.661 z_err=0.005 margin=0.032
[2026-07-21 01:48:55.958] [autoaim] [debug] [Outpost][SELECT_PHASE] current_angle=0.607 target_v_yaw=-2.513 normalized_omega=-2.513 prediction_dt=0.235 future_angle=0.017 current_plate=2 selected_plate=2 candidate_phase=-2.077 candidate_z=-0.624
[2026-07-21 01:48:55.983] [autoaim] [debug] [Outpost][OBS_ASSOC] seq=2821 state=2 dt=0.0080s world=(2.877,-0.085,-0.634) yaw=37.2deg rho=0.299 radial_res=+0.024 raw_ang=-100.6deg pred=(32.6,152.6,-87.4)deg err=(-133.2,+106.8,-13.2)deg chosen=2 changed=0 corrected=-100.6deg residual=+0.0deg z=(-0.665,-0.778,-0.624) seen=(1,1,1)
[2026-07-21 01:48:56.016] [autoaim] [debug] [Outpost][OBS_INPUT] seq=3031 candidates=1 confidence=1.000 image=(822.1,490.0) image_dist=81.8 camera=(0.107,-0.060,2.716) gimbal=(2.878,-0.067,-0.631) world=(2.878,-0.067,-0.631) gimbal_ypr=(31.9,10.4,16.5)deg world_ypr=(31.9,10.4,16.5)deg
[2026-07-21 01:48:56.035] [autoaim] [debug] [Outpost][OBS_ASSOC] seq=2831 state=2 dt=0.0040s world=(2.850,-0.055,-0.621) yaw=29.4deg rho=0.277 radial_res=+0.002 raw_ang=-107.2deg pred=(10.6,130.6,-109.4)deg err=(-117.9,+122.1,+2.1)deg chosen=2 changed=0 corrected=-107.2deg residual=+0.0deg z=(-0.665,-0.778,-0.624) seen=(1,1,1)
[2026-07-21 01:48:56.063] [autoaim] [debug] [Outpost][OBS_INPUT] seq=3041 candidates=1 confidence=0.999 image=(802.7,486.4) image_dist=67.8 camera=(0.076,-0.064,2.645) gimbal=(2.810,-0.037,-0.608) world=(2.810,-0.037,-0.608) gimbal_ypr=(26.7,13.0,13.8)deg world_ypr=(26.7,13.0,13.8)deg
[2026-07-21 01:48:56.071] [autoaim] [debug] [Outpost][SELECT_PHASE] current_angle=0.049 target_v_yaw=-2.513 normalized_omega=-2.513 prediction_dt=0.226 future_angle=-0.519 current_plate=2 selected_plate=2 candidate_phase=-2.614 candidate_z=-0.624
[2026-07-21 01:48:56.098] [autoaim] [debug] [Outpost][OBS_ASSOC] seq=2841 state=2 dt=0.0055s world=(2.819,-0.016,-0.607) yaw=159.4deg rho=0.252 radial_res=-0.023 raw_ang=-116.5deg pred=(-4.2,115.8,-124.2)deg err=(-112.4,+127.6,+7.6)deg chosen=2 changed=0 corrected=-116.5deg residual=+0.0deg z=(-0.665,-0.778,-0.624) seen=(1,1,1)
[2026-07-21 01:48:56.127] [autoaim] [debug] [Outpost][OBS_INPUT] seq=3051 candidates=1 confidence=1.000 image=(774.3,482.6) image_dist=53.2 camera=(0.034,-0.069,2.622) gimbal=(2.788,0.004,-0.597) world=(2.788,0.004,-0.597) gimbal_ypr=(14.1,11.9,8.6)deg world_ypr=(14.1,11.9,8.6)deg
[2026-07-21 01:48:56.160] [autoaim] [debug] [Outpost][OBS_ASSOC] seq=2851 state=2 dt=0.0040s world=(2.786,0.026,-0.594) yaw=178.4deg rho=0.234 radial_res=-0.041 raw_ang=-128.7deg pred=(-13.4,106.6,-133.4)deg err=(-115.3,+124.7,+4.7)deg chosen=2 changed=0 corrected=-128.7deg residual=+0.0deg z=(-0.665,-0.778,-0.624) seen=(1,1,1)
[2026-07-21 01:48:56.193] [autoaim] [debug] [Outpost][OBS_INPUT] seq=3061 candidates=1 confidence=0.999 image=(743.9,480.0) image_dist=50.9 camera=(-0.010,-0.071,2.564) gimbal=(2.732,0.047,-0.579) world=(2.732,0.047,-0.579) gimbal_ypr=(177.9,175.6,-177.6)deg world_ypr=(177.9,175.6,-177.6)deg
[2026-07-21 01:48:56.200] [autoaim] [debug] [Outpost][SELECT_PHASE] current_angle=-0.486 target_v_yaw=-2.513 normalized_omega=-2.513 prediction_dt=0.258 future_angle=-1.135 current_plate=2 selected_plate=2 candidate_phase=-3.229 candidate_z=-0.624
[2026-07-21 01:48:56.213] [autoaim] [debug] [Outpost][OBS_ASSOC] seq=2861 state=2 dt=0.0040s world=(2.700,0.060,-0.570) yaw=1.0deg rho=0.276 radial_res=+0.001 raw_ang=-147.4deg pred=(-27.8,92.2,-147.8)deg err=(-119.6,+120.4,+0.4)deg chosen=2 changed=0 corrected=-147.4deg residual=+0.0deg z=(-0.665,-0.778,-0.624) seen=(1,1,1)
[2026-07-21 01:48:56.242] [autoaim] [debug] [Outpost][OBS_INPUT] seq=3071 candidates=1 confidence=0.971 image=(720.4,478.9) image_dist=60.0 camera=(-0.042,-0.071,2.504) gimbal=(2.674,0.078,-0.563) world=(2.674,0.078,-0.563) gimbal_ypr=(9.3,29.9,4.0)deg world_ypr=(9.3,29.9,4.0)deg
[2026-07-21 01:48:56.268] [autoaim] [debug] [Outpost][OBS_ASSOC] seq=2871 state=2 dt=0.0036s world=(2.670,0.098,-0.561) yaw=7.2deg rho=0.284 radial_res=+0.009 raw_ang=-157.0deg pred=(-37.0,83.0,-157.0)deg err=(-120.0,+120.0,+0.0)deg chosen=2 changed=0 corrected=-157.0deg residual=+0.0deg z=(-0.665,-0.778,-0.624) seen=(1,1,1)
[2026-07-21 01:48:56.301] [autoaim] [debug] [Outpost][OBS_INPUT] seq=3081 candidates=1 confidence=0.987 image=(690.2,477.9) image_dist=80.4 camera=(-0.084,-0.072,2.506) gimbal=(2.676,0.120,-0.562) world=(2.676,0.120,-0.562) gimbal_ypr=(2.8,29.9,0.5)deg world_ypr=(2.8,29.9,0.5)deg
[2026-07-21 01:48:56.310] [autoaim] [debug] [Outpost][SELECT_PHASE] current_angle=-0.735 target_v_yaw=-2.513 normalized_omega=-2.513 prediction_dt=0.253 future_angle=-1.370 current_plate=2 selected_plate=2 candidate_phase=-3.464 candidate_z=-0.624
[2026-07-21 01:48:56.333] [autoaim] [debug] [Outpost][OBS_ASSOC] seq=2881 state=2 dt=0.0083s world=(2.698,0.144,-0.568) yaw=179.7deg rho=0.243 radial_res=-0.032 raw_ang=-164.6deg pred=(-44.6,75.4,-164.6)deg err=(-120.0,+120.0,-0.0)deg chosen=2 changed=0 corrected=-164.6deg residual=+0.0deg z=(-0.665,-0.778,-0.624) seen=(1,1,1)
[2026-07-21 01:48:56.352] [autoaim] [debug] [Outpost][OBS_INPUT] seq=3091 candidates=1 confidence=0.998 image=(663.6,478.4) image_dist=101.8 camera=(-0.122,-0.072,2.524) gimbal=(2.693,0.158,-0.567) world=(2.693,0.158,-0.567) gimbal_ypr=(175.3,151.8,176.8)deg world_ypr=(175.3,151.8,176.8)deg
[2026-07-21 01:48:56.376] [autoaim] [debug] [Outpost][SELECT] mode=ROTATING selected=2 observed=2 changed=false fresh=true unseen=0.000s phase=0.0deg model_ok=true fire=false diff=-31.0deg cmd=(7.25,-8.00)
[2026-07-21 01:48:56.380] [autoaim] [debug] [Outpost][OBS_ASSOC] seq=2891 state=2 dt=0.0039s world=(2.748,0.182,-0.582) yaw=5.7deg rho=0.186 radial_res=-0.089 raw_ang=-171.6deg pred=(-51.6,68.4,-171.6)deg err=(-120.0,+120.0,-0.0)deg chosen=2 changed=0 corrected=-171.6deg residual=+0.0deg z=(-0.665,-0.778,-0.624) seen=(1,1,1)
[2026-07-21 01:48:56.412] [autoaim] [debug] [Outpost][SELECT_PHASE] current_angle=-0.999 target_v_yaw=-2.513 normalized_omega=-2.513 prediction_dt=0.248 future_angle=-1.623 current_plate=2 selected_plate=2 candidate_phase=-3.718 candidate_z=-0.624
[2026-07-21 01:48:56.487] [autoaim] [debug] [Outpost][IMU] raw_deg=(0.00,0.00,0.00) solver_rad=(0.0000,-0.0000,0.0000)
[2026-07-21 01:48:56.544] [autoaim] [debug] [Outpost][SELECT_PHASE] current_angle=-1.326 target_v_yaw=-2.513 normalized_omega=-2.513 prediction_dt=0.239 future_angle=-1.927 current_plate=2 selected_plate=2 candidate_phase=-4.021 candidate_z=-0.624
[2026-07-21 01:48:56.646] [autoaim] [debug] [Outpost][SELECT_PHASE] current_angle=-1.585 target_v_yaw=-2.513 normalized_omega=-2.513 prediction_dt=0.234 future_angle=-2.173 current_plate=2 selected_plate=2 candidate_phase=-4.267 candidate_z=-0.624
[2026-07-21 01:48:56.701] [autoaim] [debug] [Outpost][SWITCH_COMMIT] t=30681.624 from=2 phase_best=0 height_plate=1 tracked_err=+119.3deg new_phase_err=-0.7deg jump=75.3deg z=-0.761 z_err=0.017 margin=0.079 z_confident=1
[2026-07-21 01:48:56.701] [autoaim] [debug] [Outpost][OBS_ASSOC] seq=2894 state=2 dt=0.3053s world=(2.873,-0.139,-0.761) yaw=55.1deg rho=0.353 radial_res=+0.078 raw_ang=-99.6deg pred=(-98.9,21.1,141.1)deg err=(-0.7,-120.7,+119.3)deg chosen=0 changed=1 corrected=-99.6deg residual=+0.0deg z=(-0.665,-0.778,-0.624) seen=(1,1,1)
[2026-07-21 01:48:56.705] [autoaim] [debug] [Outpost][SELECT] mode=ROTATING selected=0 observed=0 changed=true fresh=true unseen=0.000s phase=-1.6deg model_ok=true fire=false diff=27.9deg cmd=(1.38,-9.07)
[2026-07-21 01:48:56.720] [autoaim] [debug] [Outpost][OBS_INPUT] seq=3101 candidates=1 confidence=1.000 image=(865.4,573.8) image_dist=122.3 camera=(0.169,0.064,2.672) gimbal=(2.803,-0.130,-0.738) world=(2.803,-0.130,-0.738) gimbal_ypr=(53.5,1.9,25.2)deg world_ypr=(53.5,1.9,25.2)deg
[2026-07-21 01:48:56.733] [autoaim] [debug] [Outpost][GEOM_OK] state=2 rho=0.356 res=+0.081 yaw_radial=161.2deg model_center=(2.932,0.209) center_minus=(2.634,-0.338) center_plus=(2.982,0.088)
[2026-07-21 01:48:56.737] [autoaim] [debug] [Outpost][OBS_ASSOC] seq=2901 state=2 dt=0.0040s world=(2.753,-0.121,-0.720) yaw=51.3deg rho=0.375 radial_res=+0.100 raw_ang=-118.4deg pred=(-110.9,9.1,129.1)deg err=(-7.5,-127.5,+112.5)deg chosen=0 changed=0 corrected=-118.4deg residual=+0.0deg z=(-0.665,-0.778,-0.624) seen=(1,1,1)
[2026-07-21 01:48:56.742] [autoaim] [debug] [Outpost][SELECT_PHASE] current_angle=-1.923 target_v_yaw=-2.513 normalized_omega=-2.513 prediction_dt=0.228 future_angle=-2.497 current_plate=0 selected_plate=0 candidate_phase=-2.497 candidate_z=-0.665
[2026-07-21 01:48:56.778] [autoaim] [debug] [Outpost][OBS_INPUT] seq=3111 candidates=1 confidence=1.000 image=(849.4,568.6) image_dist=105.5 camera=(0.142,0.055,2.621) gimbal=(2.755,-0.105,-0.716) world=(2.755,-0.105,-0.716) gimbal_ypr=(46.2,5.5,22.0)deg world_ypr=(46.2,5.5,22.0)deg
[2026-07-21 01:48:56.813] [autoaim] [debug] [Outpost][OBS_ASSOC] seq=2911 state=2 dt=0.0040s world=(2.732,-0.088,-0.705) yaw=41.1deg rho=0.358 radial_res=+0.083 raw_ang=-123.9deg pred=(-122.5,-2.5,117.5)deg err=(-1.4,-121.4,+118.6)deg chosen=0 changed=0 corrected=-123.9deg residual=+0.0deg z=(-0.665,-0.778,-0.624) seen=(1,1,1)
[2026-07-21 01:48:56.845] [autoaim] [debug] [Outpost][OBS_INPUT] seq=3121 candidates=1 confidence=1.000 image=(826.7,563.6) image_dist=82.6 camera=(0.110,0.048,2.619) gimbal=(2.755,-0.072,-0.708) world=(2.755,-0.072,-0.708) gimbal_ypr=(36.2,7.9,18.3)deg world_ypr=(36.2,7.9,18.3)deg
[2026-07-21 01:48:56.874] [autoaim] [debug] [Outpost][OBS_ASSOC] seq=2921 state=2 dt=0.0041s world=(2.667,-0.055,-0.679) yaw=34.3deg rho=0.374 radial_res=+0.099 raw_ang=-135.2deg pred=(-131.1,-11.1,108.9)deg err=(-4.1,-124.1,+115.9)deg chosen=0 changed=0 corrected=-135.2deg residual=+0.0deg z=(-0.665,-0.778,-0.624) seen=(1,1,1)
[2026-07-21 01:48:56.878] [autoaim] [debug] [Outpost][SELECT_PHASE] current_angle=-2.281 target_v_yaw=-2.513 normalized_omega=-2.513 prediction_dt=0.225 future_angle=-2.848 current_plate=0 selected_plate=0 candidate_phase=-2.848 candidate_z=-0.665
[2026-07-21 01:48:56.914] [autoaim] [debug] [Outpost][OBS_INPUT] seq=3131 candidates=1 confidence=0.998 image=(801.1,559.1) image_dist=57.6 camera=(0.071,0.040,2.553) gimbal=(2.693,-0.034,-0.683) world=(2.693,-0.034,-0.683) gimbal_ypr=(28.1,8.7,14.6)deg world_ypr=(28.1,8.7,14.6)deg
[2026-07-21 01:48:56.946] [autoaim] [debug] [Outpost][OBS_ASSOC] seq=2931 state=2 dt=0.0075s world=(2.698,-0.014,-0.682) yaw=22.7deg rho=0.324 radial_res=+0.049 raw_ang=-136.4deg pred=(-134.5,-14.5,105.5)deg err=(-1.9,-121.9,+118.1)deg chosen=0 changed=0 corrected=-136.4deg residual=+0.0deg z=(-0.665,-0.778,-0.624) seen=(1,1,1)
[2026-07-21 01:48:56.977] [autoaim] [debug] [Outpost][OBS_INPUT] seq=3141 candidates=1 confidence=0.999 image=(772.0,556.0) image_dist=33.1 camera=(0.030,0.036,2.541) gimbal=(2.682,0.007,-0.676) world=(2.682,0.007,-0.676) gimbal_ypr=(19.4,14.4,10.4)deg world_ypr=(19.4,14.4,10.4)deg
[2026-07-21 01:48:56.977] [autoaim] [debug] [Outpost][SELECT] mode=ROTATING selected=0 observed=0 changed=false fresh=true unseen=0.000s phase=0.0deg model_ok=true fire=false diff=-3.1deg cmd=(4.55,-9.05)
[2026-07-21 01:48:56.994] [autoaim] [debug] [Outpost][OBS_ASSOC] seq=2941 state=2 dt=0.0038s world=(2.695,0.020,-0.678) yaw=14.4deg rho=0.303 radial_res=+0.028 raw_ang=-141.5deg pred=(-139.5,-19.5,100.5)deg err=(-2.0,-122.0,+118.0)deg chosen=0 changed=0 corrected=-141.5deg residual=+0.0deg z=(-0.665,-0.778,-0.624) seen=(1,1,1)
[2026-07-21 01:48:57.012] [autoaim] [debug] [Outpost][SELECT_PHASE] current_angle=-2.503 target_v_yaw=-2.513 normalized_omega=-2.513 prediction_dt=0.262 future_angle=-3.161 current_plate=0 selected_plate=0 candidate_phase=-3.161 candidate_z=-0.665
[2026-07-21 01:48:57.027] [autoaim] [debug] [Outpost][OBS_INPUT] seq=3151 candidates=1 confidence=1.000 image=(746.9,554.2) image_dist=24.2 camera=(-0.006,0.033,2.555) gimbal=(2.695,0.043,-0.677) world=(2.695,0.043,-0.677) gimbal_ypr=(3.8,18.3,4.8)deg world_ypr=(3.8,18.3,4.8)deg
[2026-07-21 01:48:57.059] [autoaim] [debug] [Outpost][OBS_ASSOC] seq=2951 state=2 dt=0.0043s world=(2.648,0.064,-0.662) yaw=175.1deg rho=0.318 radial_res=+0.043 raw_ang=-152.9deg pred=(-153.8,-33.8,86.2)deg err=(+0.9,-119.1,+120.9)deg chosen=0 changed=0 corrected=-152.9deg residual=+0.0deg z=(-0.665,-0.778,-0.624) seen=(1,1,1)
[2026-07-21 01:48:57.091] [autoaim] [debug] [Outpost][OBS_INPUT] seq=3161 candidates=1 confidence=1.000 image=(715.0,552.5) image_dist=42.3 camera=(-0.049,0.030,2.483) gimbal=(2.626,0.085,-0.655) world=(2.626,0.085,-0.655) gimbal_ypr=(0.7,2.6,2.1)deg world_ypr=(0.7,2.6,2.1)deg
[2026-07-21 01:48:57.121] [autoaim] [debug] [Outpost][OBS_ASSOC] seq=2961 state=2 dt=0.0043s world=(2.608,0.104,-0.649) yaw=179.3deg rho=0.340 radial_res=+0.065 raw_ang=-162.0deg pred=(-161.7,-41.7,78.3)deg err=(-0.3,-120.3,+119.7)deg chosen=0 changed=0 corrected=-162.0deg residual=+0.0deg z=(-0.665,-0.778,-0.624) seen=(1,1,1)
[2026-07-21 01:48:57.124] [autoaim] [debug] [Outpost][SELECT_PHASE] current_angle=-2.836 target_v_yaw=-2.513 normalized_omega=-2.513 prediction_dt=0.255 future_angle=-3.476 current_plate=0 selected_plate=0 candidate_phase=-3.476 candidate_z=-0.665
[2026-07-21 01:48:57.139] [autoaim] [debug] [Outpost][OBS_INPUT] seq=3171 candidates=1 confidence=0.998 image=(690.6,552.5) image_dist=64.4 camera=(-0.083,0.030,2.477) gimbal=(2.621,0.119,-0.653) world=(2.621,0.119,-0.653) gimbal_ypr=(179.9,175.3,-179.7)deg world_ypr=(179.9,175.3,-179.7)deg
[2026-07-21 01:48:57.175] [autoaim] [debug] [Outpost][OBS_ASSOC] seq=2971 state=2 dt=0.0042s world=(2.620,0.143,-0.653) yaw=0.3deg rho=0.318 radial_res=+0.043 raw_ang=-168.1deg pred=(-168.1,-48.1,71.9)deg err=(+0.0,-120.0,+120.0)deg chosen=0 changed=0 corrected=-168.1deg residual=+0.0deg z=(-0.665,-0.778,-0.624) seen=(1,1,1)
[2026-07-21 01:48:57.207] [autoaim] [debug] [Outpost][OBS_INPUT] seq=3181 candidates=1 confidence=0.996 image=(656.3,552.5) image_dist=97.3 camera=(-0.132,0.031,2.524) gimbal=(2.664,0.168,-0.666) world=(2.664,0.168,-0.666) gimbal_ypr=(178.5,149.5,178.1)deg world_ypr=(178.5,149.5,178.1)deg
[2026-07-21 01:48:57.239] [autoaim] [debug] [Outpost][OBS_ASSOC] seq=2981 state=2 dt=0.0039s world=(2.734,0.195,-0.688) yaw=0.1deg rho=0.198 radial_res=-0.077 raw_ang=-176.1deg pred=(-175.9,-55.9,64.1)deg err=(-0.2,-120.2,+119.8)deg chosen=0 changed=0 corrected=-176.1deg residual=+0.0deg z=(-0.665,-0.778,-0.624) seen=(1,1,1)
[2026-07-21 01:48:57.243] [autoaim] [debug] [Outpost][SELECT_PHASE] current_angle=-3.084 target_v_yaw=-2.513 normalized_omega=-2.513 prediction_dt=0.248 future_angle=-3.708 current_plate=0 selected_plate=0 candidate_phase=-3.708 candidate_z=-0.665
[2026-07-21 01:48:57.355] [autoaim] [debug] [Outpost][SELECT_PHASE] current_angle=2.917 target_v_yaw=-2.513 normalized_omega=-2.513 prediction_dt=0.243 future_angle=2.307 current_plate=0 selected_plate=0 candidate_phase=2.307 candidate_z=-0.665
[2026-07-21 01:48:57.492] [autoaim] [debug] [Outpost][SELECT_PHASE] current_angle=2.574 target_v_yaw=-2.513 normalized_omega=-2.513 prediction_dt=0.236 future_angle=1.981 current_plate=0 selected_plate=0 candidate_phase=1.981 candidate_z=-0.665
[2026-07-21 01:48:57.564] [autoaim] [debug] [Outpost][SELECT] mode=ROTATING selected=0 observed=0 changed=false fresh=false unseen=0.325s phase=0.0deg model_ok=false fire=false diff=-80.6deg cmd=(9.75,-7.65)
[2026-07-21 01:48:57.588] [autoaim] [debug] [Outpost][SELECT] mode=ROTATING selected=1 observed=0 changed=true fresh=false unseen=0.349s phase=0.0deg model_ok=false fire=false diff=36.0deg cmd=(0.68,-11.21)
[2026-07-21 01:48:57.596] [autoaim] [debug] [Outpost][SELECT_PHASE] current_angle=2.312 target_v_yaw=-2.513 normalized_omega=-2.513 prediction_dt=0.232 future_angle=1.730 current_plate=0 selected_plate=1 candidate_phase=3.824 candidate_z=-0.778
[2026-07-21 01:48:57.629] [autoaim] [debug] [Outpost][SWITCH_COMMIT] t=30682.551 from=0 phase_best=1 height_plate=1 tracked_err=+125.4deg new_phase_err=+5.4deg jump=69.3deg z=-0.875 z_err=0.097 margin=0.113 z_confident=0
[2026-07-21 01:48:57.629] [autoaim] [debug] [Outpost][OBS_ASSOC] seq=2982 state=2 dt=0.3896s world=(2.834,-0.114,-0.875) yaw=42.9deg rho=0.337 radial_res=+0.062 raw_ang=-106.8deg pred=(127.8,-112.2,7.8)deg err=(+125.4,+5.4,-114.6)deg chosen=1 changed=1 corrected=-106.8deg residual=+0.0deg z=(-0.665,-0.778,-0.624) seen=(1,1,1)
[2026-07-21 01:48:57.664] [autoaim] [debug] [Outpost][IMU] raw_deg=(0.00,0.00,0.00) solver_rad=(0.0000,-0.0000,0.0000)
[2026-07-21 01:48:57.665] [autoaim] [debug] [Outpost][OBS_INPUT] seq=3191 candidates=1 confidence=0.999 image=(839.7,652.0) image_dist=150.4 camera=(0.134,0.183,2.733) gimbal=(2.829,-0.095,-0.869) world=(2.829,-0.095,-0.869) gimbal_ypr=(37.1,9.0,19.4)deg world_ypr=(37.1,9.0,19.4)deg
[2026-07-21 01:48:57.697] [autoaim] [debug] [Outpost][OBS_ASSOC] seq=2991 state=2 dt=0.0041s world=(2.750,-0.075,-0.839) yaw=33.4deg rho=0.337 radial_res=+0.062 raw_ang=-122.6deg pred=(123.9,-116.1,3.9)deg err=(+113.5,-6.5,-126.5)deg chosen=1 changed=0 corrected=-122.6deg residual=+0.0deg z=(-0.665,-0.778,-0.624) seen=(1,1,1)
[2026-07-21 01:48:57.707] [autoaim] [debug] [Outpost][SELECT_PHASE] current_angle=1.944 target_v_yaw=-2.513 normalized_omega=-2.513 prediction_dt=0.228 future_angle=1.371 current_plate=1 selected_plate=1 candidate_phase=3.465 candidate_z=-0.778
[2026-07-21 01:48:57.729] [autoaim] [debug] [Outpost][OBS_INPUT] seq=3201 candidates=1 confidence=0.998 image=(814.5,648.4) image_dist=133.9 camera=(0.092,0.169,2.600) gimbal=(2.704,-0.055,-0.819) world=(2.704,-0.055,-0.819) gimbal_ypr=(29.3,7.4,15.8)deg world_ypr=(29.3,7.4,15.8)deg
[2026-07-21 01:48:57.758] [autoaim] [debug] [Outpost][GEOM_OK] state=2 rho=0.335 res=+0.060 yaw_radial=158.4deg model_center=(2.932,0.209) center_minus=(2.457,-0.157) center_plus=(2.953,0.082)
[2026-07-21 01:48:57.763] [autoaim] [debug] [Outpost][OBS_ASSOC] seq=3001 state=2 dt=0.0057s world=(2.698,-0.034,-0.815) yaw=24.0deg rho=0.338 radial_res=+0.063 raw_ang=-133.9deg pred=(106.5,-133.5,-13.5)deg err=(+119.6,-0.4,-120.4)deg chosen=1 changed=0 corrected=-133.9deg residual=+0.0deg z=(-0.665,-0.778,-0.624) seen=(1,1,1)
[2026-07-21 01:48:57.793] [autoaim] [debug] [Outpost][OBS_INPUT] seq=3211 candidates=1 confidence=0.999 image=(785.6,645.2) image_dist=119.9 camera=(0.050,0.164,2.604) gimbal=(2.708,-0.013,-0.816) world=(2.708,-0.013,-0.816) gimbal_ypr=(17.1,12.7,10.7)deg world_ypr=(17.1,12.7,10.7)deg
[2026-07-21 01:48:57.813] [autoaim] [debug] [Outpost][OBS_ASSOC] seq=3011 state=2 dt=0.0040s world=(2.678,0.001,-0.805) yaw=14.5deg rho=0.328 radial_res=+0.053 raw_ang=-140.6deg pred=(99.0,-141.0,-21.0)deg err=(+120.3,+0.3,-119.7)deg chosen=1 changed=0 corrected=-140.6deg residual=+0.0deg z=(-0.665,-0.778,-0.624) seen=(1,1,1)
[2026-07-21 01:48:57.834] [autoaim] [debug] [Outpost][SELECT_PHASE] current_angle=1.719 target_v_yaw=-2.513 normalized_omega=-2.513 prediction_dt=0.260 future_angle=1.067 current_plate=1 selected_plate=1 candidate_phase=3.161 candidate_z=-0.778
[2026-07-21 01:48:57.862] [autoaim] [debug] [Outpost][OBS_INPUT] seq=3221 candidates=1 confidence=0.993 image=(751.9,642.8) image_dist=112.3 camera=(0.001,0.156,2.532) gimbal=(2.640,0.035,-0.789) world=(2.640,0.035,-0.789) gimbal_ypr=(175.3,149.2,-178.2)deg world_ypr=(175.3,149.2,-178.2)deg
[2026-07-21 01:48:57.882] [autoaim] [debug] [Outpost][OBS_ASSOC] seq=3021 state=2 dt=0.0042s world=(2.604,0.048,-0.776) yaw=9.3deg rho=0.365 radial_res=+0.090 raw_ang=-153.9deg pred=(86.5,-153.5,-33.5)deg err=(+119.6,-0.4,-120.4)deg chosen=1 changed=0 corrected=-153.9deg residual=+0.0deg z=(-0.665,-0.778,-0.624) seen=(1,1,1)
[2026-07-21 01:48:57.911] [autoaim] [debug] [Outpost][OBS_INPUT] seq=3231 candidates=1 confidence=0.999 image=(727.0,641.5) image_dist=113.7 camera=(-0.033,0.151,2.478) gimbal=(2.590,0.068,-0.769) world=(2.590,0.068,-0.769) gimbal_ypr=(6.2,30.6,4.2)deg world_ypr=(6.2,30.6,4.2)deg
[2026-07-21 01:48:57.944] [autoaim] [debug] [Outpost][OBS_ASSOC] seq=3031 state=2 dt=0.0056s world=(2.558,0.089,-0.758) yaw=8.4deg rho=0.393 radial_res=+0.118 raw_ang=-162.3deg pred=(77.0,-163.0,-43.0)deg err=(+120.7,+0.7,-119.3)deg chosen=1 changed=0 corrected=-162.3deg residual=+0.0deg z=(-0.665,-0.778,-0.624) seen=(1,1,1)
[2026-07-21 01:48:57.950] [autoaim] [debug] [Outpost][SELECT_PHASE] current_angle=1.349 target_v_yaw=-2.513 normalized_omega=-2.513 prediction_dt=0.252 future_angle=0.717 current_plate=1 selected_plate=1 candidate_phase=2.812 candidate_z=-0.778
[2026-07-21 01:48:57.975] [autoaim] [debug] [Outpost][OBS_INPUT] seq=3241 candidates=1 confidence=1.000 image=(693.2,640.9) image_dist=124.7 camera=(-0.078,0.148,2.438) gimbal=(2.551,0.112,-0.755) world=(2.551,0.112,-0.755) gimbal_ypr=(6.7,37.3,2.9)deg world_ypr=(6.7,37.3,2.9)deg
[2026-07-21 01:48:58.009] [autoaim] [debug] [Outpost][OBS_ASSOC] seq=3041 state=2 dt=0.0162s world=(2.589,0.137,-0.769) yaw=2.9deg rho=0.350 radial_res=+0.075 raw_ang=-168.2deg pred=(70.7,-169.3,-49.3)deg err=(+121.2,+1.2,-118.8)deg chosen=1 changed=0 corrected=-168.2deg residual=+0.0deg z=(-0.665,-0.778,-0.624) seen=(1,1,1)
[2026-07-21 01:48:58.026] [autoaim] [debug] [Outpost][OBS_INPUT] seq=3251 candidates=1 confidence=0.999 image=(665.8,641.0) image_dist=139.6 camera=(-0.115,0.150,2.467) gimbal=(2.577,0.150,-0.765) world=(2.577,0.150,-0.765) gimbal_ypr=(4.2,3.2,0.8)deg world_ypr=(4.2,3.2,0.8)deg
[2026-07-21 01:48:58.062] [autoaim] [debug] [Outpost][OBS_ASSOC] seq=3051 state=2 dt=0.0040s world=(2.625,0.180,-0.782) yaw=3.0deg rho=0.308 radial_res=+0.033 raw_ang=-174.6deg pred=(65.4,-174.6,-54.6)deg err=(+120.1,+0.1,-119.9)deg chosen=1 changed=0 corrected=-174.6deg residual=+0.0deg z=(-0.665,-0.778,-0.624) seen=(1,1,1)
[2026-07-21 01:48:58.085] [autoaim] [debug] [Outpost][SELECT_PHASE] current_angle=1.090 target_v_yaw=-2.513 normalized_omega=-2.513 prediction_dt=0.248 future_angle=0.466 current_plate=1 selected_plate=1 candidate_phase=2.561 candidate_z=-0.778
[2026-07-21 01:48:58.166] [autoaim] [debug] [Outpost][SELECT] mode=ROTATING selected=1 observed=1 changed=false fresh=true unseen=0.088s phase=0.0deg model_ok=true fire=false diff=-48.3deg cmd=(8.59,-10.94)
[2026-07-21 01:48:58.195] [autoaim] [debug] [Outpost][SELECT_PHASE] current_angle=0.811 target_v_yaw=-2.513 normalized_omega=-2.513 prediction_dt=0.239 future_angle=0.210 current_plate=1 selected_plate=1 candidate_phase=2.305 candidate_z=-0.778
[2026-07-21 01:48:58.351] [autoaim] [debug] [Outpost][SELECT_PHASE] current_angle=0.418 target_v_yaw=-2.513 normalized_omega=-2.513 prediction_dt=0.231 future_angle=-0.163 current_plate=1 selected_plate=1 candidate_phase=1.931 candidate_z=-0.778
[2026-07-21 01:48:58.439] [autoaim] [debug] [Outpost][SELECT] mode=ROTATING selected=2 observed=1 changed=true fresh=false unseen=0.353s phase=0.0deg model_ok=false fire=false diff=35.3deg cmd=(0.74,-7.86)
[2026-07-21 01:48:58.444] [autoaim] [debug] [Outpost][SWITCH_COMMIT] t=30683.366 from=1 phase_best=2 height_plate=0 tracked_err=+146.9deg new_phase_err=+26.9deg jump=94.3deg z=-0.667 z_err=0.002 margin=0.041 z_confident=1
[2026-07-21 01:48:58.444] [autoaim] [debug] [Outpost][OBS_ASSOC] seq=3053 state=2 dt=0.3651s world=(2.975,-0.116,-0.667) yaw=43.9deg rho=0.328 radial_res=+0.053 raw_ang=-82.4deg pred=(10.7,130.7,-109.3)deg err=(-93.1,+146.9,+26.9)deg chosen=2 changed=1 corrected=-82.4deg residual=+0.0deg z=(-0.665,-0.778,-0.624) seen=(1,1,1)
[2026-07-21 01:48:58.456] [autoaim] [debug] [Outpost][OBS_INPUT] seq=3261 candidates=1 confidence=1.000 image=(848.5,496.4) image_dist=103.3 camera=(0.152,-0.052,2.822) gimbal=(2.978,-0.111,-0.667) world=(2.978,-0.111,-0.667) gimbal_ypr=(43.1,7.9,21.4)deg world_ypr=(43.1,7.9,21.4)deg
[2026-07-21 01:48:58.456] [autoaim] [debug] [Outpost][SELECT_PHASE] current_angle=0.666 target_v_yaw=-2.513 normalized_omega=-2.513 prediction_dt=0.236 future_angle=0.073 current_plate=2 selected_plate=2 candidate_phase=-2.021 candidate_z=-0.624
[2026-07-21 01:48:58.492] [autoaim] [debug] [Outpost][OBS_ASSOC] seq=3061 state=2 dt=0.0040s world=(2.919,-0.091,-0.647) yaw=38.0deg rho=0.300 radial_res=+0.025 raw_ang=-92.4deg pred=(18.9,138.9,-101.1)deg err=(-111.3,+128.7,+8.7)deg chosen=2 changed=0 corrected=-92.4deg residual=+0.0deg z=(-0.665,-0.778,-0.624) seen=(1,1,1)
[2026-07-21 01:48:58.524] [autoaim] [debug] [Outpost][OBS_INPUT] seq=3271 candidates=1 confidence=0.998 image=(825.9,490.6) image_dist=84.8 camera=(0.113,-0.059,2.717) gimbal=(2.879,-0.073,-0.632) world=(2.879,-0.073,-0.632) gimbal_ypr=(33.6,9.0,17.4)deg world_ypr=(33.6,9.0,17.4)deg
[2026-07-21 01:48:58.560] [autoaim] [debug] [Outpost][OBS_ASSOC] seq=3071 state=2 dt=0.0039s world=(2.815,-0.051,-0.612) yaw=29.8deg rho=0.285 radial_res=+0.010 raw_ang=-114.1deg pred=(11.7,131.7,-108.3)deg err=(-125.8,+114.2,-5.8)deg chosen=2 changed=0 corrected=-114.1deg residual=+0.0deg z=(-0.665,-0.778,-0.624) seen=(1,1,1)
[2026-07-21 01:48:58.592] [autoaim] [debug] [Outpost][OBS_INPUT] seq=3281 candidates=1 confidence=0.883 image=(799.2,485.8) image_dist=65.7 camera=(0.070,-0.065,2.644) gimbal=(2.808,-0.031,-0.607) world=(2.808,-0.031,-0.607) gimbal_ypr=(153.5,167.6,-179.0)deg world_ypr=(153.5,167.6,-179.0)deg
[2026-07-21 01:48:58.592] [autoaim] [debug] [Outpost][SELECT_PHASE] current_angle=0.049 target_v_yaw=-2.513 normalized_omega=-2.513 prediction_dt=0.226 future_angle=-0.520 current_plate=2 selected_plate=2 candidate_phase=-2.614 candidate_z=-0.624
[2026-07-21 01:48:58.626] [autoaim] [debug] [Outpost][OBS_ASSOC] seq=3081 state=2 dt=0.0057s world=(2.814,-0.011,-0.605) yaw=161.0deg rho=0.250 radial_res=-0.025 raw_ang=-118.3deg pred=(-4.0,116.0,-124.0)deg err=(-114.2,+125.8,+5.8)deg chosen=2 changed=0 corrected=-118.3deg residual=+0.0deg z=(-0.665,-0.778,-0.624) seen=(1,1,1)
[2026-07-21 01:48:58.656] [autoaim] [debug] [Outpost][OBS_INPUT] seq=3291 candidates=1 confidence=0.999 image=(772.6,482.4) image_dist=52.7 camera=(0.032,-0.070,2.652) gimbal=(2.817,0.007,-0.604) world=(2.817,0.007,-0.604) gimbal_ypr=(9.8,14.9,7.8)deg world_ypr=(9.8,14.9,7.8)deg
[2026-07-21 01:48:58.672] [autoaim] [debug] [Outpost][OBS_ASSOC] seq=3091 state=2 dt=0.0039s world=(2.755,0.021,-0.587) yaw=168.2deg rho=0.258 radial_res=-0.017 raw_ang=-133.2deg pred=(-5.9,114.1,-125.9)deg err=(-127.3,+112.7,-7.3)deg chosen=2 changed=0 corrected=-133.2deg residual=+0.0deg z=(-0.665,-0.778,-0.624) seen=(1,1,1)
[2026-07-21 01:48:58.705] [autoaim] [debug] [Outpost][OBS_INPUT] seq=3301 candidates=1 confidence=0.999 image=(747.7,480.1) image_dist=50.4 camera=(-0.005,-0.070,2.557) gimbal=(2.725,0.042,-0.578) world=(2.725,0.042,-0.578) gimbal_ypr=(172.6,175.9,-178.4)deg world_ypr=(172.6,175.9,-178.4)deg
[2026-07-21 01:48:58.705] [autoaim] [debug] [Outpost][SELECT_PHASE] current_angle=-0.368 target_v_yaw=-2.513 normalized_omega=-2.513 prediction_dt=0.260 future_angle=-1.022 current_plate=2 selected_plate=2 candidate_phase=-3.117 candidate_z=-0.624
[2026-07-21 01:48:58.729] [autoaim] [debug] [Outpost][GEOM_OK] state=2 rho=0.268 res=-0.007 yaw_radial=146.4deg model_center=(2.932,0.209) center_minus=(2.435,0.056) center_plus=(2.985,0.061)
[2026-07-21 01:48:58.733] [autoaim] [debug] [Outpost][OBS_ASSOC] seq=3101 state=2 dt=0.0042s world=(2.707,0.061,-0.572) yaw=0.1deg rho=0.269 radial_res=-0.006 raw_ang=-146.7deg pred=(-26.5,93.5,-146.5)deg err=(-120.2,+119.8,-0.2)deg chosen=2 changed=0 corrected=-146.7deg residual=+0.0deg z=(-0.665,-0.778,-0.624) seen=(1,1,1)
[2026-07-21 01:48:58.767] [autoaim] [debug] [Outpost][OBS_INPUT] seq=3311 candidates=1 confidence=0.999 image=(717.3,478.5) image_dist=62.0 camera=(-0.046,-0.071,2.504) gimbal=(2.674,0.082,-0.563) world=(2.674,0.082,-0.563) gimbal_ypr=(9.4,29.9,4.0)deg world_ypr=(9.4,29.9,4.0)deg
[2026-07-21 01:48:58.785] [autoaim] [debug] [Outpost][OBS_ASSOC] seq=3111 state=2 dt=0.0038s world=(2.672,0.097,-0.562) yaw=2.9deg rho=0.283 radial_res=+0.008 raw_ang=-156.7deg pred=(-37.7,82.3,-157.7)deg err=(-119.0,+121.0,+1.0)deg chosen=2 changed=0 corrected=-156.7deg residual=+0.0deg z=(-0.665,-0.778,-0.624) seen=(1,1,1)
[2026-07-21 01:48:58.801] [autoaim] [debug] [Outpost][SELECT] mode=ROTATING selected=2 observed=2 changed=false fresh=true unseen=0.000s phase=0.0deg model_ok=true fire=false diff=-19.0deg cmd=(6.19,-8.15)
[2026-07-21 01:48:58.813] [autoaim] [debug] [Outpost][OBS_INPUT] seq=3321 candidates=1 confidence=0.998 image=(692.2,477.9) image_dist=78.9 camera=(-0.081,-0.072,2.506) gimbal=(2.676,0.117,-0.562) world=(2.676,0.117,-0.562) gimbal_ypr=(3.9,32.6,1.1)deg world_ypr=(3.9,32.6,1.1)deg
[2026-07-21 01:48:58.813] [autoaim] [debug] [Outpost][SELECT_PHASE] current_angle=-0.704 target_v_yaw=-2.513 normalized_omega=-2.513 prediction_dt=0.253 future_angle=-1.340 current_plate=2 selected_plate=2 candidate_phase=-3.435 candidate_z=-0.624
[2026-07-21 01:48:58.843] [autoaim] [debug] [Outpost][OBS_ASSOC] seq=3121 state=2 dt=0.0027s world=(2.697,0.139,-0.568) yaw=2.8deg rho=0.245 radial_res=-0.030 raw_ang=-163.4deg pred=(-43.1,76.9,-163.1)deg err=(-120.2,+119.8,-0.2)deg chosen=2 changed=0 corrected=-163.4deg residual=+0.0deg z=(-0.665,-0.778,-0.624) seen=(1,1,1)
[2026-07-21 01:48:58.881] [autoaim] [debug] [Outpost][OBS_INPUT] seq=3331 candidates=1 confidence=0.996 image=(659.4,478.4) image_dist=105.4 camera=(-0.127,-0.072,2.526) gimbal=(2.694,0.164,-0.567) world=(2.694,0.164,-0.567) gimbal_ypr=(175.5,149.0,176.4)deg world_ypr=(175.5,149.0,176.4)deg
[2026-07-21 01:48:58.890] [autoaim] [debug] [Outpost][IMU] raw_deg=(0.00,0.00,0.00) solver_rad=(0.0000,-0.0000,0.0000)
[2026-07-21 01:48:58.945] [autoaim] [debug] [Outpost][SELECT_PHASE] current_angle=-1.037 target_v_yaw=-2.513 normalized_omega=-2.513 prediction_dt=0.248 future_angle=-1.661 current_plate=2 selected_plate=2 candidate_phase=-3.755 candidate_z=-0.624
[2026-07-21 01:48:59.052] [autoaim] [debug] [Outpost][SELECT_PHASE] current_angle=-1.305 target_v_yaw=-2.513 normalized_omega=-2.513 prediction_dt=0.240 future_angle=-1.907 current_plate=2 selected_plate=2 candidate_phase=-4.001 candidate_z=-0.624
[2026-07-21 01:48:59.164] [autoaim] [debug] [Outpost][SELECT_PHASE] current_angle=-1.584 target_v_yaw=-2.513 normalized_omega=-2.513 prediction_dt=0.234 future_angle=-2.172 current_plate=2 selected_plate=2 candidate_phase=-4.266 candidate_z=-0.624
[2026-07-21 01:48:59.228] [autoaim] [debug] [Outpost][SWITCH_COMMIT] t=30684.149 from=2 phase_best=0 height_plate=1 tracked_err=+115.1deg new_phase_err=-4.9deg jump=70.0deg z=-0.751 z_err=0.027 margin=0.058 z_confident=1
[2026-07-21 01:48:59.228] [autoaim] [debug] [Outpost][OBS_ASSOC] seq=3131 state=2 dt=0.3128s world=(2.841,-0.135,-0.751) yaw=53.8deg rho=0.356 radial_res=+0.081 raw_ang=-104.8deg pred=(-99.9,20.1,140.1)deg err=(-4.9,-124.9,+115.1)deg chosen=0 changed=1 corrected=-104.8deg residual=+0.0deg z=(-0.665,-0.778,-0.624) seen=(1,1,1)
[2026-07-21 01:48:59.238] [autoaim] [debug] [Outpost][SELECT] mode=ROTATING selected=0 observed=0 changed=true fresh=true unseen=0.000s phase=0.0deg model_ok=true fire=false diff=31.5deg cmd=(1.06,-9.00)
[2026-07-21 01:48:59.246] [autoaim] [debug] [Outpost][OBS_INPUT] seq=3341 candidates=1 confidence=1.000 image=(862.8,572.7) image_dist=119.5 camera=(0.165,0.062,2.673) gimbal=(2.804,-0.127,-0.737) world=(2.804,-0.127,-0.737) gimbal_ypr=(52.1,2.8,24.8)deg world_ypr=(52.1,2.8,24.8)deg
[2026-07-21 01:48:59.278] [autoaim] [debug] [Outpost][OBS_ASSOC] seq=3141 state=2 dt=0.0039s world=(2.776,-0.113,-0.724) yaw=47.0deg rho=0.358 radial_res=+0.083 raw_ang=-115.8deg pred=(-117.7,2.3,122.3)deg err=(+1.9,-118.1,+121.9)deg chosen=0 changed=0 corrected=-115.8deg residual=+0.0deg z=(-0.665,-0.778,-0.624) seen=(1,1,1)
[2026-07-21 01:48:59.279] [autoaim] [debug] [Outpost][SELECT_PHASE] current_angle=-2.021 target_v_yaw=-2.513 normalized_omega=-2.513 prediction_dt=0.227 future_angle=-2.592 current_plate=0 selected_plate=0 candidate_phase=-2.592 candidate_z=-0.665
[2026-07-21 01:48:59.307] [autoaim] [debug] [Outpost][OBS_INPUT] seq=3351 candidates=1 confidence=0.999 image=(846.1,567.9) image_dist=102.1 camera=(0.137,0.053,2.607) gimbal=(2.742,-0.100,-0.710) world=(2.742,-0.100,-0.710) gimbal_ypr=(44.9,5.5,21.6)deg world_ypr=(44.9,5.5,21.6)deg
[2026-07-21 01:48:59.346] [autoaim] [debug] [Outpost][OBS_ASSOC] seq=3151 state=2 dt=0.0041s world=(2.753,-0.085,-0.710) yaw=39.8deg rho=0.344 radial_res=+0.069 raw_ang=-121.3deg pred=(-125.4,-5.4,114.6)deg err=(+4.1,-115.9,+124.1)deg chosen=0 changed=0 corrected=-121.3deg residual=+0.0deg z=(-0.665,-0.778,-0.624) seen=(1,1,1)
[2026-07-21 01:48:59.377] [autoaim] [debug] [Outpost][OBS_INPUT] seq=3361 candidates=1 confidence=0.991 image=(822.9,562.9) image_dist=78.8 camera=(0.104,0.047,2.619) gimbal=(2.755,-0.067,-0.707) world=(2.755,-0.067,-0.707) gimbal_ypr=(34.5,8.0,17.7)deg world_ypr=(34.5,8.0,17.7)deg
[2026-07-21 01:48:59.383] [autoaim] [debug] [Outpost][SELECT] mode=ROTATING selected=0 observed=0 changed=false fresh=true unseen=0.000s phase=0.0deg model_ok=true fire=false diff=13.9deg cmd=(2.75,-9.00)
[2026-07-21 01:48:59.413] [autoaim] [debug] [Outpost][OBS_ASSOC] seq=3161 state=2 dt=0.0202s world=(2.705,-0.045,-0.689) yaw=31.5deg rho=0.341 radial_res=+0.066 raw_ang=-131.7deg pred=(-128.8,-8.8,111.2)deg err=(-3.0,-123.0,+117.0)deg chosen=0 changed=0 corrected=-131.7deg residual=+0.0deg z=(-0.665,-0.778,-0.624) seen=(1,1,1)
[2026-07-21 01:48:59.413] [autoaim] [debug] [Outpost][SELECT_PHASE] current_angle=-2.299 target_v_yaw=-2.513 normalized_omega=-2.513 prediction_dt=0.225 future_angle=-2.866 current_plate=0 selected_plate=0 candidate_phase=-2.866 candidate_z=-0.665
[2026-07-21 01:48:59.452] [autoaim] [debug] [Outpost][OBS_INPUT] seq=3371 candidates=1 confidence=0.997 image=(791.8,558.0) image_dist=49.2 camera=(0.058,0.039,2.541) gimbal=(2.682,-0.021,-0.678) world=(2.682,-0.021,-0.678) gimbal_ypr=(25.2,10.9,13.2)deg world_ypr=(25.2,10.9,13.2)deg
[2026-07-21 01:48:59.483] [autoaim] [debug] [Outpost][OBS_ASSOC] seq=3171 state=2 dt=0.0039s world=(2.710,-0.001,-0.685) yaw=18.4deg rho=0.305 radial_res=+0.030 raw_ang=-136.6deg pred=(-140.6,-20.6,99.4)deg err=(+4.0,-116.0,+124.0)deg chosen=0 changed=0 corrected=-136.6deg residual=+0.0deg z=(-0.665,-0.778,-0.624) seen=(1,1,1)
[2026-07-21 01:48:59.518] [autoaim] [debug] [Outpost][OBS_INPUT] seq=3381 candidates=1 confidence=0.999 image=(762.1,555.4) image_dist=27.3 camera=(0.016,0.035,2.569) gimbal=(2.709,0.021,-0.683) world=(2.709,0.021,-0.683) gimbal_ypr=(13.0,14.5,8.3)deg world_ypr=(13.0,14.5,8.3)deg
[2026-07-21 01:48:59.547] [autoaim] [debug] [Outpost][OBS_ASSOC] seq=3181 state=2 dt=0.0110s world=(2.674,0.040,-0.671) yaw=8.4deg rho=0.308 radial_res=+0.033 raw_ang=-146.7deg pred=(-145.5,-25.5,94.5)deg err=(-1.2,-121.2,+118.8)deg chosen=0 changed=0 corrected=-146.7deg residual=+0.0deg z=(-0.665,-0.778,-0.624) seen=(1,1,1)
[2026-07-21 01:48:59.547] [autoaim] [debug] [Outpost][SELECT_PHASE] current_angle=-2.561 target_v_yaw=-2.513 normalized_omega=-2.513 prediction_dt=0.261 future_angle=-3.216 current_plate=0 selected_plate=0 candidate_phase=-3.216 candidate_z=-0.665
[2026-07-21 01:48:59.564] [autoaim] [debug] [Outpost][OBS_INPUT] seq=3391 candidates=1 confidence=0.994 image=(738.5,553.5) image_dist=26.3 camera=(-0.018,0.032,2.512) gimbal=(2.655,0.054,-0.664) world=(2.655,0.054,-0.664) gimbal_ypr=(172.0,177.9,-178.9)deg world_ypr=(172.0,177.9,-178.9)deg
[2026-07-21 01:48:59.592] [autoaim] [debug] [Outpost][OBS_ASSOC] seq=3191 state=2 dt=0.0041s world=(2.609,0.072,-0.650) yaw=171.3deg rho=0.350 radial_res=+0.075 raw_ang=-157.0deg pred=(-155.6,-35.6,84.4)deg err=(-1.4,-121.4,+118.6)deg chosen=0 changed=0 corrected=-157.0deg residual=+0.0deg z=(-0.665,-0.778,-0.624) seen=(1,1,1)
[2026-07-21 01:48:59.620] [autoaim] [debug] [Outpost][OBS_INPUT] seq=3401 candidates=1 confidence=0.998 image=(710.0,552.6) image_dist=46.6 camera=(-0.056,0.030,2.461) gimbal=(2.605,0.091,-0.648) world=(2.605,0.091,-0.648) gimbal_ypr=(10.9,32.6,5.0)deg world_ypr=(10.9,32.6,5.0)deg
[2026-07-21 01:48:59.636] [autoaim] [debug] [Outpost][GEOM_OK] state=2 rho=0.345 res=+0.070 yaw_radial=-23.1deg model_center=(2.932,0.209) center_minus=(2.878,0.078) center_plus=(2.330,0.127)
[2026-07-21 01:48:59.640] [autoaim] [debug] [Outpost][OBS_ASSOC] seq=3201 state=2 dt=0.0040s world=(2.620,0.106,-0.652) yaw=179.1deg rho=0.329 radial_res=+0.054 raw_ang=-161.7deg pred=(-162.6,-42.6,77.4)deg err=(+0.9,-119.1,+120.9)deg chosen=0 changed=0 corrected=-161.7deg residual=+0.0deg z=(-0.665,-0.778,-0.624) seen=(1,1,1)
[2026-07-21 01:48:59.640] [autoaim] [debug] [Outpost][SELECT_PHASE] current_angle=-2.822 target_v_yaw=-2.513 normalized_omega=-2.513 prediction_dt=0.255 future_angle=-3.463 current_plate=0 selected_plate=0 candidate_phase=-3.463 candidate_z=-0.665
[2026-07-21 01:48:59.669] [autoaim] [debug] [Outpost][OBS_INPUT] seq=3411 candidates=1 confidence=0.999 image=(685.3,552.1) image_dist=69.2 camera=(-0.090,0.030,2.480) gimbal=(2.623,0.125,-0.653) world=(2.623,0.125,-0.653) gimbal_ypr=(4.5,31.3,1.3)deg world_ypr=(4.5,31.3,1.3)deg
[2026-07-21 01:48:59.700] [autoaim] [debug] [Outpost][OBS_ASSOC] seq=3211 state=2 dt=0.0043s world=(2.648,0.149,-0.660) yaw=2.2deg rho=0.290 radial_res=+0.015 raw_ang=-168.2deg pred=(-168.6,-48.6,71.4)deg err=(+0.4,-119.6,+120.4)deg chosen=0 changed=0 corrected=-168.2deg residual=+0.0deg z=(-0.665,-0.778,-0.624) seen=(1,1,1)
[2026-07-21 01:48:59.736] [autoaim] [debug] [Outpost][OBS_INPUT] seq=3421 candidates=1 confidence=0.999 image=(654.9,552.4) image_dist=98.7 camera=(-0.133,0.031,2.526) gimbal=(2.667,0.170,-0.667) world=(2.667,0.170,-0.667) gimbal_ypr=(2.8,3.0,-0.7)deg world_ypr=(2.8,3.0,-0.7)deg
[2026-07-21 01:48:59.752] [autoaim] [debug] [Outpost][OBS_ASSOC] seq=3221 state=2 dt=0.0040s world=(2.713,0.190,-0.681) yaw=1.9deg rho=0.220 radial_res=-0.055 raw_ang=-175.1deg pred=(-175.0,-55.0,65.0)deg err=(-0.1,-120.1,+119.9)deg chosen=0 changed=0 corrected=-175.1deg residual=+0.0deg z=(-0.665,-0.778,-0.624) seen=(1,1,1)
[2026-07-21 01:48:59.752] [autoaim] [debug] [Outpost][SELECT_PHASE] current_angle=-3.057 target_v_yaw=-2.513 normalized_omega=-2.513 prediction_dt=0.248 future_angle=-3.681 current_plate=0 selected_plate=0 candidate_phase=-3.681 candidate_z=-0.665
[2026-07-21 01:48:59.861] [autoaim] [debug] [Outpost][SELECT_PHASE] current_angle=2.954 target_v_yaw=-2.513 normalized_omega=-2.513 prediction_dt=0.244 future_angle=2.342 current_plate=0 selected_plate=0 candidate_phase=2.342 candidate_z=-0.665
[2026-07-21 01:48:59.957] [autoaim] [debug] [Outpost][SELECT] mode=ROTATING selected=0 observed=0 changed=false fresh=false unseen=0.205s phase=0.0deg model_ok=false fire=false diff=-63.2deg cmd=(9.32,-8.22)
[2026-07-21 01:48:59.969] [autoaim] [debug] [Outpost][SELECT_PHASE] current_angle=2.682 target_v_yaw=-2.513 normalized_omega=-2.513 prediction_dt=0.238 future_angle=2.084 current_plate=0 selected_plate=0 candidate_phase=2.084 candidate_z=-0.665
[2026-07-21 01:49:00.052] [autoaim] [debug] [Outpost][IMU] raw_deg=(0.00,0.00,0.00) solver_rad=(0.0000,-0.0000,0.0000)
[2026-07-21 01:49:00.089] [autoaim] [debug] [Outpost][SELECT_PHASE] current_angle=2.389 target_v_yaw=-2.513 normalized_omega=-2.513 prediction_dt=0.233 future_angle=1.804 current_plate=0 selected_plate=0 candidate_phase=1.804 candidate_z=-0.665
[2026-07-21 01:49:00.124] [autoaim] [debug] [Outpost][SELECT] mode=ROTATING selected=1 observed=0 changed=true fresh=false unseen=0.370s phase=0.0deg model_ok=false fire=false diff=34.1deg cmd=(0.84,-11.26)
[2026-07-21 01:49:00.157] [autoaim] [debug] [Outpost][SWITCH_COMMIT] t=30685.076 from=0 phase_best=1 height_plate=1 tracked_err=+123.6deg new_phase_err=+3.6deg jump=65.8deg z=-0.868 z_err=0.090 margin=0.113 z_confident=0
[2026-07-21 01:49:00.157] [autoaim] [debug] [Outpost][OBS_ASSOC] seq=3222 state=2 dt=0.4015s world=(2.820,-0.111,-0.868) yaw=42.0deg rho=0.339 radial_res=+0.064 raw_ang=-109.4deg pred=(127.1,-112.9,7.1)deg err=(+123.6,+3.6,-116.4)deg chosen=1 changed=1 corrected=-109.4deg residual=+0.0deg z=(-0.665,-0.778,-0.624) seen=(1,1,1)
[2026-07-21 01:49:00.170] [autoaim] [debug] [Outpost][OBS_INPUT] seq=3431 candidates=1 confidence=1.000 image=(844.4,653.5) image_dist=154.4 camera=(0.142,0.185,2.741) gimbal=(2.835,-0.103,-0.873) world=(2.835,-0.103,-0.873) gimbal_ypr=(39.7,9.3,20.9)deg world_ypr=(39.7,9.3,20.9)deg
[2026-07-21 01:49:00.198] [autoaim] [debug] [Outpost][SELECT_PHASE] current_angle=2.203 target_v_yaw=-2.513 normalized_omega=-2.513 prediction_dt=0.230 future_angle=1.624 current_plate=1 selected_plate=1 candidate_phase=3.719 candidate_z=-0.778
[2026-07-21 01:49:00.200] [autoaim] [debug] [Outpost][OBS_ASSOC] seq=3231 state=2 dt=0.0051s world=(2.740,-0.084,-0.836) yaw=37.1deg rho=0.350 radial_res=+0.075 raw_ang=-123.2deg pred=(125.5,-114.5,5.5)deg err=(+111.4,-8.6,-128.6)deg chosen=1 changed=0 corrected=-123.2deg residual=+0.0deg z=(-0.665,-0.778,-0.624) seen=(1,1,1)
[2026-07-21 01:49:00.230] [autoaim] [debug] [Outpost][OBS_INPUT] seq=3441 candidates=1 confidence=1.000 image=(823.2,649.6) image_dist=139.3 camera=(0.106,0.173,2.640) gimbal=(2.741,-0.068,-0.834) world=(2.741,-0.068,-0.834) gimbal_ypr=(32.6,10.9,17.0)deg world_ypr=(32.6,10.9,17.0)deg
[2026-07-21 01:49:00.246] [autoaim] [debug] [Outpost][OBS_ASSOC] seq=3241 state=2 dt=0.0040s world=(2.728,-0.056,-0.828) yaw=28.5deg rho=0.334 radial_res=+0.059 raw_ang=-127.7deg pred=(113.7,-126.3,-6.3)deg err=(+118.6,-1.4,-121.4)deg chosen=1 changed=0 corrected=-127.7deg residual=+0.0deg z=(-0.665,-0.778,-0.624) seen=(1,1,1)
[2026-07-21 01:49:00.274] [autoaim] [debug] [Outpost][OBS_INPUT] seq=3451 candidates=1 confidence=0.999 image=(802.7,647.0) image_dist=127.5 camera=(0.075,0.168,2.621) gimbal=(2.724,-0.038,-0.824) world=(2.724,-0.038,-0.824) gimbal_ypr=(23.6,10.2,13.7)deg world_ypr=(23.6,10.2,13.7)deg
[2026-07-21 01:49:00.305] [autoaim] [debug] [Outpost][SELECT_PHASE] current_angle=1.834 target_v_yaw=-2.513 normalized_omega=-2.513 prediction_dt=0.228 future_angle=1.262 current_plate=1 selected_plate=1 candidate_phase=3.356 candidate_z=-0.778
[2026-07-21 01:49:00.306] [autoaim] [debug] [Outpost][OBS_ASSOC] seq=3251 state=2 dt=0.0041s world=(2.677,-0.017,-0.805) yaw=21.0deg rho=0.341 radial_res=+0.066 raw_ang=-138.5deg pred=(104.5,-135.5,-15.5)deg err=(+117.0,-3.0,-123.0)deg chosen=1 changed=0 corrected=-138.5deg residual=+0.0deg z=(-0.665,-0.778,-0.624) seen=(1,1,1)
[2026-07-21 01:49:00.338] [autoaim] [debug] [Outpost][OBS_INPUT] seq=3461 candidates=1 confidence=1.000 image=(772.7,644.2) image_dist=115.8 camera=(0.031,0.161,2.574) gimbal=(2.680,0.006,-0.805) world=(2.680,0.006,-0.805) gimbal_ypr=(13.6,14.1,9.0)deg world_ypr=(13.6,14.1,9.0)deg
[2026-07-21 01:49:00.371] [autoaim] [debug] [Outpost][OBS_ASSOC] seq=3261 state=2 dt=0.0120s world=(2.667,0.025,-0.799) yaw=6.9deg rho=0.323 radial_res=+0.048 raw_ang=-145.2deg pred=(92.6,-147.4,-27.4)deg err=(+122.2,+2.2,-117.8)deg chosen=1 changed=0 corrected=-145.2deg residual=+0.0deg z=(-0.665,-0.778,-0.624) seen=(1,1,1)
[2026-07-21 01:49:00.386] [autoaim] [debug] [Outpost][OBS_INPUT] seq=3471 candidates=1 confidence=0.999 image=(749.0,642.5) image_dist=112.1 camera=(-0.003,0.156,2.530) gimbal=(2.638,0.039,-0.788) world=(2.638,0.039,-0.788) gimbal_ypr=(2.3,4.0,3.9)deg world_ypr=(2.3,4.0,3.9)deg
[2026-07-21 01:49:00.411] [autoaim] [debug] [Outpost][SELECT_PHASE] current_angle=1.473 target_v_yaw=-2.513 normalized_omega=-2.513 prediction_dt=0.254 future_angle=0.834 current_plate=1 selected_plate=1 candidate_phase=2.928 candidate_z=-0.778
[2026-07-21 01:49:00.415] [autoaim] [debug] [Outpost][OBS_ASSOC] seq=3271 state=2 dt=0.0038s world=(2.595,0.057,-0.772) yaw=4.5deg rho=0.369 radial_res=+0.094 raw_ang=-155.7deg pred=(83.9,-156.1,-36.1)deg err=(+120.4,+0.4,-119.6)deg chosen=1 changed=0 corrected=-155.7deg residual=+0.0deg z=(-0.665,-0.778,-0.624) seen=(1,1,1)
[2026-07-21 01:49:00.448] [autoaim] [debug] [Outpost][OBS_INPUT] seq=3481 candidates=1 confidence=0.998 image=(718.2,641.1) image_dist=115.5 camera=(-0.044,0.149,2.448) gimbal=(2.561,0.079,-0.759) world=(2.561,0.079,-0.759) gimbal_ypr=(10.5,36.3,5.4)deg world_ypr=(10.5,36.3,5.4)deg
[2026-07-21 01:49:00.484] [autoaim] [debug] [Outpost][OBS_ASSOC] seq=3281 state=2 dt=0.0037s world=(2.550,0.104,-0.755) yaw=7.2deg rho=0.396 radial_res=+0.121 raw_ang=-164.7deg pred=(75.9,-164.1,-44.1)deg err=(+119.5,-0.5,-120.5)deg chosen=1 changed=0 corrected=-164.7deg residual=+0.0deg z=(-0.665,-0.778,-0.624) seen=(1,1,1)
[2026-07-21 01:49:00.521] [autoaim] [debug] [Outpost][OBS_INPUT] seq=3491 candidates=1 confidence=0.999 image=(679.9,640.6) image_dist=131.2 camera=(-0.096,0.149,2.453) gimbal=(2.565,0.131,-0.760) world=(2.565,0.131,-0.760) gimbal_ypr=(4.9,36.2,1.6)deg world_ypr=(4.9,36.2,1.6)deg
[2026-07-21 01:49:00.529] [autoaim] [debug] [Outpost][SELECT] mode=ROTATING selected=1 observed=1 changed=false fresh=true unseen=0.000s phase=0.0deg model_ok=true fire=false diff=-28.8deg cmd=(7.12,-11.40)
[2026-07-21 01:49:00.550] [autoaim] [debug] [Outpost][SELECT_PHASE] current_angle=1.207 target_v_yaw=-2.513 normalized_omega=-2.513 prediction_dt=0.248 future_angle=0.583 current_plate=1 selected_plate=1 candidate_phase=2.678 candidate_z=-0.778
[2026-07-21 01:49:00.554] [autoaim] [debug] [Outpost][OBS_ASSOC] seq=3291 state=2 dt=0.0036s world=(2.601,0.157,-0.773) yaw=4.5deg rho=0.335 radial_res=+0.060 raw_ang=-171.0deg pred=(68.6,-171.4,-51.4)deg err=(+120.3,+0.3,-119.7)deg chosen=1 changed=0 corrected=-171.0deg residual=+0.0deg z=(-0.665,-0.778,-0.624) seen=(1,1,1)
[2026-07-21 01:49:00.586] [autoaim] [debug] [Outpost][OBS_INPUT] seq=3501 candidates=1 confidence=0.999 image=(645.9,641.2) image_dist=152.7 camera=(-0.146,0.153,2.519) gimbal=(2.627,0.181,-0.783) world=(2.627,0.181,-0.783) gimbal_ypr=(8.1,36.4,0.9)deg world_ypr=(8.1,36.4,0.9)deg
[2026-07-21 01:49:00.600] [autoaim] [debug] [Outpost][GEOM_OK] state=2 rho=0.267 res=-0.008 yaw_radial=-4.9deg model_center=(2.932,0.209) center_minus=(2.940,0.186) center_plus=(2.391,0.206)
[2026-07-21 01:49:00.659] [autoaim] [debug] [Outpost][SELECT_PHASE] current_angle=0.945 target_v_yaw=-2.513 normalized_omega=-2.513 prediction_dt=0.242 future_angle=0.337 current_plate=1 selected_plate=1 candidate_phase=2.431 candidate_z=-0.778
[2026-07-21 01:49:00.764] [autoaim] [debug] [Outpost][SELECT_PHASE] current_angle=0.683 target_v_yaw=-2.513 normalized_omega=-2.513 prediction_dt=0.236 future_angle=0.089 current_plate=1 selected_plate=1 candidate_phase=2.183 candidate_z=-0.778
[2026-07-21 01:49:00.876] [autoaim] [debug] [Outpost][SELECT_PHASE] current_angle=0.401 target_v_yaw=-2.513 normalized_omega=-2.513 prediction_dt=0.231 future_angle=-0.180 current_plate=1 selected_plate=1 candidate_phase=1.915 candidate_z=-0.778
[2026-07-21 01:49:00.957] [autoaim] [debug] [Outpost][SELECT] mode=ROTATING selected=2 observed=1 changed=true fresh=false unseen=0.357s phase=0.0deg model_ok=false fire=false diff=34.4deg cmd=(0.82,-7.88)
[2026-07-21 01:49:00.973] [autoaim] [debug] [Outpost][SWITCH_COMMIT] t=30685.895 from=1 phase_best=2 height_plate=0 tracked_err=+152.1deg new_phase_err=+32.1deg jump=98.4deg z=-0.672 z_err=0.007 margin=0.041 z_confident=1
[2026-07-21 01:49:00.973] [autoaim] [debug] [Outpost][OBS_ASSOC] seq=3301 state=2 dt=0.3735s world=(2.996,-0.113,-0.672) yaw=43.1deg rho=0.328 radial_res=+0.053 raw_ang=-78.8deg pred=(9.1,129.1,-110.9)deg err=(-87.9,+152.1,+32.1)deg chosen=2 changed=1 corrected=-78.8deg residual=+0.0deg z=(-0.665,-0.778,-0.624) seen=(1,1,1)
[2026-07-21 01:49:00.989] [autoaim] [debug] [Outpost][IDENTITY_LOCK] t=30685.911 tracked=2 phase_best=2 height_candidate=0 tracked_err=-4.0deg new_phase_err=-4.0deg jump=4.4deg z=-0.666 z_err=0.000 margin=0.041
[2026-07-21 01:49:00.993] [autoaim] [debug] [Outpost][OBS_INPUT] seq=3511 candidates=1 confidence=0.943 image=(843.3,494.7) image_dist=98.9 camera=(0.141,-0.054,2.763) gimbal=(2.922,-0.101,-0.649) world=(2.922,-0.101,-0.649) gimbal_ypr=(41.3,8.6,19.9)deg world_ypr=(41.3,8.6,19.9)deg
[2026-07-21 01:49:00.993] [autoaim] [debug] [Outpost][SELECT_PHASE] current_angle=0.491 target_v_yaw=-2.513 normalized_omega=-2.513 prediction_dt=0.233 future_angle=-0.094 current_plate=2 selected_plate=2 candidate_phase=-2.188 candidate_z=-0.624
[2026-07-21 01:49:01.048] [autoaim] [debug] [Outpost][OBS_ASSOC] seq=3311 state=2 dt=0.0206s world=(2.843,-0.071,-0.622) yaw=34.3deg rho=0.294 radial_res=+0.019 raw_ang=-107.7deg pred=(21.3,141.3,-98.7)deg err=(-129.0,+111.0,-9.0)deg chosen=2 changed=0 corrected=-107.7deg residual=+0.0deg z=(-0.665,-0.778,-0.624) seen=(1,1,1)
[2026-07-21 01:49:01.083] [autoaim] [debug] [Outpost][OBS_INPUT] seq=3521 candidates=1 confidence=1.000 image=(811.5,487.9) image_dist=73.9 camera=(0.090,-0.063,2.689) gimbal=(2.852,-0.051,-0.621) world=(2.852,-0.051,-0.621) gimbal_ypr=(28.2,12.2,15.2)deg world_ypr=(28.2,12.2,15.2)deg
[2026-07-21 01:49:01.111] [autoaim] [debug] [Outpost][OBS_ASSOC] seq=3321 state=2 dt=0.0123s world=(2.807,-0.032,-0.606) yaw=153.4deg rho=0.271 radial_res=-0.004 raw_ang=-117.4deg pred=(2.5,122.5,-117.5)deg err=(-119.9,+120.1,+0.1)deg chosen=2 changed=0 corrected=-117.4deg residual=+0.0deg z=(-0.665,-0.778,-0.624) seen=(1,1,1)
[2026-07-21 01:49:01.126] [autoaim] [debug] [Outpost][SELECT] mode=ROTATING selected=2 observed=2 changed=false fresh=true unseen=0.000s phase=0.0deg model_ok=true fire=false diff=20.9deg cmd=(2.04,-8.08)
[2026-07-21 01:49:01.129] [autoaim] [debug] [Outpost][OBS_INPUT] seq=3531 candidates=1 confidence=0.997 image=(791.2,484.7) image_dist=60.8 camera=(0.058,-0.066,2.621) gimbal=(2.787,-0.020,-0.600) world=(2.787,-0.020,-0.600) gimbal_ypr=(21.9,11.6,11.7)deg world_ypr=(21.9,11.6,11.7)deg
[2026-07-21 01:49:01.130] [autoaim] [debug] [Outpost][SELECT_PHASE] current_angle=-0.040 target_v_yaw=-2.513 normalized_omega=-2.513 prediction_dt=0.225 future_angle=-0.607 current_plate=2 selected_plate=2 candidate_phase=-2.701 candidate_z=-0.624
[2026-07-21 01:49:01.161] [autoaim] [debug] [Outpost][OBS_ASSOC] seq=3331 state=2 dt=0.0040s world=(2.814,0.001,-0.604) yaw=166.5deg rho=0.238 radial_res=-0.037 raw_ang=-119.5deg pred=(-5.1,114.9,-125.1)deg err=(-114.4,+125.6,+5.6)deg chosen=2 changed=0 corrected=-119.5deg residual=+0.0deg z=(-0.665,-0.778,-0.624) seen=(1,1,1)
[2026-07-21 01:49:01.195] [autoaim] [debug] [Outpost][OBS_INPUT] seq=3541 candidates=1 confidence=0.999 image=(761.6,481.4) image_dist=50.2 camera=(0.015,-0.070,2.589) gimbal=(2.757,0.023,-0.587) world=(2.757,0.023,-0.587) gimbal_ypr=(170.1,168.6,-177.7)deg world_ypr=(170.1,168.6,-177.7)deg
[2026-07-21 01:49:01.205] [autoaim] [debug] [Outpost][IMU] raw_deg=(0.00,0.00,0.00) solver_rad=(0.0000,-0.0000,0.0000)
[2026-07-21 01:49:01.230] [autoaim] [debug] [Outpost][OBS_ASSOC] seq=3341 state=2 dt=0.0051s world=(2.729,0.044,-0.578) yaw=176.6deg rho=0.261 radial_res=-0.014 raw_ang=-141.0deg pred=(-21.9,98.1,-141.9)deg err=(-119.1,+120.9,+0.9)deg chosen=2 changed=0 corrected=-141.0deg residual=+0.0deg z=(-0.665,-0.778,-0.624) seen=(1,1,1)
[2026-07-21 01:49:01.259] [autoaim] [debug] [Outpost][OBS_INPUT] seq=3551 candidates=1 confidence=0.995 image=(730.1,479.1) image_dist=55.4 camera=(-0.029,-0.071,2.524) gimbal=(2.694,0.066,-0.569) world=(2.694,0.066,-0.569) gimbal_ypr=(176.6,179.8,-178.6)deg world_ypr=(176.6,179.8,-178.6)deg
[2026-07-21 01:49:01.260] [autoaim] [debug] [Outpost][SELECT_PHASE] current_angle=-0.506 target_v_yaw=-2.513 normalized_omega=-2.513 prediction_dt=0.258 future_angle=-1.153 current_plate=2 selected_plate=2 candidate_phase=-3.248 candidate_z=-0.624
[2026-07-21 01:49:01.288] [autoaim] [debug] [Outpost][OBS_ASSOC] seq=3351 state=2 dt=0.0121s world=(2.663,0.084,-0.560) yaw=175.9deg rho=0.296 radial_res=+0.021 raw_ang=-155.1deg pred=(-33.5,86.5,-153.5)deg err=(-121.6,+118.4,-1.6)deg chosen=2 changed=0 corrected=-155.1deg residual=+0.0deg z=(-0.665,-0.778,-0.624) seen=(1,1,1)
[2026-07-21 01:49:01.306] [autoaim] [debug] [Outpost][OBS_INPUT] seq=3561 candidates=1 confidence=0.974 image=(705.9,478.4) image_dist=68.9 camera=(-0.062,-0.071,2.500) gimbal=(2.670,0.099,-0.561) world=(2.670,0.099,-0.561) gimbal_ypr=(7.2,30.3,2.8)deg world_ypr=(7.2,30.3,2.8)deg
[2026-07-21 01:49:01.334] [autoaim] [debug] [Outpost][OBS_ASSOC] seq=3361 state=2 dt=0.0041s world=(2.689,0.119,-0.566) yaw=4.0deg rho=0.259 radial_res=-0.016 raw_ang=-159.7deg pred=(-39.7,80.3,-159.7)deg err=(-120.0,+120.0,+0.0)deg chosen=2 changed=0 corrected=-159.7deg residual=+0.0deg z=(-0.665,-0.778,-0.624) seen=(1,1,1)
[2026-07-21 01:49:01.368] [autoaim] [debug] [Outpost][OBS_INPUT] seq=3571 candidates=1 confidence=0.998 image=(675.3,478.4) image_dist=91.9 camera=(-0.106,-0.072,2.530) gimbal=(2.699,0.142,-0.568) world=(2.699,0.142,-0.568) gimbal_ypr=(1.3,-2.4,-0.8)deg world_ypr=(1.3,-2.4,-0.8)deg
[2026-07-21 01:49:01.368] [autoaim] [debug] [Outpost][SELECT_PHASE] current_angle=-0.769 target_v_yaw=-2.513 normalized_omega=-2.513 prediction_dt=0.252 future_angle=-1.402 current_plate=2 selected_plate=2 candidate_phase=-3.496 candidate_z=-0.624
[2026-07-21 01:49:01.400] [autoaim] [debug] [Outpost][OBS_ASSOC] seq=3371 state=2 dt=0.0162s world=(2.693,0.164,-0.567) yaw=175.4deg rho=0.243 radial_res=-0.032 raw_ang=-169.4deg pred=(-48.6,71.4,-168.6)deg err=(-120.8,+119.2,-0.8)deg chosen=2 changed=0 corrected=-169.4deg residual=+0.0deg z=(-0.665,-0.778,-0.624) seen=(1,1,1)
[2026-07-21 01:49:01.418] [autoaim] [debug] [Outpost][OBS_INPUT] seq=3581 candidates=1 confidence=1.000 image=(649.4,479.0) image_dist=114.0 camera=(-0.144,-0.073,2.580) gimbal=(2.747,0.182,-0.581) world=(2.747,0.182,-0.581) gimbal_ypr=(1.8,3.0,-2.5)deg world_ypr=(1.8,3.0,-2.5)deg
[2026-07-21 01:49:01.517] [autoaim] [debug] [Outpost][SELECT_PHASE] current_angle=-1.150 target_v_yaw=-2.513 normalized_omega=-2.513 prediction_dt=0.243 future_angle=-1.760 current_plate=2 selected_plate=2 candidate_phase=-3.855 candidate_z=-0.624
[2026-07-21 01:49:01.623] [autoaim] [debug] [Outpost][SELECT_PHASE] current_angle=-1.418 target_v_yaw=-2.513 normalized_omega=-2.513 prediction_dt=0.237 future_angle=-2.013 current_plate=2 selected_plate=2 candidate_phase=-4.108 candidate_z=-0.624
[2026-07-21 01:49:01.724] [autoaim] [debug] [Outpost][SELECT] mode=ROTATING selected=2 observed=2 changed=false fresh=false unseen=0.305s phase=0.0deg model_ok=false fire=false diff=-73.3deg cmd=(9.56,-7.12)
[2026-07-21 01:49:01.727] [autoaim] [debug] [Outpost][SELECT_PHASE] current_angle=-1.680 target_v_yaw=-2.513 normalized_omega=-2.513 prediction_dt=0.232 future_angle=-2.263 current_plate=2 selected_plate=2 candidate_phase=-4.357 candidate_z=-0.624
[2026-07-21 01:49:01.755] [autoaim] [debug] [Outpost][SWITCH_COMMIT] t=30686.674 from=2 phase_best=0 height_plate=1 tracked_err=+114.6deg new_phase_err=-5.4deg jump=66.6deg z=-0.749 z_err=0.029 margin=0.054 z_confident=1
[2026-07-21 01:49:01.755] [autoaim] [debug] [Outpost][OBS_ASSOC] seq=3377 state=2 dt=0.3333s world=(2.840,-0.133,-0.749) yaw=53.4deg rho=0.354 radial_res=+0.079 raw_ang=-105.1deg pred=(-99.7,20.3,140.3)deg err=(-5.4,-125.4,+114.6)deg chosen=0 changed=1 corrected=-105.1deg residual=+0.0deg z=(-0.665,-0.778,-0.624) seen=(1,1,1)
[2026-07-21 01:49:01.758] [autoaim] [debug] [Outpost][SELECT] mode=ROTATING selected=0 observed=0 changed=true fresh=true unseen=0.000s phase=0.0deg model_ok=true fire=false diff=30.8deg cmd=(1.12,-9.01)
[2026-07-21 01:49:01.768] [autoaim] [debug] [Outpost][OBS_ASSOC] seq=3381 state=2 dt=0.0042s world=(2.807,-0.126,-0.737) yaw=51.4deg rho=0.357 radial_res=+0.082 raw_ang=-110.4deg pred=(-109.6,10.4,130.4)deg err=(-0.9,-120.9,+119.1)deg chosen=0 changed=0 corrected=-110.4deg residual=+0.0deg z=(-0.665,-0.778,-0.624) seen=(1,1,1)
[2026-07-21 01:49:01.796] [autoaim] [debug] [Outpost][OBS_INPUT] seq=3591 candidates=1 confidence=0.992 image=(855.0,570.1) image_dist=111.2 camera=(0.152,0.057,2.642) gimbal=(2.775,-0.114,-0.724) world=(2.775,-0.114,-0.724) gimbal_ypr=(47.8,3.5,22.8)deg world_ypr=(47.8,3.5,22.8)deg
[2026-07-21 01:49:01.834] [autoaim] [debug] [Outpost][OBS_ASSOC] seq=3391 state=2 dt=0.0204s world=(2.716,-0.096,-0.701) yaw=44.5deg rho=0.374 radial_res=+0.099 raw_ang=-125.2deg pred=(-123.9,-3.9,116.1)deg err=(-1.3,-121.3,+118.7)deg chosen=0 changed=0 corrected=-125.2deg residual=+0.0deg z=(-0.665,-0.778,-0.624) seen=(1,1,1)
[2026-07-21 01:49:01.840] [autoaim] [debug] [Outpost][SELECT_PHASE] current_angle=-2.214 target_v_yaw=-2.513 normalized_omega=-2.513 prediction_dt=0.226 future_angle=-2.781 current_plate=0 selected_plate=0 candidate_phase=-2.781 candidate_z=-0.665
[2026-07-21 01:49:01.868] [autoaim] [debug] [Outpost][OBS_INPUT] seq=3601 candidates=1 confidence=0.999 image=(832.6,564.7) image_dist=88.5 camera=(0.117,0.049,2.589) gimbal=(2.726,-0.080,-0.701) world=(2.726,-0.080,-0.701) gimbal_ypr=(39.0,6.1,19.2)deg world_ypr=(39.0,6.1,19.2)deg
[2026-07-21 01:49:01.884] [autoaim] [debug] [Outpost][GEOM_OK] state=2 rho=0.332 res=+0.057 yaw_radial=158.1deg model_center=(2.932,0.209) center_minus=(2.534,-0.235) center_plus=(2.978,0.090)
[2026-07-21 01:49:01.900] [autoaim] [debug] [Outpost][OBS_ASSOC] seq=3401 state=2 dt=0.0120s world=(2.744,-0.066,-0.704) yaw=34.7deg rho=0.333 radial_res=+0.058 raw_ang=-124.3deg pred=(-123.7,-3.7,116.3)deg err=(-0.6,-120.6,+119.4)deg chosen=0 changed=0 corrected=-124.3deg residual=+0.0deg z=(-0.665,-0.778,-0.624) seen=(1,1,1)
[2026-07-21 01:49:01.916] [autoaim] [debug] [Outpost][OBS_INPUT] seq=3611 candidates=1 confidence=0.996 image=(814.8,561.5) image_dist=70.9 camera=(0.092,0.044,2.596) gimbal=(2.733,-0.054,-0.698) world=(2.733,-0.054,-0.698) gimbal_ypr=(32.9,10.6,16.9)deg world_ypr=(32.9,10.6,16.9)deg
[2026-07-21 01:49:01.957] [autoaim] [debug] [Outpost][OBS_ASSOC] seq=3411 state=2 dt=0.0041s world=(2.681,-0.030,-0.679) yaw=27.6deg rho=0.347 radial_res=+0.072 raw_ang=-136.4deg pred=(-130.1,-10.1,109.9)deg err=(-6.3,-126.3,+113.7)deg chosen=0 changed=0 corrected=-136.4deg residual=+0.0deg z=(-0.665,-0.778,-0.624) seen=(1,1,1)
[2026-07-21 01:49:01.975] [autoaim] [debug] [Outpost][SELECT_PHASE] current_angle=-2.403 target_v_yaw=-2.513 normalized_omega=-2.513 prediction_dt=0.225 future_angle=-2.969 current_plate=0 selected_plate=0 candidate_phase=-2.969 candidate_z=-0.665
[2026-07-21 01:49:01.989] [autoaim] [debug] [Outpost][OBS_INPUT] seq=3621 candidates=1 confidence=1.000 image=(783.6,557.2) image_dist=42.1 camera=(0.046,0.037,2.555) gimbal=(2.695,-0.010,-0.681) world=(2.695,-0.010,-0.681) gimbal_ypr=(21.7,8.8,11.4)deg world_ypr=(21.7,8.8,11.4)deg
[2026-07-21 01:49:02.021] [autoaim] [debug] [Outpost][OBS_ASSOC] seq=3421 state=2 dt=0.0038s world=(2.685,0.012,-0.677) yaw=17.0deg rho=0.316 radial_res=+0.041 raw_ang=-141.4deg pred=(-141.6,-21.6,98.4)deg err=(+0.3,-119.7,+120.3)deg chosen=0 changed=0 corrected=-141.4deg residual=+0.0deg z=(-0.665,-0.778,-0.624) seen=(1,1,1)
[2026-07-21 01:49:02.056] [autoaim] [debug] [Outpost][OBS_INPUT] seq=3631 candidates=1 confidence=1.000 image=(750.7,554.7) image_dist=24.3 camera=(-0.001,0.033,2.515) gimbal=(2.657,0.037,-0.666) world=(2.657,0.037,-0.666) gimbal_ypr=(169.1,159.6,-179.1)deg world_ypr=(169.1,159.6,-179.1)deg
[2026-07-21 01:49:02.093] [autoaim] [debug] [Outpost][OBS_ASSOC] seq=3431 state=2 dt=0.0042s world=(2.654,0.061,-0.663) yaw=175.1deg rho=0.315 radial_res=+0.040 raw_ang=-152.1deg pred=(-155.5,-35.5,84.5)deg err=(+3.4,-116.6,+123.4)deg chosen=0 changed=0 corrected=-152.1deg residual=+0.0deg z=(-0.665,-0.778,-0.624) seen=(1,1,1)
[2026-07-21 01:49:02.097] [autoaim] [debug] [Outpost][SELECT_PHASE] current_angle=-2.663 target_v_yaw=-2.513 normalized_omega=-2.513 prediction_dt=0.259 future_angle=-3.313 current_plate=0 selected_plate=0 candidate_phase=-3.313 candidate_z=-0.665
[2026-07-21 01:49:02.130] [autoaim] [debug] [Outpost][OBS_INPUT] seq=3641 candidates=1 confidence=0.999 image=(716.3,552.5) image_dist=41.2 camera=(-0.048,0.031,2.488) gimbal=(2.631,0.083,-0.656) world=(2.631,0.083,-0.656) gimbal_ypr=(2.8,3.1,2.7)deg world_ypr=(2.8,3.1,2.7)deg
[2026-07-21 01:49:02.162] [autoaim] [debug] [Outpost][OBS_ASSOC] seq=3441 state=2 dt=0.0055s world=(2.613,0.108,-0.650) yaw=177.2deg rho=0.334 radial_res=+0.059 raw_ang=-162.4deg pred=(-162.8,-42.8,77.2)deg err=(+0.4,-119.6,+120.4)deg chosen=0 changed=0 corrected=-162.4deg residual=+0.0deg z=(-0.665,-0.778,-0.624) seen=(1,1,1)
[2026-07-21 01:49:02.189] [autoaim] [debug] [Outpost][OBS_INPUT] seq=3651 candidates=1 confidence=0.999 image=(683.5,552.1) image_dist=70.9 camera=(-0.092,0.029,2.468) gimbal=(2.612,0.127,-0.649) world=(2.612,0.127,-0.649) gimbal_ypr=(3.0,3.7,0.6)deg world_ypr=(3.0,3.7,0.6)deg
[2026-07-21 01:49:02.217] [autoaim] [debug] [Outpost][OBS_ASSOC] seq=3451 state=2 dt=0.0041s world=(2.643,0.148,-0.659) yaw=179.3deg rho=0.296 radial_res=+0.021 raw_ang=-168.1deg pred=(-168.3,-48.3,71.7)deg err=(+0.3,-119.7,+120.3)deg chosen=0 changed=0 corrected=-168.1deg residual=+0.0deg z=(-0.665,-0.778,-0.624) seen=(1,1,1)
[2026-07-21 01:49:02.221] [autoaim] [debug] [Outpost][SELECT_PHASE] current_angle=-2.940 target_v_yaw=-2.513 normalized_omega=-2.513 prediction_dt=0.252 future_angle=-3.574 current_plate=0 selected_plate=0 candidate_phase=-3.574 candidate_z=-0.665
[2026-07-21 01:49:02.249] [autoaim] [debug] [Outpost][OBS_INPUT] seq=3661 candidates=1 confidence=0.999 image=(655.6,552.5) image_dist=97.9 camera=(-0.132,0.031,2.505) gimbal=(2.646,0.168,-0.661) world=(2.646,0.168,-0.661) gimbal_ypr=(174.7,155.7,177.0)deg world_ypr=(174.7,155.7,177.0)deg
[2026-07-21 01:49:02.266] [autoaim] [debug] [Outpost][OBS_ASSOC] seq=3461 state=2 dt=0.0041s world=(2.692,0.184,-0.675) yaw=9.9deg rho=0.241 radial_res=-0.034 raw_ang=-174.1deg pred=(-174.3,-54.3,65.7)deg err=(+0.2,-119.8,+120.2)deg chosen=0 changed=0 corrected=-174.1deg residual=+0.0deg z=(-0.665,-0.778,-0.624) seen=(1,1,1)
[2026-07-21 01:49:02.325] [autoaim] [debug] [Outpost][SELECT_PHASE] current_angle=3.093 target_v_yaw=-2.513 normalized_omega=-2.513 prediction_dt=0.248 future_angle=2.469 current_plate=0 selected_plate=0 candidate_phase=2.469 candidate_z=-0.665
[2026-07-21 01:49:02.326] [autoaim] [debug] [Outpost][SELECT] mode=ROTATING selected=0 observed=0 changed=false fresh=true unseen=0.056s phase=0.0deg model_ok=true fire=false diff=-42.7deg cmd=(8.19,-8.76)
[2026-07-21 01:49:02.393] [autoaim] [debug] [Outpost][IMU] raw_deg=(0.00,0.00,0.00) solver_rad=(0.0000,-0.0000,0.0000)
[2026-07-21 01:49:02.436] [autoaim] [debug] [Outpost][SELECT_PHASE] current_angle=2.821 target_v_yaw=-2.513 normalized_omega=-2.513 prediction_dt=0.241 future_angle=2.216 current_plate=0 selected_plate=0 candidate_phase=2.216 candidate_z=-0.665
[2026-07-21 01:49:02.546] [autoaim] [debug] [Outpost][SELECT_PHASE] current_angle=2.539 target_v_yaw=-2.513 normalized_omega=-2.513 prediction_dt=0.235 future_angle=1.948 current_plate=0 selected_plate=0 candidate_phase=1.948 candidate_z=-0.665
[2026-07-21 01:49:02.645] [autoaim] [debug] [Outpost][SELECT] mode=ROTATING selected=1 observed=0 changed=true fresh=false unseen=0.373s phase=0.0deg model_ok=false fire=false diff=34.0deg cmd=(0.85,-11.26)
[2026-07-21 01:49:02.659] [autoaim] [debug] [Outpost][SELECT_PHASE] current_angle=2.255 target_v_yaw=-2.513 normalized_omega=-2.513 prediction_dt=0.231 future_angle=1.675 current_plate=0 selected_plate=1 candidate_phase=3.770 candidate_z=-0.778
[2026-07-21 01:49:02.682] [autoaim] [debug] [Outpost][SWITCH_COMMIT] t=30687.602 from=0 phase_best=1 height_plate=1 tracked_err=+124.1deg new_phase_err=+4.1deg jump=65.1deg z=-0.868 z_err=0.090 margin=0.113 z_confident=0
[2026-07-21 01:49:02.682] [autoaim] [debug] [Outpost][OBS_ASSOC] seq=3463 state=2 dt=0.4097s world=(2.820,-0.107,-0.868) yaw=41.1deg rho=0.335 radial_res=+0.060 raw_ang=-109.6deg pred=(126.3,-113.7,6.3)deg err=(+124.1,+4.1,-115.9)deg chosen=1 changed=1 corrected=-109.6deg residual=+0.0deg z=(-0.665,-0.778,-0.624) seen=(1,1,1)
[2026-07-21 01:49:02.691] [autoaim] [debug] [Outpost][OBS_INPUT] seq=3671 candidates=1 confidence=0.996 image=(843.6,652.8) image_dist=153.4 camera=(0.140,0.183,2.724) gimbal=(2.820,-0.101,-0.867) world=(2.820,-0.101,-0.867) gimbal_ypr=(38.9,7.4,20.3)deg world_ypr=(38.9,7.4,20.3)deg
[2026-07-21 01:49:02.723] [autoaim] [debug] [Outpost][OBS_ASSOC] seq=3471 state=2 dt=0.0041s world=(2.788,-0.083,-0.853) yaw=34.6deg rho=0.325 radial_res=+0.050 raw_ang=-116.3deg pred=(116.0,-124.0,-4.0)deg err=(+127.7,+7.7,-112.3)deg chosen=1 changed=0 corrected=-116.3deg residual=+0.0deg z=(-0.665,-0.778,-0.624) seen=(1,1,1)
[2026-07-21 01:49:02.755] [autoaim] [debug] [Outpost][OBS_INPUT] seq=3681 candidates=1 confidence=0.999 image=(819.7,649.1) image_dist=137.1 camera=(0.100,0.170,2.616) gimbal=(2.719,-0.063,-0.826) world=(2.719,-0.063,-0.826) gimbal_ypr=(30.9,8.0,16.5)deg world_ypr=(30.9,8.0,16.5)deg
[2026-07-21 01:49:02.786] [autoaim] [debug] [Outpost][OBS_ASSOC] seq=3481 state=2 dt=0.0121s world=(2.725,-0.046,-0.826) yaw=25.8deg rho=0.328 radial_res=+0.053 raw_ang=-129.1deg pred=(111.7,-128.3,-8.3)deg err=(+119.2,-0.8,-120.8)deg chosen=1 changed=0 corrected=-129.1deg residual=+0.0deg z=(-0.665,-0.778,-0.624) seen=(1,1,1)
[2026-07-21 01:49:02.786] [autoaim] [debug] [Outpost][SELECT_PHASE] current_angle=1.936 target_v_yaw=-2.513 normalized_omega=-2.513 prediction_dt=0.228 future_angle=1.363 current_plate=1 selected_plate=1 candidate_phase=3.457 candidate_z=-0.778
[2026-07-21 01:49:02.803] [autoaim] [debug] [Outpost][OBS_INPUT] seq=3691 candidates=1 confidence=1.000 image=(799.0,646.5) image_dist=125.6 camera=(0.069,0.166,2.598) gimbal=(2.702,-0.032,-0.816) world=(2.702,-0.032,-0.816) gimbal_ypr=(23.8,11.0,13.4)deg world_ypr=(23.8,11.0,13.4)deg
[2026-07-21 01:49:02.831] [autoaim] [debug] [Outpost][OBS_ASSOC] seq=3491 state=2 dt=0.0040s world=(2.712,-0.014,-0.817) yaw=18.1deg rho=0.313 radial_res=+0.038 raw_ang=-134.7deg pred=(102.5,-137.5,-17.5)deg err=(+122.8,+2.8,-117.2)deg chosen=1 changed=0 corrected=-134.7deg residual=+0.0deg z=(-0.665,-0.778,-0.624) seen=(1,1,1)
[2026-07-21 01:49:02.860] [autoaim] [debug] [Outpost][OBS_INPUT] seq=3701 candidates=1 confidence=0.989 image=(772.1,644.1) image_dist=115.6 camera=(0.030,0.159,2.548) gimbal=(2.655,0.006,-0.796) world=(2.655,0.006,-0.796) gimbal_ypr=(15.7,14.5,9.4)deg world_ypr=(15.7,14.5,9.4)deg
[2026-07-21 01:49:02.876] [autoaim] [debug] [Outpost][GEOM_OK] state=2 rho=0.342 res=+0.067 yaw_radial=158.0deg model_center=(2.932,0.209) center_minus=(2.379,-0.039) center_plus=(2.917,0.075)
[2026-07-21 01:49:02.880] [autoaim] [debug] [Outpost][OBS_ASSOC] seq=3501 state=2 dt=0.0045s world=(2.651,0.021,-0.794) yaw=10.2deg rho=0.338 radial_res=+0.063 raw_ang=-146.1deg pred=(93.4,-146.6,-26.6)deg err=(+120.5,+0.5,-119.5)deg chosen=1 changed=0 corrected=-146.1deg residual=+0.0deg z=(-0.665,-0.778,-0.624) seen=(1,1,1)
[2026-07-21 01:49:02.881] [autoaim] [debug] [Outpost][SELECT_PHASE] current_angle=1.639 target_v_yaw=-2.513 normalized_omega=-2.513 prediction_dt=0.258 future_angle=0.990 current_plate=1 selected_plate=1 candidate_phase=3.085 candidate_z=-0.778
[2026-07-21 01:49:02.901] [autoaim] [debug] [Outpost][SELECT] mode=ROTATING selected=1 observed=1 changed=false fresh=true unseen=0.000s phase=0.0deg model_ok=true fire=false diff=-10.2deg cmd=(5.30,-11.66)
[2026-07-21 01:49:02.916] [autoaim] [debug] [Outpost][OBS_INPUT] seq=3711 candidates=1 confidence=1.000 image=(743.4,642.4) image_dist=112.2 camera=(-0.010,0.154,2.503) gimbal=(2.613,0.046,-0.779) world=(2.613,0.046,-0.779) gimbal_ypr=(6.9,34.5,5.2)deg world_ypr=(6.9,34.5,5.2)deg
[2026-07-21 01:49:02.948] [autoaim] [debug] [Outpost][OBS_ASSOC] seq=3511 state=2 dt=0.0041s world=(2.583,0.068,-0.767) yaw=5.7deg rho=0.376 radial_res=+0.101 raw_ang=-158.0deg pred=(81.8,-158.2,-38.2)deg err=(+120.2,+0.2,-119.8)deg chosen=1 changed=0 corrected=-158.0deg residual=+0.0deg z=(-0.665,-0.778,-0.624) seen=(1,1,1)
[2026-07-21 01:49:02.980] [autoaim] [debug] [Outpost][OBS_INPUT] seq=3721 candidates=1 confidence=0.999 image=(709.6,641.1) image_dist=118.2 camera=(-0.055,0.149,2.456) gimbal=(2.568,0.090,-0.762) world=(2.568,0.090,-0.762) gimbal_ypr=(8.7,35.9,4.2)deg world_ypr=(8.7,35.9,4.2)deg
[2026-07-21 01:49:03.015] [autoaim] [debug] [Outpost][OBS_ASSOC] seq=3521 state=2 dt=0.0061s world=(2.563,0.113,-0.759) yaw=6.8deg rho=0.381 radial_res=+0.106 raw_ang=-165.5deg pred=(74.0,-166.0,-46.0)deg err=(+120.5,+0.5,-119.5)deg chosen=1 changed=0 corrected=-165.5deg residual=+0.0deg z=(-0.665,-0.778,-0.624) seen=(1,1,1)
[2026-07-21 01:49:03.015] [autoaim] [debug] [Outpost][SELECT_PHASE] current_angle=1.301 target_v_yaw=-2.513 normalized_omega=-2.513 prediction_dt=0.248 future_angle=0.677 current_plate=1 selected_plate=1 candidate_phase=2.771 candidate_z=-0.778
[2026-07-21 01:49:03.049] [autoaim] [debug] [Outpost][OBS_INPUT] seq=3731 candidates=1 confidence=1.000 image=(673.7,640.6) image_dist=134.7 camera=(-0.104,0.149,2.454) gimbal=(2.566,0.139,-0.761) world=(2.566,0.139,-0.761) gimbal_ypr=(3.0,-0.2,0.7)deg world_ypr=(3.0,-0.2,0.7)deg
[2026-07-21 01:49:03.086] [autoaim] [debug] [Outpost][OBS_ASSOC] seq=3531 state=2 dt=0.0078s world=(2.609,0.165,-0.777) yaw=7.4deg rho=0.326 radial_res=+0.051 raw_ang=-172.3deg pred=(66.9,-173.1,-53.1)deg err=(+120.8,+0.8,-119.2)deg chosen=1 changed=0 corrected=-172.3deg residual=+0.0deg z=(-0.665,-0.778,-0.624) seen=(1,1,1)
[2026-07-21 01:49:03.153] [autoaim] [debug] [Outpost][SELECT_PHASE] current_angle=1.016 target_v_yaw=-2.513 normalized_omega=-2.513 prediction_dt=0.244 future_angle=0.403 current_plate=1 selected_plate=1 candidate_phase=2.498 candidate_z=-0.778
[2026-07-21 01:49:03.269] [autoaim] [debug] [Outpost][SELECT_PHASE] current_angle=0.724 target_v_yaw=-2.513 normalized_omega=-2.513 prediction_dt=0.237 future_angle=0.128 current_plate=1 selected_plate=1 candidate_phase=2.222 candidate_z=-0.778
[2026-07-21 01:49:03.397] [autoaim] [debug] [Outpost][SELECT_PHASE] current_angle=0.411 target_v_yaw=-2.513 normalized_omega=-2.513 prediction_dt=0.231 future_angle=-0.170 current_plate=1 selected_plate=1 candidate_phase=1.925 candidate_z=-0.778
[2026-07-21 01:49:03.468] [autoaim] [debug] [Outpost][SELECT] mode=ROTATING selected=2 observed=1 changed=true fresh=false unseen=0.348s phase=0.0deg model_ok=false fire=false diff=35.9deg cmd=(0.69,-7.85)
[2026-07-21 01:49:03.478] [autoaim] [debug] [Outpost][OBS_INPUT] seq=3741 candidates=1 confidence=1.000 image=(853.4,498.0) image_dist=107.3 camera=(0.163,-0.051,2.891) gimbal=(3.044,-0.122,-0.687) world=(3.044,-0.122,-0.687) gimbal_ypr=(43.7,6.3,22.4)deg world_ypr=(43.7,6.3,22.4)deg
[2026-07-21 01:49:03.478] [autoaim] [debug] [Outpost][SWITCH_COMMIT] t=30688.400 from=1 phase_best=2 height_plate=0 tracked_err=+157.3deg new_phase_err=+37.3deg jump=105.7deg z=-0.687 z_err=0.022 margin=0.041 z_confident=1
[2026-07-21 01:49:03.478] [autoaim] [debug] [Outpost][OBS_ASSOC] seq=3536 state=2 dt=0.3589s world=(3.044,-0.122,-0.687) yaw=43.7deg rho=0.349 radial_res=+0.074 raw_ang=-71.2deg pred=(11.4,131.4,-108.6)deg err=(-82.7,+157.3,+37.3)deg chosen=2 changed=1 corrected=-71.2deg residual=+0.0deg z=(-0.665,-0.778,-0.624) seen=(1,1,1)
[2026-07-21 01:49:03.513] [autoaim] [debug] [Outpost][OBS_ASSOC] seq=3541 state=2 dt=0.0041s world=(2.946,-0.103,-0.657) yaw=41.0deg rho=0.312 radial_res=+0.037 raw_ang=-87.4deg pred=(36.3,156.3,-83.7)deg err=(-123.8,+116.2,-3.8)deg chosen=2 changed=0 corrected=-87.4deg residual=+0.0deg z=(-0.665,-0.778,-0.624) seen=(1,1,1)
[2026-07-21 01:49:03.540] [autoaim] [debug] [Outpost][SELECT_PHASE] current_angle=0.430 target_v_yaw=-2.513 normalized_omega=-2.513 prediction_dt=0.231 future_angle=-0.152 current_plate=2 selected_plate=2 candidate_phase=-2.246 candidate_z=-0.624
[2026-07-21 01:49:03.543] [autoaim] [debug] [Outpost][OBS_INPUT] seq=3751 candidates=1 confidence=0.998 image=(833.3,492.2) image_dist=90.7 camera=(0.124,-0.057,2.722) gimbal=(2.883,-0.084,-0.635) world=(2.883,-0.084,-0.635) gimbal_ypr=(37.0,8.4,18.6)deg world_ypr=(37.0,8.4,18.6)deg
[2026-07-21 01:49:03.547] [autoaim] [debug] [Outpost][SELECT] mode=ROTATING selected=2 observed=2 changed=false fresh=true unseen=0.000s phase=0.0deg model_ok=true fire=false diff=42.5deg cmd=(0.14,-7.66)
[2026-07-21 01:49:03.580] [autoaim] [debug] [Outpost][OBS_ASSOC] seq=3551 state=2 dt=0.0042s world=(2.846,-0.064,-0.622) yaw=32.1deg rho=0.286 radial_res=+0.011 raw_ang=-107.5deg pred=(18.2,138.2,-101.8)deg err=(-125.8,+114.2,-5.8)deg chosen=2 changed=0 corrected=-107.5deg residual=+0.0deg z=(-0.665,-0.778,-0.624) seen=(1,1,1)
[2026-07-21 01:49:03.611] [autoaim] [debug] [Outpost][OBS_INPUT] seq=3761 candidates=1 confidence=0.999 image=(807.4,487.1) image_dist=71.1 camera=(0.084,-0.063,2.679) gimbal=(2.842,-0.045,-0.617) world=(2.842,-0.045,-0.617) gimbal_ypr=(27.0,12.5,14.3)deg world_ypr=(27.0,12.5,14.3)deg
[2026-07-21 01:49:03.617] [autoaim] [debug] [Outpost][IMU] raw_deg=(0.00,0.00,0.00) solver_rad=(0.0000,-0.0000,0.0000)
[2026-07-21 01:49:03.640] [autoaim] [debug] [Outpost][OBS_ASSOC] seq=3561 state=2 dt=0.0123s world=(2.815,-0.026,-0.608) yaw=155.6deg rho=0.262 radial_res=-0.013 raw_ang=-116.4deg pred=(2.6,122.6,-117.4)deg err=(-119.0,+121.0,+1.0)deg chosen=2 changed=0 corrected=-116.4deg residual=+0.0deg z=(-0.665,-0.778,-0.624) seen=(1,1,1)
[2026-07-21 01:49:03.655] [autoaim] [debug] [Outpost][SELECT_PHASE] current_angle=0.055 target_v_yaw=-2.513 normalized_omega=-2.513 prediction_dt=0.226 future_angle=-0.513 current_plate=2 selected_plate=2 candidate_phase=-2.608 candidate_z=-0.624
[2026-07-21 01:49:03.659] [autoaim] [debug] [Outpost][OBS_INPUT] seq=3771 candidates=1 confidence=0.999 image=(786.7,484.0) image_dist=58.6 camera=(0.053,-0.068,2.651) gimbal=(2.816,-0.014,-0.606) world=(2.816,-0.014,-0.606) gimbal_ypr=(18.9,15.5,10.7)deg world_ypr=(18.9,15.5,10.7)deg
[2026-07-21 01:49:03.691] [autoaim] [debug] [Outpost][OBS_ASSOC] seq=3571 state=2 dt=0.0043s world=(2.820,0.008,-0.605) yaw=170.7deg rho=0.230 radial_res=-0.045 raw_ang=-119.2deg pred=(-0.2,119.8,-120.2)deg err=(-119.0,+121.0,+1.0)deg chosen=2 changed=0 corrected=-119.2deg residual=+0.0deg z=(-0.665,-0.778,-0.624) seen=(1,1,1)
[2026-07-21 01:49:03.720] [autoaim] [debug] [Outpost][OBS_INPUT] seq=3781 candidates=1 confidence=0.999 image=(758.8,481.0) image_dist=50.0 camera=(0.011,-0.070,2.589) gimbal=(2.756,0.027,-0.586) world=(2.756,0.027,-0.586) gimbal_ypr=(170.8,169.8,-178.1)deg world_ypr=(170.8,169.8,-178.1)deg
[2026-07-21 01:49:03.752] [autoaim] [debug] [Outpost][OBS_ASSOC] seq=3581 state=2 dt=0.0036s world=(2.734,0.046,-0.580) yaw=177.1deg rho=0.257 radial_res=-0.018 raw_ang=-140.5deg pred=(-20.7,99.3,-140.7)deg err=(-119.8,+120.2,+0.2)deg chosen=2 changed=0 corrected=-140.5deg residual=+0.0deg z=(-0.665,-0.778,-0.624) seen=(1,1,1)
[2026-07-21 01:49:03.763] [autoaim] [debug] [Outpost][SELECT_PHASE] current_angle=-0.451 target_v_yaw=-2.513 normalized_omega=-2.513 prediction_dt=0.259 future_angle=-1.101 current_plate=2 selected_plate=2 candidate_phase=-3.196 candidate_z=-0.624
[2026-07-21 01:49:03.767] [autoaim] [debug] [Outpost][OBS_INPUT] seq=3791 candidates=1 confidence=0.999 image=(735.3,479.4) image_dist=53.4 camera=(-0.022,-0.071,2.540) gimbal=(2.709,0.059,-0.572) world=(2.709,0.059,-0.572) gimbal_ypr=(6.9,29.5,4.3)deg world_ypr=(6.9,29.5,4.3)deg
[2026-07-21 01:49:03.799] [autoaim] [debug] [Outpost][OBS_ASSOC] seq=3591 state=2 dt=0.0041s world=(2.674,0.080,-0.563) yaw=9.3deg rho=0.289 radial_res=+0.014 raw_ang=-153.4deg pred=(-34.4,85.6,-154.4)deg err=(-119.0,+121.0,+1.0)deg chosen=2 changed=0 corrected=-153.4deg residual=+0.0deg z=(-0.665,-0.778,-0.624) seen=(1,1,1)
[2026-07-21 01:49:03.827] [autoaim] [debug] [Outpost][OBS_INPUT] seq=3801 candidates=1 confidence=0.998 image=(705.2,478.3) image_dist=69.4 camera=(-0.063,-0.072,2.501) gimbal=(2.671,0.099,-0.561) world=(2.671,0.099,-0.561) gimbal_ypr=(178.5,179.0,-179.7)deg world_ypr=(178.5,179.0,-179.7)deg
[2026-07-21 01:49:03.856] [autoaim] [debug] [Outpost][GEOM_OK] state=2 rho=0.271 res=-0.004 yaw_radial=164.7deg model_center=(2.932,0.209) center_minus=(2.402,0.101) center_plus=(2.950,0.138)
[2026-07-21 01:49:03.859] [autoaim] [debug] [Outpost][OBS_ASSOC] seq=3601 state=2 dt=0.0038s world=(2.675,0.122,-0.562) yaw=1.2deg rho=0.271 radial_res=-0.004 raw_ang=-161.3deg pred=(-41.3,78.7,-161.3)deg err=(-120.1,+119.9,-0.1)deg chosen=2 changed=0 corrected=-161.3deg residual=+0.0deg z=(-0.665,-0.778,-0.624) seen=(1,1,1)
[2026-07-21 01:49:03.875] [autoaim] [debug] [Outpost][SELECT_PHASE] current_angle=-0.764 target_v_yaw=-2.513 normalized_omega=-2.513 prediction_dt=0.252 future_angle=-1.397 current_plate=2 selected_plate=2 candidate_phase=-3.492 candidate_z=-0.624
[2026-07-21 01:49:03.893] [autoaim] [debug] [Outpost][OBS_INPUT] seq=3811 candidates=1 confidence=0.998 image=(672.4,478.1) image_dist=94.5 camera=(-0.109,-0.072,2.519) gimbal=(2.688,0.145,-0.566) world=(2.688,0.145,-0.566) gimbal_ypr=(1.5,-3.3,-0.8)deg world_ypr=(1.5,-3.3,-0.8)deg
[2026-07-21 01:49:03.912] [autoaim] [debug] [Outpost][OBS_ASSOC] seq=3611 state=2 dt=0.0039s world=(2.712,0.161,-0.572) yaw=1.1deg rho=0.225 radial_res=-0.050 raw_ang=-167.8deg pred=(-47.9,72.1,-167.9)deg err=(-119.9,+120.1,+0.1)deg chosen=2 changed=0 corrected=-167.8deg residual=+0.0deg z=(-0.665,-0.778,-0.624) seen=(1,1,1)
[2026-07-21 01:49:03.941] [autoaim] [debug] [Outpost][OBS_INPUT] seq=3821 candidates=1 confidence=0.997 image=(648.2,478.9) image_dist=115.1 camera=(-0.146,-0.073,2.580) gimbal=(2.746,0.183,-0.581) world=(2.746,0.183,-0.581) gimbal_ypr=(9.7,1.8,-0.6)deg world_ypr=(9.7,1.8,-0.6)deg
[2026-07-21 01:49:03.984] [autoaim] [debug] [Outpost][SELECT_PHASE] current_angle=-1.027 target_v_yaw=-2.513 normalized_omega=-2.513 prediction_dt=0.248 future_angle=-1.651 current_plate=2 selected_plate=2 candidate_phase=-3.746 candidate_z=-0.624
[2026-07-21 01:49:04.116] [autoaim] [debug] [Outpost][SELECT_PHASE] current_angle=-1.360 target_v_yaw=-2.513 normalized_omega=-2.513 prediction_dt=0.238 future_angle=-1.959 current_plate=2 selected_plate=2 candidate_phase=-4.054 candidate_z=-0.624
[2026-07-21 01:49:04.124] [autoaim] [debug] [Outpost][SELECT] mode=ROTATING selected=2 observed=2 changed=false fresh=false unseen=0.177s phase=0.0deg model_ok=false fire=false diff=-57.6deg cmd=(9.13,-7.36)
[2026-07-21 01:49:04.221] [autoaim] [debug] [Outpost][SELECT_PHASE] current_angle=-1.623 target_v_yaw=-2.513 normalized_omega=-2.513 prediction_dt=0.233 future_angle=-2.208 current_plate=2 selected_plate=2 candidate_phase=-4.303 candidate_z=-0.624
[2026-07-21 01:49:04.265] [autoaim] [debug] [Outpost][SWITCH_COMMIT] t=30689.187 from=2 phase_best=0 height_plate=1 tracked_err=+107.4deg new_phase_err=-12.6deg jump=61.8deg z=-0.737 z_err=0.041 margin=0.030 z_confident=1
[2026-07-21 01:49:04.265] [autoaim] [debug] [Outpost][OBS_ASSOC] seq=3619 state=2 dt=0.3169s world=(2.794,-0.133,-0.737) yaw=54.7deg rho=0.369 radial_res=+0.094 raw_ang=-111.9deg pred=(-99.3,20.7,140.7)deg err=(-12.6,-132.6,+107.4)deg chosen=0 changed=1 corrected=-111.9deg residual=+0.0deg z=(-0.665,-0.778,-0.624) seen=(1,1,1)
[2026-07-21 01:49:04.265] [autoaim] [debug] [Outpost][SELECT] mode=ROTATING selected=0 observed=0 changed=true fresh=true unseen=0.000s phase=0.0deg model_ok=true fire=false diff=31.0deg cmd=(1.10,-9.01)
[2026-07-21 01:49:04.273] [autoaim] [debug] [Outpost][OBS_ASSOC] seq=3621 state=2 dt=0.0036s world=(2.793,-0.131,-0.735) yaw=54.0deg rho=0.367 radial_res=+0.092 raw_ang=-112.2deg pred=(-99.4,20.6,140.6)deg err=(-12.8,-132.8,+107.2)deg chosen=0 changed=0 corrected=-112.2deg residual=+0.0deg z=(-0.665,-0.778,-0.624) seen=(1,1,1)
[2026-07-21 01:49:04.305] [autoaim] [debug] [Outpost][OBS_INPUT] seq=3831 candidates=1 confidence=0.960 image=(857.9,571.1) image_dist=114.3 camera=(0.156,0.059,2.641) gimbal=(2.774,-0.118,-0.725) world=(2.774,-0.118,-0.725) gimbal_ypr=(49.6,3.2,23.2)deg world_ypr=(49.6,3.2,23.2)deg
[2026-07-21 01:49:04.333] [autoaim] [debug] [Outpost][SELECT_PHASE] current_angle=-2.116 target_v_yaw=-2.513 normalized_omega=-2.513 prediction_dt=0.226 future_angle=-2.685 current_plate=0 selected_plate=0 candidate_phase=-2.685 candidate_z=-0.665
[2026-07-21 01:49:04.337] [autoaim] [debug] [Outpost][OBS_ASSOC] seq=3631 state=2 dt=0.0042s world=(2.750,-0.104,-0.713) yaw=45.6deg rho=0.362 radial_res=+0.087 raw_ang=-120.2deg pred=(-121.8,-1.8,118.2)deg err=(+1.6,-118.4,+121.6)deg chosen=0 changed=0 corrected=-120.2deg residual=+0.0deg z=(-0.665,-0.778,-0.624) seen=(1,1,1)
[2026-07-21 01:49:04.373] [autoaim] [debug] [Outpost][OBS_INPUT] seq=3841 candidates=1 confidence=0.995 image=(837.3,565.9) image_dist=93.2 camera=(0.123,0.051,2.588) gimbal=(2.724,-0.086,-0.702) world=(2.724,-0.086,-0.702) gimbal_ypr=(41.2,6.3,20.3)deg world_ypr=(41.2,6.3,20.3)deg
[2026-07-21 01:49:04.405] [autoaim] [debug] [Outpost][OBS_ASSOC] seq=3641 state=2 dt=0.0027s world=(2.726,-0.070,-0.699) yaw=36.4deg rho=0.347 radial_res=+0.072 raw_ang=-126.4deg pred=(-124.7,-4.7,115.3)deg err=(-1.7,-121.7,+118.3)deg chosen=0 changed=0 corrected=-126.4deg residual=+0.0deg z=(-0.665,-0.778,-0.624) seen=(1,1,1)
[2026-07-21 01:49:04.438] [autoaim] [debug] [Outpost][OBS_INPUT] seq=3851 candidates=1 confidence=1.000 image=(813.4,561.1) image_dist=69.4 camera=(0.090,0.043,2.590) gimbal=(2.728,-0.052,-0.696) world=(2.728,-0.052,-0.696) gimbal_ypr=(31.6,8.6,16.1)deg world_ypr=(31.6,8.6,16.1)deg
[2026-07-21 01:49:04.450] [autoaim] [debug] [Outpost][SELECT_PHASE] current_angle=-2.299 target_v_yaw=-2.513 normalized_omega=-2.513 prediction_dt=0.225 future_angle=-2.866 current_plate=0 selected_plate=0 candidate_phase=-2.866 candidate_z=-0.665
[2026-07-21 01:49:04.475] [autoaim] [debug] [Outpost][OBS_ASSOC] seq=3651 state=2 dt=0.0204s world=(2.729,-0.030,-0.694) yaw=26.8deg rho=0.314 radial_res=+0.039 raw_ang=-130.3deg pred=(-133.5,-13.5,106.5)deg err=(+3.2,-116.8,+123.2)deg chosen=0 changed=0 corrected=-130.3deg residual=+0.0deg z=(-0.665,-0.778,-0.624) seen=(1,1,1)
[2026-07-21 01:49:04.507] [autoaim] [debug] [Outpost][OBS_INPUT] seq=3861 candidates=1 confidence=1.000 image=(783.9,557.4) image_dist=42.5 camera=(0.047,0.038,2.559) gimbal=(2.699,-0.010,-0.682) world=(2.699,-0.010,-0.682) gimbal_ypr=(21.8,10.1,11.9)deg world_ypr=(21.8,10.1,11.9)deg
[2026-07-21 01:49:04.526] [autoaim] [debug] [Outpost][OBS_ASSOC] seq=3661 state=2 dt=0.0045s world=(2.675,0.003,-0.674) yaw=19.9deg rho=0.329 radial_res=+0.054 raw_ang=-141.3deg pred=(-141.1,-21.1,98.9)deg err=(-0.2,-120.2,+119.8)deg chosen=0 changed=0 corrected=-141.3deg residual=+0.0deg z=(-0.665,-0.778,-0.624) seen=(1,1,1)
[2026-07-21 01:49:04.558] [autoaim] [debug] [Outpost][OBS_INPUT] seq=3871 candidates=1 confidence=0.999 image=(759.6,555.0) image_dist=26.0 camera=(0.012,0.034,2.542) gimbal=(2.683,0.024,-0.674) world=(2.683,0.024,-0.674) gimbal_ypr=(13.1,12.6,8.0)deg world_ypr=(13.1,12.6,8.0)deg
[2026-07-21 01:49:04.578] [autoaim] [debug] [Outpost][SELECT_PHASE] current_angle=-2.535 target_v_yaw=-2.513 normalized_omega=-2.513 prediction_dt=0.261 future_angle=-3.192 current_plate=0 selected_plate=0 candidate_phase=-3.192 candidate_z=-0.665
[2026-07-21 01:49:04.586] [autoaim] [debug] [Outpost][OBS_ASSOC] seq=3671 state=2 dt=0.0041s world=(2.683,0.044,-0.673) yaw=9.3deg rho=0.299 radial_res=+0.024 raw_ang=-146.4deg pred=(-146.0,-26.0,94.0)deg err=(-0.4,-120.4,+119.6)deg chosen=0 changed=0 corrected=-146.4deg residual=+0.0deg z=(-0.665,-0.778,-0.624) seen=(1,1,1)
[2026-07-21 01:49:04.614] [autoaim] [debug] [Outpost][OBS_INPUT] seq=3881 candidates=1 confidence=1.000 image=(732.2,553.4) image_dist=29.7 camera=(-0.026,0.032,2.522) gimbal=(2.664,0.063,-0.666) world=(2.664,0.063,-0.666) gimbal_ypr=(179.0,163.3,-177.5)deg world_ypr=(179.0,163.3,-177.5)deg
[2026-07-21 01:49:04.634] [autoaim] [debug] [Outpost][OBS_ASSOC] seq=3681 state=2 dt=0.0041s world=(2.609,0.075,-0.650) yaw=171.4deg rho=0.349 radial_res=+0.074 raw_ang=-157.4deg pred=(-155.6,-35.6,84.4)deg err=(-1.8,-121.8,+118.2)deg chosen=0 changed=0 corrected=-157.4deg residual=+0.0deg z=(-0.665,-0.778,-0.624) seen=(1,1,1)
[2026-07-21 01:49:04.662] [autoaim] [debug] [Outpost][OBS_INPUT] seq=3891 candidates=1 confidence=0.999 image=(708.1,552.6) image_dist=48.3 camera=(-0.059,0.030,2.481) gimbal=(2.624,0.094,-0.654) world=(2.624,0.094,-0.654) gimbal_ypr=(178.5,174.6,-178.9)deg world_ypr=(178.5,174.6,-178.9)deg
[2026-07-21 01:49:04.691] [autoaim] [debug] [Outpost][SELECT_PHASE] current_angle=-2.827 target_v_yaw=-2.513 normalized_omega=-2.513 prediction_dt=0.255 future_angle=-3.468 current_plate=0 selected_plate=0 candidate_phase=-3.468 candidate_z=-0.665
[2026-07-21 01:49:04.696] [autoaim] [debug] [Outpost][OBS_ASSOC] seq=3691 state=2 dt=0.0035s world=(2.631,0.117,-0.655) yaw=179.1deg rho=0.315 radial_res=+0.040 raw_ang=-162.9deg pred=(-163.0,-43.0,77.0)deg err=(+0.0,-120.0,+120.0)deg chosen=0 changed=0 corrected=-162.9deg residual=+0.0deg z=(-0.665,-0.778,-0.624) seen=(1,1,1)
[2026-07-21 01:49:04.698] [autoaim] [debug] [Outpost][SELECT] mode=ROTATING selected=0 observed=0 changed=false fresh=true unseen=0.000s phase=0.0deg model_ok=true fire=false diff=-24.2deg cmd=(6.71,-9.01)
[2026-07-21 01:49:04.724] [autoaim] [debug] [Outpost][OBS_INPUT] seq=3901 candidates=1 confidence=1.000 image=(677.7,552.2) image_dist=76.6 camera=(-0.100,0.030,2.493) gimbal=(2.636,0.136,-0.657) world=(2.636,0.136,-0.657) gimbal_ypr=(3.2,6.6,0.7)deg world_ypr=(3.2,6.6,0.7)deg
[2026-07-21 01:49:04.738] [autoaim] [debug] [Outpost][GEOM_OK] state=2 rho=0.296 res=+0.021 yaw_radial=-12.6deg model_center=(2.932,0.209) center_minus=(2.918,0.145) center_plus=(2.368,0.151)
[2026-07-21 01:49:04.742] [autoaim] [debug] [Outpost][OBS_ASSOC] seq=3701 state=2 dt=0.0040s world=(2.652,0.152,-0.662) yaw=178.4deg rho=0.286 radial_res=+0.011 raw_ang=-168.4deg pred=(-168.7,-48.7,71.3)deg err=(+0.2,-119.8,+120.2)deg chosen=0 changed=0 corrected=-168.4deg residual=+0.0deg z=(-0.665,-0.778,-0.624) seen=(1,1,1)
[2026-07-21 01:49:04.757] [autoaim] [debug] [Outpost][IMU] raw_deg=(0.00,0.00,0.00) solver_rad=(0.0000,-0.0000,0.0000)
[2026-07-21 01:49:04.774] [autoaim] [debug] [Outpost][OBS_INPUT] seq=3911 candidates=1 confidence=0.997 image=(653.3,552.7) image_dist=100.3 camera=(-0.135,0.031,2.512) gimbal=(2.653,0.171,-0.663) world=(2.653,0.171,-0.663) gimbal_ypr=(11.3,4.6,1.5)deg world_ypr=(11.3,4.6,1.5)deg
[2026-07-21 01:49:04.801] [autoaim] [debug] [Outpost][SELECT_PHASE] current_angle=-3.081 target_v_yaw=-2.513 normalized_omega=-2.513 prediction_dt=0.248 future_angle=-3.705 current_plate=0 selected_plate=0 candidate_phase=-3.705 candidate_z=-0.665
[2026-07-21 01:49:04.915] [autoaim] [debug] [Outpost][SELECT_PHASE] current_angle=2.909 target_v_yaw=-2.513 normalized_omega=-2.513 prediction_dt=0.243 future_angle=2.300 current_plate=0 selected_plate=0 candidate_phase=2.300 candidate_z=-0.665
[2026-07-21 01:49:05.023] [autoaim] [debug] [Outpost][SELECT_PHASE] current_angle=2.637 target_v_yaw=-2.513 normalized_omega=-2.513 prediction_dt=0.237 future_angle=2.041 current_plate=0 selected_plate=0 candidate_phase=2.041 candidate_z=-0.665
[2026-07-21 01:49:05.150] [autoaim] [debug] [Outpost][SELECT_PHASE] current_angle=2.324 target_v_yaw=-2.513 normalized_omega=-2.513 prediction_dt=0.232 future_angle=1.742 current_plate=0 selected_plate=1 candidate_phase=3.836 candidate_z=-0.778
[2026-07-21 01:49:05.150] [autoaim] [debug] [Outpost][SELECT] mode=ROTATING selected=1 observed=0 changed=true fresh=false unseen=0.349s phase=0.0deg model_ok=false fire=false diff=35.6deg cmd=(0.72,-11.22)
[2026-07-21 01:49:05.193] [autoaim] [debug] [Outpost][SWITCH_COMMIT] t=30690.115 from=0 phase_best=1 height_plate=1 tracked_err=+118.1deg new_phase_err=-1.9deg jump=61.4deg z=-0.856 z_err=0.078 margin=0.113 z_confident=0
[2026-07-21 01:49:05.193] [autoaim] [debug] [Outpost][OBS_ASSOC] seq=3710 state=2 dt=0.3933s world=(2.783,-0.109,-0.856) yaw=42.9deg rho=0.351 radial_res=+0.076 raw_ang=-115.1deg pred=(126.8,-113.2,6.8)deg err=(+118.1,-1.9,-121.9)deg chosen=1 changed=1 corrected=-115.1deg residual=+0.0deg z=(-0.665,-0.778,-0.624) seen=(1,1,1)
[2026-07-21 01:49:05.197] [autoaim] [debug] [Outpost][OBS_ASSOC] seq=3711 state=2 dt=0.0043s world=(2.820,-0.108,-0.869) yaw=41.5deg rho=0.337 radial_res=+0.062 raw_ang=-109.5deg pred=(124.3,-115.7,4.3)deg err=(+126.2,+6.2,-113.8)deg chosen=1 changed=0 corrected=-109.5deg residual=+0.0deg z=(-0.665,-0.778,-0.624) seen=(1,1,1)
[2026-07-21 01:49:05.226] [autoaim] [debug] [Outpost][OBS_INPUT] seq=3921 candidates=1 confidence=0.995 image=(838.8,652.0) image_dist=149.9 camera=(0.132,0.182,2.717) gimbal=(2.813,-0.093,-0.863) world=(2.813,-0.093,-0.863) gimbal_ypr=(37.2,8.8,19.3)deg world_ypr=(37.2,8.8,19.3)deg
[2026-07-21 01:49:05.244] [autoaim] [debug] [Outpost][OBS_ASSOC] seq=3721 state=2 dt=0.0039s world=(2.750,-0.080,-0.839) yaw=35.6deg rho=0.341 radial_res=+0.066 raw_ang=-122.1deg pred=(127.0,-113.0,7.0)deg err=(+110.9,-9.1,-129.1)deg chosen=1 changed=0 corrected=-122.1deg residual=+0.0deg z=(-0.665,-0.778,-0.624) seen=(1,1,1)
[2026-07-21 01:49:05.259] [autoaim] [debug] [Outpost][SELECT_PHASE] current_angle=1.950 target_v_yaw=-2.513 normalized_omega=-2.513 prediction_dt=0.228 future_angle=1.376 current_plate=1 selected_plate=1 candidate_phase=3.471 candidate_z=-0.778
[2026-07-21 01:49:05.273] [autoaim] [debug] [Outpost][OBS_INPUT] seq=3931 candidates=1 confidence=1.000 image=(819.9,649.1) image_dist=137.2 camera=(0.102,0.174,2.661) gimbal=(2.761,-0.064,-0.841) world=(2.761,-0.064,-0.841) gimbal_ypr=(29.6,8.7,16.6)deg world_ypr=(29.6,8.7,16.6)deg
[2026-07-21 01:49:05.273] [autoaim] [debug] [Outpost][SELECT] mode=ROTATING selected=1 observed=1 changed=false fresh=true unseen=0.000s phase=0.0deg model_ok=true fire=false diff=20.8deg cmd=(2.05,-11.52)
[2026-07-21 01:49:05.304] [autoaim] [debug] [Outpost][OBS_ASSOC] seq=3731 state=2 dt=0.0021s world=(2.693,-0.043,-0.814) yaw=27.0deg rho=0.347 radial_res=+0.072 raw_ang=-133.5deg pred=(111.3,-128.7,-8.7)deg err=(+115.2,-4.8,-124.8)deg chosen=1 changed=0 corrected=-133.5deg residual=+0.0deg z=(-0.665,-0.778,-0.624) seen=(1,1,1)
[2026-07-21 01:49:05.333] [autoaim] [debug] [Outpost][OBS_INPUT] seq=3941 candidates=1 confidence=1.000 image=(793.6,646.0) image_dist=123.1 camera=(0.062,0.167,2.624) gimbal=(2.727,-0.025,-0.824) world=(2.727,-0.025,-0.824) gimbal_ypr=(19.9,11.3,11.9)deg world_ypr=(19.9,11.3,11.9)deg
[2026-07-21 01:49:05.371] [autoaim] [debug] [Outpost][OBS_ASSOC] seq=3741 state=2 dt=0.0189s world=(2.698,0.000,-0.812) yaw=12.5deg rho=0.313 radial_res=+0.038 raw_ang=-138.2deg pred=(102.2,-137.8,-17.8)deg err=(+119.6,-0.4,-120.4)deg chosen=1 changed=0 corrected=-138.2deg residual=+0.0deg z=(-0.665,-0.778,-0.624) seen=(1,1,1)
[2026-07-21 01:49:05.373] [autoaim] [debug] [Outpost][SELECT_PHASE] current_angle=1.694 target_v_yaw=-2.513 normalized_omega=-2.513 prediction_dt=0.259 future_angle=1.043 current_plate=1 selected_plate=1 candidate_phase=3.137 candidate_z=-0.778
[2026-07-21 01:49:05.403] [autoaim] [debug] [Outpost][OBS_INPUT] seq=3951 candidates=1 confidence=1.000 image=(761.0,643.4) image_dist=113.4 camera=(0.014,0.158,2.549) gimbal=(2.656,0.022,-0.795) world=(2.656,0.022,-0.795) gimbal_ypr=(9.1,8.9,7.0)deg world_ypr=(9.1,8.9,7.0)deg
[2026-07-21 01:49:05.421] [autoaim] [debug] [Outpost][OBS_ASSOC] seq=3751 state=2 dt=0.0039s world=(2.634,0.036,-0.787) yaw=7.4deg rho=0.344 radial_res=+0.069 raw_ang=-149.8deg pred=(90.3,-149.7,-29.7)deg err=(+119.8,-0.2,-120.2)deg chosen=1 changed=0 corrected=-149.8deg residual=+0.0deg z=(-0.665,-0.778,-0.624) seen=(1,1,1)
[2026-07-21 01:49:05.453] [autoaim] [debug] [Outpost][OBS_INPUT] seq=3961 candidates=1 confidence=0.998 image=(734.8,641.9) image_dist=112.6 camera=(-0.022,0.151,2.470) gimbal=(2.581,0.057,-0.767) world=(2.581,0.057,-0.767) gimbal_ypr=(8.4,6.8,5.5)deg world_ypr=(8.4,6.8,5.5)deg
[2026-07-21 01:49:05.485] [autoaim] [debug] [Outpost][OBS_ASSOC] seq=3761 state=2 dt=0.0041s world=(2.568,0.079,-0.762) yaw=8.8deg rho=0.387 radial_res=+0.112 raw_ang=-160.4deg pred=(79.1,-160.9,-40.9)deg err=(+120.5,+0.5,-119.5)deg chosen=1 changed=0 corrected=-160.4deg residual=+0.0deg z=(-0.665,-0.778,-0.624) seen=(1,1,1)
[2026-07-21 01:49:05.489] [autoaim] [debug] [Outpost][SELECT_PHASE] current_angle=1.382 target_v_yaw=-2.513 normalized_omega=-2.513 prediction_dt=0.252 future_angle=0.748 current_plate=1 selected_plate=1 candidate_phase=2.843 candidate_z=-0.778
[2026-07-21 01:49:05.517] [autoaim] [debug] [Outpost][OBS_INPUT] seq=3971 candidates=1 confidence=0.998 image=(701.1,640.9) image_dist=121.2 camera=(-0.067,0.148,2.437) gimbal=(2.550,0.102,-0.755) world=(2.550,0.102,-0.755) gimbal_ypr=(7.1,39.7,3.4)deg world_ypr=(7.1,39.7,3.4)deg
[2026-07-21 01:49:05.551] [autoaim] [debug] [Outpost][OBS_ASSOC] seq=3771 state=2 dt=0.0039s world=(2.565,0.126,-0.760) yaw=5.8deg rho=0.377 radial_res=+0.102 raw_ang=-167.2deg pred=(72.6,-167.4,-47.4)deg err=(+120.2,+0.2,-119.8)deg chosen=1 changed=0 corrected=-167.2deg residual=+0.0deg z=(-0.665,-0.778,-0.624) seen=(1,1,1)
[2026-07-21 01:49:05.584] [autoaim] [debug] [Outpost][OBS_INPUT] seq=3981 candidates=1 confidence=0.998 image=(666.7,640.8) image_dist=138.9 camera=(-0.115,0.150,2.479) gimbal=(2.589,0.150,-0.769) world=(2.589,0.150,-0.769) gimbal_ypr=(4.3,4.2,0.8)deg world_ypr=(4.3,4.2,0.8)deg
[2026-07-21 01:49:05.603] [autoaim] [debug] [Outpost][OBS_ASSOC] seq=3781 state=2 dt=0.0039s world=(2.596,0.165,-0.772) yaw=2.2deg rho=0.339 radial_res=+0.064 raw_ang=-172.5deg pred=(67.4,-172.6,-52.6)deg err=(+120.1,+0.1,-119.9)deg chosen=1 changed=0 corrected=-172.5deg residual=+0.0deg z=(-0.665,-0.778,-0.624) seen=(1,1,1)
[2026-07-21 01:49:05.623] [autoaim] [debug] [Outpost][SELECT_PHASE] current_angle=1.136 target_v_yaw=-2.513 normalized_omega=-2.513 prediction_dt=0.248 future_angle=0.512 current_plate=1 selected_plate=1 candidate_phase=2.606 candidate_z=-0.778
[2026-07-21 01:49:05.734] [autoaim] [debug] [Outpost][SELECT_PHASE] current_angle=0.854 target_v_yaw=-2.513 normalized_omega=-2.513 prediction_dt=0.240 future_angle=0.251 current_plate=1 selected_plate=1 candidate_phase=2.345 candidate_z=-0.778
[2026-07-21 01:49:05.842] [autoaim] [debug] [Outpost][SELECT_PHASE] current_angle=0.581 target_v_yaw=-2.513 normalized_omega=-2.513 prediction_dt=0.234 future_angle=-0.007 current_plate=1 selected_plate=1 candidate_phase=2.087 candidate_z=-0.778
[2026-07-21 01:49:05.872] [autoaim] [debug] [Outpost][SELECT] mode=ROTATING selected=1 observed=1 changed=false fresh=false unseen=0.237s phase=0.0deg model_ok=false fire=false diff=-68.5deg cmd=(9.54,-10.22)
[2026-07-21 01:49:05.918] [autoaim] [debug] [Outpost][IMU] raw_deg=(0.00,0.00,0.00) solver_rad=(0.0000,-0.0000,0.0000)
[2026-07-21 01:49:05.955] [autoaim] [debug] [Outpost][SELECT_PHASE] current_angle=0.299 target_v_yaw=-2.513 normalized_omega=-2.513 prediction_dt=0.229 future_angle=-0.277 current_plate=1 selected_plate=1 candidate_phase=1.817 candidate_z=-0.778
[2026-07-21 01:49:05.983] [autoaim] [debug] [Outpost][SELECT] mode=ROTATING selected=2 observed=1 changed=true fresh=false unseen=0.349s phase=0.0deg model_ok=false fire=false diff=36.0deg cmd=(0.68,-7.85)
[2026-07-21 01:49:05.995] [autoaim] [debug] [Outpost][OBS_INPUT] seq=3991 candidates=1 confidence=0.998 image=(853.7,497.9) image_dist=107.7 camera=(0.161,-0.050,2.841) gimbal=(2.996,-0.120,-0.674) world=(2.996,-0.120,-0.674) gimbal_ypr=(45.0,5.9,21.7)deg world_ypr=(45.0,5.9,21.7)deg
[2026-07-21 01:49:05.995] [autoaim] [debug] [Outpost][SWITCH_COMMIT] t=30690.918 from=1 phase_best=2 height_plate=0 tracked_err=+149.6deg new_phase_err=+29.6deg jump=97.6deg z=-0.674 z_err=0.009 margin=0.041 z_confident=1
[2026-07-21 01:49:05.995] [autoaim] [debug] [Outpost][OBS_ASSOC] seq=3786 state=2 dt=0.3614s world=(2.996,-0.120,-0.674) yaw=45.0deg rho=0.335 radial_res=+0.060 raw_ang=-79.0deg pred=(11.4,131.4,-108.6)deg err=(-90.4,+149.6,+29.6)deg chosen=2 changed=1 corrected=-79.0deg residual=+0.0deg z=(-0.665,-0.778,-0.624) seen=(1,1,1)
[2026-07-21 01:49:06.021] [autoaim] [debug] [Outpost][IDENTITY_LOCK] t=30690.942 tracked=2 phase_best=2 height_candidate=0 tracked_err=+3.6deg new_phase_err=+3.6deg jump=3.0deg z=-0.666 z_err=0.001 margin=0.041
[2026-07-21 01:49:06.028] [autoaim] [debug] [Outpost][OBS_ASSOC] seq=3791 state=2 dt=0.0045s world=(2.942,-0.103,-0.656) yaw=41.7deg rho=0.312 radial_res=+0.037 raw_ang=-88.1deg pred=(35.1,155.1,-84.9)deg err=(-123.2,+116.8,-3.2)deg chosen=2 changed=0 corrected=-88.1deg residual=+0.0deg z=(-0.665,-0.778,-0.624) seen=(1,1,1)
[2026-07-21 01:49:06.059] [autoaim] [debug] [Outpost][OBS_INPUT] seq=4001 candidates=1 confidence=0.998 image=(834.0,492.2) image_dist=91.3 camera=(0.125,-0.056,2.716) gimbal=(2.877,-0.085,-0.634) world=(2.877,-0.085,-0.634) gimbal_ypr=(37.3,8.1,18.4)deg world_ypr=(37.3,8.1,18.4)deg
[2026-07-21 01:49:06.072] [autoaim] [debug] [Outpost][SELECT_PHASE] current_angle=0.374 target_v_yaw=-2.513 normalized_omega=-2.513 prediction_dt=0.231 future_angle=-0.205 current_plate=2 selected_plate=2 candidate_phase=-2.300 candidate_z=-0.624
[2026-07-21 01:49:06.086] [autoaim] [debug] [Outpost][GEOM_OK] state=2 rho=0.291 res=+0.016 yaw_radial=139.6deg model_center=(2.932,0.209) center_minus=(2.625,-0.225) center_plus=(3.082,0.082)
[2026-07-21 01:49:06.087] [autoaim] [debug] [Outpost][OBS_ASSOC] seq=3801 state=2 dt=0.0039s world=(2.844,-0.069,-0.622) yaw=34.2deg rho=0.292 radial_res=+0.017 raw_ang=-107.5deg pred=(13.8,133.8,-106.2)deg err=(-121.3,+118.7,-1.3)deg chosen=2 changed=0 corrected=-107.5deg residual=+0.0deg z=(-0.665,-0.778,-0.624) seen=(1,1,1)
[2026-07-21 01:49:06.107] [autoaim] [debug] [Outpost][OBS_INPUT] seq=4011 candidates=1 confidence=0.999 image=(816.5,488.7) image_dist=77.6 camera=(0.097,-0.061,2.680) gimbal=(2.843,-0.058,-0.620) world=(2.843,-0.058,-0.620) gimbal_ypr=(31.2,12.4,15.9)deg world_ypr=(31.2,12.4,15.9)deg
[2026-07-21 01:49:06.140] [autoaim] [debug] [Outpost][OBS_ASSOC] seq=3811 state=2 dt=0.0047s world=(2.850,-0.039,-0.618) yaw=24.4deg rho=0.261 radial_res=-0.014 raw_ang=-108.3deg pred=(3.7,123.7,-116.3)deg err=(-112.0,+128.0,+8.0)deg chosen=2 changed=0 corrected=-108.3deg residual=+0.0deg z=(-0.665,-0.778,-0.624) seen=(1,1,1)
[2026-07-21 01:49:06.168] [autoaim] [debug] [Outpost][OBS_INPUT] seq=4021 candidates=1 confidence=0.999 image=(791.7,484.6) image_dist=61.3 camera=(0.059,-0.066,2.626) gimbal=(2.792,-0.021,-0.601) world=(2.792,-0.021,-0.601) gimbal_ypr=(22.1,10.3,11.7)deg world_ypr=(22.1,10.3,11.7)deg
[2026-07-21 01:49:06.198] [autoaim] [debug] [Outpost][SELECT_PHASE] current_angle=-0.084 target_v_yaw=-2.513 normalized_omega=-2.513 prediction_dt=0.225 future_angle=-0.650 current_plate=2 selected_plate=2 candidate_phase=-2.744 candidate_z=-0.624
[2026-07-21 01:49:06.201] [autoaim] [debug] [Outpost][OBS_ASSOC] seq=3821 state=2 dt=0.0027s world=(2.809,0.001,-0.602) yaw=166.0deg rho=0.242 radial_res=-0.033 raw_ang=-120.6deg pred=(-5.5,114.5,-125.5)deg err=(-115.2,+124.8,+4.8)deg chosen=2 changed=0 corrected=-120.6deg residual=+0.0deg z=(-0.665,-0.778,-0.624) seen=(1,1,1)
[2026-07-21 01:49:06.232] [autoaim] [debug] [Outpost][OBS_INPUT] seq=4031 candidates=1 confidence=0.999 image=(762.0,481.4) image_dist=50.3 camera=(0.016,-0.070,2.607) gimbal=(2.774,0.022,-0.591) world=(2.774,0.022,-0.591) gimbal_ypr=(9.9,19.9,6.9)deg world_ypr=(9.9,19.9,6.9)deg
[2026-07-21 01:49:06.265] [autoaim] [debug] [Outpost][OBS_ASSOC] seq=3831 state=2 dt=0.0122s world=(2.728,0.042,-0.578) yaw=174.9deg rho=0.264 radial_res=-0.011 raw_ang=-140.7deg pred=(-16.3,103.7,-136.3)deg err=(-124.5,+115.5,-4.5)deg chosen=2 changed=0 corrected=-140.7deg residual=+0.0deg z=(-0.665,-0.778,-0.624) seen=(1,1,1)
[2026-07-21 01:49:06.280] [autoaim] [debug] [Outpost][OBS_INPUT] seq=4041 candidates=1 confidence=1.000 image=(737.9,479.6) image_dist=52.5 camera=(-0.018,-0.070,2.530) gimbal=(2.699,0.055,-0.571) world=(2.699,0.055,-0.571) gimbal_ypr=(7.3,27.3,4.7)deg world_ypr=(7.3,27.3,4.7)deg
[2026-07-21 01:49:06.300] [autoaim] [debug] [Outpost][SELECT_PHASE] current_angle=-0.524 target_v_yaw=-2.513 normalized_omega=-2.513 prediction_dt=0.257 future_angle=-1.171 current_plate=2 selected_plate=2 candidate_phase=-3.265 candidate_z=-0.624
[2026-07-21 01:49:06.313] [autoaim] [debug] [Outpost][OBS_ASSOC] seq=3841 state=2 dt=0.0041s world=(2.674,0.077,-0.563) yaw=9.2deg rho=0.290 radial_res=+0.015 raw_ang=-152.9deg pred=(-33.0,87.0,-153.0)deg err=(-119.9,+120.1,+0.1)deg chosen=2 changed=0 corrected=-152.9deg residual=+0.0deg z=(-0.665,-0.778,-0.624) seen=(1,1,1)
[2026-07-21 01:49:06.344] [autoaim] [debug] [Outpost][OBS_INPUT] seq=4051 candidates=1 confidence=0.996 image=(707.1,478.4) image_dist=68.1 camera=(-0.060,-0.071,2.488) gimbal=(2.658,0.096,-0.558) world=(2.658,0.096,-0.558) gimbal_ypr=(6.9,31.3,2.8)deg world_ypr=(6.9,31.3,2.8)deg
[2026-07-21 01:49:06.372] [autoaim] [debug] [Outpost][OBS_ASSOC] seq=3851 state=2 dt=0.0121s world=(2.664,0.117,-0.559) yaw=3.9deg rho=0.284 radial_res=+0.009 raw_ang=-161.0deg pred=(-41.1,78.9,-161.1)deg err=(-119.9,+120.1,+0.1)deg chosen=2 changed=0 corrected=-161.0deg residual=+0.0deg z=(-0.665,-0.778,-0.624) seen=(1,1,1)
[2026-07-21 01:49:06.388] [autoaim] [debug] [Outpost][OBS_INPUT] seq=4061 candidates=1 confidence=0.999 image=(682.3,478.1) image_dist=86.4 camera=(-0.095,-0.072,2.503) gimbal=(2.673,0.131,-0.562) world=(2.673,0.131,-0.562) gimbal_ypr=(179.8,147.2,178.8)deg world_ypr=(179.8,147.2,178.8)deg
[2026-07-21 01:49:06.412] [autoaim] [debug] [Outpost][SELECT_PHASE] current_angle=-0.797 target_v_yaw=-2.513 normalized_omega=-2.513 prediction_dt=0.248 future_angle=-1.421 current_plate=2 selected_plate=2 candidate_phase=-3.515 candidate_z=-0.624
[2026-07-21 01:49:06.421] [autoaim] [debug] [Outpost][OBS_ASSOC] seq=3861 state=2 dt=0.0043s world=(2.711,0.155,-0.572) yaw=4.4deg rho=0.227 radial_res=-0.048 raw_ang=-166.3deg pred=(-46.7,73.3,-166.7)deg err=(-119.7,+120.3,+0.3)deg chosen=2 changed=0 corrected=-166.3deg residual=+0.0deg z=(-0.665,-0.778,-0.624) seen=(1,1,1)
[2026-07-21 01:49:06.429] [autoaim] [debug] [Outpost][SELECT] mode=ROTATING selected=2 observed=2 changed=false fresh=true unseen=0.000s phase=0.0deg model_ok=true fire=false diff=-27.5deg cmd=(6.96,-8.10)
[2026-07-21 01:49:06.450] [autoaim] [debug] [Outpost][OBS_INPUT] seq=4071 candidates=1 confidence=0.942 image=(652.8,478.7) image_dist=111.0 camera=(-0.140,-0.073,2.584) gimbal=(2.750,0.177,-0.582) world=(2.750,0.177,-0.582) gimbal_ypr=(3.2,3.1,-2.2)deg world_ypr=(3.2,3.1,-2.2)deg
[2026-07-21 01:49:06.527] [autoaim] [debug] [Outpost][SELECT_PHASE] current_angle=-1.081 target_v_yaw=-2.513 normalized_omega=-2.513 prediction_dt=0.245 future_angle=-1.696 current_plate=2 selected_plate=2 candidate_phase=-3.790 candidate_z=-0.624
[2026-07-21 01:49:06.661] [autoaim] [debug] [Outpost][SELECT_PHASE] current_angle=-1.422 target_v_yaw=-2.513 normalized_omega=-2.513 prediction_dt=0.237 future_angle=-2.017 current_plate=2 selected_plate=2 candidate_phase=-4.112 candidate_z=-0.624
[2026-07-21 01:49:06.766] [autoaim] [debug] [Outpost][SELECT_PHASE] current_angle=-1.678 target_v_yaw=-2.513 normalized_omega=-2.513 prediction_dt=0.232 future_angle=-2.261 current_plate=2 selected_plate=2 candidate_phase=-4.356 candidate_z=-0.624
[2026-07-21 01:49:06.779] [autoaim] [debug] [Outpost][SWITCH_COMMIT] t=30691.701 from=2 phase_best=0 height_plate=1 tracked_err=+111.4deg new_phase_err=-8.6deg jump=66.2deg z=-0.747 z_err=0.031 margin=0.051 z_confident=1
[2026-07-21 01:49:06.779] [autoaim] [debug] [Outpost][OBS_ASSOC] seq=3871 state=2 dt=0.3136s world=(2.827,-0.136,-0.747) yaw=55.2deg rho=0.360 radial_res=+0.085 raw_ang=-106.9deg pred=(-98.3,21.7,141.7)deg err=(-8.6,-128.6,+111.4)deg chosen=0 changed=1 corrected=-106.9deg residual=+0.0deg z=(-0.665,-0.778,-0.624) seen=(1,1,1)
[2026-07-21 01:49:06.806] [autoaim] [debug] [Outpost][OBS_INPUT] seq=4081 candidates=1 confidence=0.972 image=(861.7,572.2) image_dist=118.3 camera=(0.164,0.061,2.676) gimbal=(2.807,-0.125,-0.737) world=(2.807,-0.125,-0.737) gimbal_ypr=(51.4,3.1,24.1)deg world_ypr=(51.4,3.1,24.1)deg
[2026-07-21 01:49:06.810] [autoaim] [debug] [Outpost][SELECT] mode=ROTATING selected=0 observed=0 changed=true fresh=true unseen=0.000s phase=0.0deg model_ok=true fire=false diff=26.0deg cmd=(1.56,-9.10)
[2026-07-21 01:49:06.844] [autoaim] [debug] [Outpost][OBS_ASSOC] seq=3881 state=2 dt=0.0185s world=(2.713,-0.107,-0.704) yaw=48.1deg rho=0.384 radial_res=+0.109 raw_ang=-124.8deg pred=(-119.7,0.3,120.3)deg err=(-5.1,-125.1,+114.9)deg chosen=0 changed=0 corrected=-124.8deg residual=+0.0deg z=(-0.665,-0.778,-0.624) seen=(1,1,1)
[2026-07-21 01:49:06.878] [autoaim] [debug] [Outpost][OBS_INPUT] seq=4091 candidates=1 confidence=0.998 image=(842.3,566.6) image_dist=98.2 camera=(0.132,0.052,2.616) gimbal=(2.751,-0.095,-0.712) world=(2.751,-0.095,-0.712) gimbal_ypr=(42.7,5.4,21.0)deg world_ypr=(42.7,5.4,21.0)deg
[2026-07-21 01:49:06.883] [autoaim] [debug] [Outpost][SELECT_PHASE] current_angle=-2.192 target_v_yaw=-2.513 normalized_omega=-2.513 prediction_dt=0.226 future_angle=-2.759 current_plate=0 selected_plate=0 candidate_phase=-2.759 candidate_z=-0.665
[2026-07-21 01:49:06.894] [autoaim] [debug] [Outpost][OBS_ASSOC] seq=3891 state=2 dt=0.0042s world=(2.725,-0.084,-0.702) yaw=40.3deg rho=0.359 radial_res=+0.084 raw_ang=-125.2deg pred=(-129.9,-9.9,110.1)deg err=(+4.7,-115.3,+124.7)deg chosen=0 changed=0 corrected=-125.2deg residual=+0.0deg z=(-0.665,-0.778,-0.624) seen=(1,1,1)
[2026-07-21 01:49:06.926] [autoaim] [debug] [Outpost][OBS_INPUT] seq=4101 candidates=1 confidence=0.995 image=(824.5,563.2) image_dist=80.4 camera=(0.104,0.046,2.560) gimbal=(2.698,-0.067,-0.690) world=(2.698,-0.067,-0.690) gimbal_ypr=(36.3,6.4,18.1)deg world_ypr=(36.3,6.4,18.1)deg
[2026-07-21 01:49:06.952] [autoaim] [debug] [Outpost][GEOM_OK] state=2 rho=0.355 res=+0.080 yaw_radial=165.8deg model_center=(2.932,0.209) center_minus=(2.464,-0.207) center_plus=(2.923,0.098)
[2026-07-21 01:49:06.954] [autoaim] [debug] [Outpost][OBS_ASSOC] seq=3901 state=2 dt=0.0027s world=(2.734,-0.053,-0.698) yaw=32.2deg rho=0.328 radial_res=+0.053 raw_ang=-127.0deg pred=(-132.5,-12.5,107.5)deg err=(+5.5,-114.5,+125.5)deg chosen=0 changed=0 corrected=-127.0deg residual=+0.0deg z=(-0.665,-0.778,-0.624) seen=(1,1,1)
[2026-07-21 01:49:06.984] [autoaim] [debug] [Outpost][OBS_INPUT] seq=4111 candidates=1 confidence=0.999 image=(802.9,559.6) image_dist=59.5 camera=(0.074,0.041,2.590) gimbal=(2.728,-0.037,-0.694) world=(2.728,-0.037,-0.694) gimbal_ypr=(27.7,9.5,14.6)deg world_ypr=(27.7,9.5,14.6)deg
[2026-07-21 01:49:06.987] [autoaim] [debug] [Outpost][SELECT_PHASE] current_angle=-2.267 target_v_yaw=-2.513 normalized_omega=-2.513 prediction_dt=0.225 future_angle=-2.834 current_plate=0 selected_plate=0 candidate_phase=-2.834 candidate_z=-0.665
[2026-07-21 01:49:07.003] [autoaim] [debug] [Outpost][OBS_ASSOC] seq=3911 state=2 dt=0.0041s world=(2.725,-0.025,-0.692) yaw=25.2deg rho=0.312 radial_res=+0.037 raw_ang=-131.4deg pred=(-133.2,-13.2,106.8)deg err=(+1.8,-118.2,+121.8)deg chosen=0 changed=0 corrected=-131.4deg residual=+0.0deg z=(-0.665,-0.778,-0.624) seen=(1,1,1)
[2026-07-21 01:49:07.023] [autoaim] [debug] [Outpost][SELECT] mode=ROTATING selected=0 observed=0 changed=false fresh=true unseen=0.000s phase=0.0deg model_ok=true fire=false diff=7.8deg cmd=(3.38,-9.04)
[2026-07-21 01:49:07.035] [autoaim] [debug] [Outpost][OBS_INPUT] seq=4121 candidates=1 confidence=1.000 image=(780.5,556.9) image_dist=39.6 camera=(0.043,0.038,2.606) gimbal=(2.744,-0.005,-0.695) world=(2.744,-0.005,-0.695) gimbal_ypr=(17.4,10.9,10.6)deg world_ypr=(17.4,10.9,10.6)deg
[2026-07-21 01:49:07.059] [autoaim] [debug] [Outpost][IMU] raw_deg=(0.00,0.00,0.00) solver_rad=(0.0000,-0.0000,0.0000)
[2026-07-21 01:49:07.063] [autoaim] [debug] [Outpost][OBS_ASSOC] seq=3921 state=2 dt=0.0027s world=(2.711,0.013,-0.683) yaw=15.2deg rho=0.295 radial_res=+0.020 raw_ang=-138.4deg pred=(-137.7,-17.7,102.3)deg err=(-0.7,-120.7,+119.3)deg chosen=0 changed=0 corrected=-138.4deg residual=+0.0deg z=(-0.665,-0.778,-0.624) seen=(1,1,1)
[2026-07-21 01:49:07.099] [autoaim] [debug] [Outpost][OBS_INPUT] seq=4131 candidates=1 confidence=0.998 image=(750.0,554.2) image_dist=23.8 camera=(-0.001,0.033,2.548) gimbal=(2.689,0.038,-0.675) world=(2.689,0.038,-0.675) gimbal_ypr=(9.3,18.7,6.4)deg world_ypr=(9.3,18.7,6.4)deg
[2026-07-21 01:49:07.103] [autoaim] [debug] [Outpost][SELECT_PHASE] current_angle=-2.543 target_v_yaw=-2.513 normalized_omega=-2.513 prediction_dt=0.261 future_angle=-3.199 current_plate=0 selected_plate=0 candidate_phase=-3.199 candidate_z=-0.665
[2026-07-21 01:49:07.127] [autoaim] [debug] [Outpost][OBS_ASSOC] seq=3931 state=2 dt=0.0039s world=(2.652,0.057,-0.663) yaw=175.0deg rho=0.319 radial_res=+0.044 raw_ang=-151.6deg pred=(-151.4,-31.4,88.6)deg err=(-0.2,-120.2,+119.8)deg chosen=0 changed=0 corrected=-151.6deg residual=+0.0deg z=(-0.665,-0.778,-0.624) seen=(1,1,1)
[2026-07-21 01:49:07.147] [autoaim] [debug] [Outpost][OBS_INPUT] seq=4141 candidates=1 confidence=0.998 image=(725.3,553.0) image_dist=34.2 camera=(-0.035,0.031,2.494) gimbal=(2.637,0.071,-0.658) world=(2.637,0.071,-0.658) gimbal_ypr=(178.8,173.1,-178.2)deg world_ypr=(178.8,173.1,-178.2)deg
[2026-07-21 01:49:07.175] [autoaim] [debug] [Outpost][OBS_ASSOC] seq=3941 state=2 dt=0.0041s world=(2.634,0.091,-0.656) yaw=3.8deg rho=0.320 radial_res=+0.045 raw_ang=-158.4deg pred=(-159.3,-39.3,80.7)deg err=(+0.9,-119.1,+120.9)deg chosen=0 changed=0 corrected=-158.4deg residual=+0.0deg z=(-0.665,-0.778,-0.624) seen=(1,1,1)
[2026-07-21 01:49:07.203] [autoaim] [debug] [Outpost][OBS_INPUT] seq=4151 candidates=1 confidence=0.998 image=(695.9,552.0) image_dist=59.3 camera=(-0.075,0.029,2.470) gimbal=(2.613,0.111,-0.650) world=(2.613,0.111,-0.650) gimbal_ypr=(177.2,176.1,-179.9)deg world_ypr=(177.2,176.1,-179.9)deg
[2026-07-21 01:49:07.208] [autoaim] [debug] [Outpost][SELECT_PHASE] current_angle=-2.850 target_v_yaw=-2.513 normalized_omega=-2.513 prediction_dt=0.255 future_angle=-3.490 current_plate=0 selected_plate=0 candidate_phase=-3.490 candidate_z=-0.665
[2026-07-21 01:49:07.239] [autoaim] [debug] [Outpost][OBS_ASSOC] seq=3951 state=2 dt=0.0039s world=(2.636,0.137,-0.657) yaw=3.2deg rho=0.304 radial_res=+0.029 raw_ang=-166.4deg pred=(-166.5,-46.5,73.5)deg err=(+0.1,-119.9,+120.1)deg chosen=0 changed=0 corrected=-166.4deg residual=+0.0deg z=(-0.665,-0.778,-0.624) seen=(1,1,1)
[2026-07-21 01:49:07.276] [autoaim] [debug] [Outpost][OBS_INPUT] seq=4161 candidates=1 confidence=0.996 image=(660.8,552.4) image_dist=92.9 camera=(-0.124,0.030,2.500) gimbal=(2.642,0.160,-0.659) world=(2.642,0.160,-0.659) gimbal_ypr=(179.0,147.5,178.2)deg world_ypr=(179.0,147.5,178.2)deg
[2026-07-21 01:49:07.292] [autoaim] [debug] [Outpost][OBS_ASSOC] seq=3961 state=2 dt=0.0018s world=(2.648,0.175,-0.661) yaw=173.3deg rho=0.286 radial_res=+0.011 raw_ang=-173.1deg pred=(-172.8,-52.8,67.2)deg err=(-0.3,-120.3,+119.7)deg chosen=0 changed=0 corrected=-173.1deg residual=+0.0deg z=(-0.665,-0.778,-0.624) seen=(1,1,1)
[2026-07-21 01:49:07.324] [autoaim] [debug] [Outpost][SELECT_PHASE] current_angle=-3.099 target_v_yaw=-2.513 normalized_omega=-2.513 prediction_dt=0.248 future_angle=-3.723 current_plate=0 selected_plate=0 candidate_phase=-3.723 candidate_z=-0.665
[2026-07-21 01:49:07.428] [autoaim] [debug] [Outpost][SELECT_PHASE] current_angle=2.921 target_v_yaw=-2.513 normalized_omega=-2.513 prediction_dt=0.243 future_angle=2.311 current_plate=0 selected_plate=0 candidate_phase=2.311 candidate_z=-0.665
[2026-07-21 01:49:07.562] [autoaim] [debug] [Outpost][SELECT_PHASE] current_angle=2.585 target_v_yaw=-2.513 normalized_omega=-2.513 prediction_dt=0.236 future_angle=1.992 current_plate=0 selected_plate=0 candidate_phase=1.992 candidate_z=-0.665
[2026-07-21 01:49:07.597] [autoaim] [debug] [Outpost][SELECT] mode=ROTATING selected=0 observed=0 changed=false fresh=false unseen=0.285s phase=0.0deg model_ok=false fire=false diff=-74.8deg cmd=(9.67,-7.82)
[2026-07-21 01:49:07.669] [autoaim] [debug] [Outpost][SELECT] mode=ROTATING selected=1 observed=0 changed=true fresh=false unseen=0.353s phase=0.0deg model_ok=false fire=false diff=35.7deg cmd=(0.71,-11.22)
[2026-07-21 01:49:07.678] [autoaim] [debug] [Outpost][SELECT_PHASE] current_angle=2.293 target_v_yaw=-2.513 normalized_omega=-2.513 prediction_dt=0.231 future_angle=1.711 current_plate=0 selected_plate=1 candidate_phase=3.806 candidate_z=-0.778
[2026-07-21 01:49:07.701] [autoaim] [debug] [Outpost][SWITCH_COMMIT] t=30692.624 from=0 phase_best=1 height_plate=1 tracked_err=+139.4deg new_phase_err=+19.4deg jump=83.4deg z=-0.905 z_err=0.127 margin=0.113 z_confident=0
[2026-07-21 01:49:07.702] [autoaim] [debug] [Outpost][OBS_ASSOC] seq=3965 state=2 dt=0.3894s world=(2.918,-0.118,-0.905) yaw=41.7deg rho=0.327 radial_res=+0.052 raw_ang=-92.4deg pred=(128.1,-111.9,8.1)deg err=(+139.4,+19.4,-100.6)deg chosen=1 changed=1 corrected=-92.4deg residual=+0.0deg z=(-0.665,-0.778,-0.624) seen=(1,1,1)
[2026-07-21 01:49:07.710] [autoaim] [debug] [Outpost][OBS_INPUT] seq=4171 candidates=1 confidence=1.000 image=(849.5,654.2) image_dist=158.2 camera=(0.149,0.186,2.732) gimbal=(2.827,-0.110,-0.872) world=(2.827,-0.110,-0.872) gimbal_ypr=(42.1,7.4,21.8)deg world_ypr=(42.1,7.4,21.8)deg
[2026-07-21 01:49:07.739] [autoaim] [debug] [Outpost][OBS_ASSOC] seq=3971 state=2 dt=0.0042s world=(2.776,-0.094,-0.851) yaw=38.7deg rho=0.341 radial_res=+0.066 raw_ang=-117.2deg pred=(122.2,-117.8,2.2)deg err=(+120.6,+0.6,-119.4)deg chosen=1 changed=0 corrected=-117.2deg residual=+0.0deg z=(-0.665,-0.778,-0.624) seen=(1,1,1)
[2026-07-21 01:49:07.757] [autoaim] [debug] [Outpost][OBS_INPUT] seq=4181 candidates=1 confidence=1.000 image=(832.7,651.4) image_dist=145.9 camera=(0.122,0.178,2.685) gimbal=(2.783,-0.083,-0.851) world=(2.783,-0.083,-0.851) gimbal_ypr=(35.2,9.2,19.0)deg world_ypr=(35.2,9.2,19.0)deg
[2026-07-21 01:49:07.774] [autoaim] [debug] [Outpost][SELECT_PHASE] current_angle=2.004 target_v_yaw=-2.513 normalized_omega=-2.513 prediction_dt=0.229 future_angle=1.429 current_plate=1 selected_plate=1 candidate_phase=3.524 candidate_z=-0.778
[2026-07-21 01:49:07.778] [autoaim] [debug] [Outpost][OBS_ASSOC] seq=3981 state=2 dt=0.0040s world=(2.780,-0.072,-0.848) yaw=31.4deg rho=0.320 radial_res=+0.045 raw_ang=-118.4deg pred=(114.2,-125.8,-5.8)deg err=(+127.4,+7.4,-112.6)deg chosen=1 changed=0 corrected=-118.4deg residual=+0.0deg z=(-0.665,-0.778,-0.624) seen=(1,1,1)
[2026-07-21 01:49:07.812] [autoaim] [debug] [Outpost][OBS_INPUT] seq=4191 candidates=1 confidence=0.999 image=(812.5,648.0) image_dist=132.7 camera=(0.090,0.170,2.633) gimbal=(2.735,-0.053,-0.830) world=(2.735,-0.053,-0.830) gimbal_ypr=(27.5,9.3,15.1)deg world_ypr=(27.5,9.3,15.1)deg
[2026-07-21 01:49:07.830] [autoaim] [debug] [Outpost][OBS_ASSOC] seq=3991 state=2 dt=0.0041s world=(2.703,-0.040,-0.817) yaw=25.8deg rho=0.338 radial_res=+0.063 raw_ang=-132.6deg pred=(108.4,-131.6,-11.6)deg err=(+119.0,-1.0,-121.0)deg chosen=1 changed=0 corrected=-132.6deg residual=+0.0deg z=(-0.665,-0.778,-0.624) seen=(1,1,1)
[2026-07-21 01:49:07.866] [autoaim] [debug] [Outpost][OBS_INPUT] seq=4201 candidates=1 confidence=1.000 image=(788.1,645.5) image_dist=120.9 camera=(0.053,0.163,2.574) gimbal=(2.679,-0.017,-0.806) world=(2.679,-0.017,-0.806) gimbal_ypr=(21.2,15.2,12.1)deg world_ypr=(21.2,15.2,12.1)deg
[2026-07-21 01:49:07.890] [autoaim] [debug] [Outpost][GEOM_OK] state=2 rho=0.283 res=+0.008 yaw_radial=140.9deg model_center=(2.932,0.209) center_minus=(2.469,-0.040) center_plus=(3.013,0.040)
[2026-07-21 01:49:07.890] [autoaim] [debug] [Outpost][SELECT_PHASE] current_angle=1.877 target_v_yaw=-2.513 normalized_omega=-2.513 prediction_dt=0.228 future_angle=1.304 current_plate=1 selected_plate=1 candidate_phase=3.398 candidate_z=-0.778
[2026-07-21 01:49:07.895] [autoaim] [debug] [Outpost][OBS_ASSOC] seq=4001 state=2 dt=0.0056s world=(2.651,0.002,-0.795) yaw=16.8deg rho=0.349 radial_res=+0.074 raw_ang=-143.7deg pred=(106.7,-133.3,-13.3)deg err=(+109.6,-10.4,-130.4)deg chosen=1 changed=0 corrected=-143.7deg residual=+0.0deg z=(-0.665,-0.778,-0.624) seen=(1,1,1)
[2026-07-21 01:49:07.926] [autoaim] [debug] [Outpost][OBS_INPUT] seq=4211 candidates=1 confidence=0.999 image=(758.9,643.2) image_dist=113.1 camera=(0.011,0.159,2.559) gimbal=(2.666,0.025,-0.799) world=(2.666,0.025,-0.799) gimbal_ypr=(5.7,7.0,5.7)deg world_ypr=(5.7,7.0,5.7)deg
[2026-07-21 01:49:07.961] [autoaim] [debug] [Outpost][OBS_ASSOC] seq=4011 state=2 dt=0.0058s world=(2.613,0.047,-0.779) yaw=5.7deg rho=0.358 radial_res=+0.083 raw_ang=-153.2deg pred=(86.6,-153.4,-33.4)deg err=(+120.3,+0.3,-119.7)deg chosen=1 changed=0 corrected=-153.2deg residual=+0.0deg z=(-0.665,-0.778,-0.624) seen=(1,1,1)
[2026-07-21 01:49:07.992] [autoaim] [debug] [Outpost][OBS_INPUT] seq=4221 candidates=1 confidence=0.999 image=(725.1,641.6) image_dist=114.2 camera=(-0.035,0.151,2.472) gimbal=(2.583,0.070,-0.767) world=(2.583,0.070,-0.767) gimbal_ypr=(4.8,7.0,3.7)deg world_ypr=(4.8,7.0,3.7)deg
[2026-07-21 01:49:08.007] [autoaim] [debug] [Outpost][SELECT_PHASE] current_angle=1.371 target_v_yaw=-2.513 normalized_omega=-2.513 prediction_dt=0.252 future_angle=0.737 current_plate=1 selected_plate=1 candidate_phase=2.832 candidate_z=-0.778
[2026-07-21 01:49:08.010] [autoaim] [debug] [Outpost][OBS_ASSOC] seq=4021 state=2 dt=0.0035s world=(2.558,0.084,-0.758) yaw=8.2deg rho=0.394 radial_res=+0.119 raw_ang=-161.5deg pred=(78.0,-162.0,-42.0)deg err=(+120.4,+0.4,-119.6)deg chosen=1 changed=0 corrected=-161.5deg residual=+0.0deg z=(-0.665,-0.778,-0.624) seen=(1,1,1)
[2026-07-21 01:49:08.043] [autoaim] [debug] [Outpost][OBS_INPUT] seq=4231 candidates=1 confidence=0.999 image=(697.0,641.0) image_dist=123.1 camera=(-0.072,0.148,2.438) gimbal=(2.551,0.107,-0.755) world=(2.551,0.107,-0.755) gimbal_ypr=(6.5,37.3,2.8)deg world_ypr=(6.5,37.3,2.8)deg
[2026-07-21 01:49:08.086] [autoaim] [debug] [Outpost][OBS_ASSOC] seq=4031 state=2 dt=0.0068s world=(2.566,0.137,-0.761) yaw=2.9deg rho=0.373 radial_res=+0.098 raw_ang=-168.9deg pred=(70.3,-169.7,-49.7)deg err=(+120.8,+0.8,-119.2)deg chosen=1 changed=0 corrected=-168.9deg residual=+0.0deg z=(-0.665,-0.778,-0.624) seen=(1,1,1)
[2026-07-21 01:49:08.123] [autoaim] [debug] [Outpost][OBS_INPUT] seq=4241 candidates=1 confidence=0.999 image=(654.3,641.0) image_dist=146.9 camera=(-0.132,0.152,2.489) gimbal=(2.598,0.167,-0.773) world=(2.598,0.167,-0.773) gimbal_ypr=(7.1,5.0,1.2)deg world_ypr=(7.1,5.0,1.2)deg
[2026-07-21 01:49:08.147] [autoaim] [debug] [Outpost][SELECT_PHASE] current_angle=1.118 target_v_yaw=-2.513 normalized_omega=-2.513 prediction_dt=0.248 future_angle=0.494 current_plate=1 selected_plate=1 candidate_phase=2.589 candidate_z=-0.778
[2026-07-21 01:49:08.152] [autoaim] [debug] [Outpost][OBS_ASSOC] seq=4041 state=2 dt=0.0053s world=(2.665,0.193,-0.797) yaw=5.5deg rho=0.268 radial_res=-0.007 raw_ang=-176.6deg pred=(63.3,-176.7,-56.7)deg err=(+120.1,+0.1,-119.9)deg chosen=1 changed=0 corrected=-176.6deg residual=+0.0deg z=(-0.665,-0.778,-0.624) seen=(1,1,1)
[2026-07-21 01:49:08.183] [autoaim] [debug] [Outpost][SELECT] mode=ROTATING selected=1 observed=1 changed=false fresh=true unseen=0.028s phase=0.0deg model_ok=true fire=false diff=-40.6deg cmd=(8.10,-11.18)
[2026-07-21 01:49:08.214] [autoaim] [debug] [Outpost][IMU] raw_deg=(0.00,0.00,0.00) solver_rad=(0.0000,-0.0000,0.0000)
[2026-07-21 01:49:08.256] [autoaim] [debug] [Outpost][SELECT_PHASE] current_angle=0.841 target_v_yaw=-2.513 normalized_omega=-2.513 prediction_dt=0.240 future_angle=0.238 current_plate=1 selected_plate=1 candidate_phase=2.333 candidate_z=-0.778
[2026-07-21 01:49:08.372] [autoaim] [debug] [Outpost][SELECT_PHASE] current_angle=0.551 target_v_yaw=-2.513 normalized_omega=-2.513 prediction_dt=0.234 future_angle=-0.037 current_plate=1 selected_plate=1 candidate_phase=2.058 candidate_z=-0.778
[2026-07-21 01:49:08.480] [autoaim] [debug] [Outpost][SELECT_PHASE] current_angle=0.279 target_v_yaw=-2.513 normalized_omega=-2.513 prediction_dt=0.229 future_angle=-0.297 current_plate=1 selected_plate=1 candidate_phase=1.798 candidate_z=-0.778
[2026-07-21 01:49:08.504] [autoaim] [debug] [Outpost][SELECT] mode=ROTATING selected=2 observed=1 changed=true fresh=false unseen=0.345s phase=0.0deg model_ok=false fire=false diff=36.0deg cmd=(0.68,-7.85)
[2026-07-21 01:49:08.516] [autoaim] [debug] [Outpost][SWITCH_COMMIT] t=30693.439 from=1 phase_best=2 height_plate=0 tracked_err=+156.2deg new_phase_err=+36.2deg jump=104.2deg z=-0.684 z_err=0.018 margin=0.041 z_confident=1
[2026-07-21 01:49:08.516] [autoaim] [debug] [Outpost][OBS_ASSOC] seq=4043 state=2 dt=0.3614s world=(3.032,-0.120,-0.684) yaw=44.2deg rho=0.344 radial_res=+0.069 raw_ang=-73.0deg pred=(10.8,130.8,-109.2)deg err=(-83.8,+156.2,+36.2)deg chosen=2 changed=1 corrected=-73.0deg residual=+0.0deg z=(-0.665,-0.778,-0.624) seen=(1,1,1)
[2026-07-21 01:49:08.537] [autoaim] [debug] [Outpost][OBS_INPUT] seq=4251 candidates=1 confidence=0.998 image=(847.3,495.8) image_dist=102.3 camera=(0.150,-0.053,2.818) gimbal=(2.975,-0.109,-0.665) world=(2.975,-0.109,-0.665) gimbal_ypr=(41.9,7.3,20.7)deg world_ypr=(41.9,7.3,20.7)deg
[2026-07-21 01:49:08.556] [autoaim] [debug] [Outpost][OBS_ASSOC] seq=4051 state=2 dt=0.0040s world=(2.965,-0.099,-0.660) yaw=38.6deg rho=0.310 radial_res=+0.035 raw_ang=-83.8deg pred=(37.3,157.3,-82.7)deg err=(-121.2,+118.8,-1.2)deg chosen=2 changed=0 corrected=-83.8deg residual=+0.0deg z=(-0.665,-0.778,-0.624) seen=(1,1,1)
[2026-07-21 01:49:08.589] [autoaim] [debug] [Outpost][OBS_INPUT] seq=4261 candidates=1 confidence=1.000 image=(830.3,491.5) image_dist=88.3 camera=(0.119,-0.058,2.712) gimbal=(2.874,-0.080,-0.632) world=(2.874,-0.080,-0.632) gimbal_ypr=(36.1,9.8,18.1)deg world_ypr=(36.1,9.8,18.1)deg
[2026-07-21 01:49:08.593] [autoaim] [debug] [Outpost][SELECT_PHASE] current_angle=0.332 target_v_yaw=-2.513 normalized_omega=-2.513 prediction_dt=0.230 future_angle=-0.246 current_plate=2 selected_plate=2 candidate_phase=-2.340 candidate_z=-0.624
[2026-07-21 01:49:08.621] [autoaim] [debug] [Outpost][OBS_ASSOC] seq=4061 state=2 dt=0.0042s world=(2.835,-0.061,-0.619) yaw=31.9deg rho=0.287 radial_res=+0.012 raw_ang=-109.7deg pred=(18.7,138.7,-101.3)deg err=(-128.4,+111.6,-8.4)deg chosen=2 changed=0 corrected=-109.7deg residual=+0.0deg z=(-0.665,-0.778,-0.624) seen=(1,1,1)
[2026-07-21 01:49:08.653] [autoaim] [debug] [Outpost][OBS_INPUT] seq=4271 candidates=1 confidence=0.983 image=(806.0,486.8) image_dist=70.2 camera=(0.080,-0.063,2.623) gimbal=(2.788,-0.042,-0.603) world=(2.788,-0.042,-0.603) gimbal_ypr=(28.3,10.2,14.3)deg world_ypr=(28.3,10.2,14.3)deg
[2026-07-21 01:49:08.681] [autoaim] [debug] [Outpost][OBS_ASSOC] seq=4071 state=2 dt=0.0039s world=(2.784,-0.025,-0.600) yaw=24.0deg rho=0.276 radial_res=+0.001 raw_ang=-122.3deg pred=(3.1,123.1,-116.9)deg err=(-125.3,+114.7,-5.3)deg chosen=2 changed=0 corrected=-122.3deg residual=+0.0deg z=(-0.665,-0.778,-0.624) seen=(1,1,1)
[2026-07-21 01:49:08.701] [autoaim] [debug] [Outpost][OBS_INPUT] seq=4281 candidates=1 confidence=0.994 image=(785.2,483.9) image_dist=57.7 camera=(0.049,-0.068,2.650) gimbal=(2.815,-0.011,-0.606) world=(2.815,-0.011,-0.606) gimbal_ypr=(160.9,168.9,-178.6)deg world_ypr=(160.9,168.9,-178.6)deg
[2026-07-21 01:49:08.717] [autoaim] [debug] [Outpost][SELECT_PHASE] current_angle=-0.081 target_v_yaw=-2.513 normalized_omega=-2.513 prediction_dt=0.225 future_angle=-0.647 current_plate=2 selected_plate=2 candidate_phase=-2.741 candidate_z=-0.624
[2026-07-21 01:49:08.730] [autoaim] [debug] [Outpost][OBS_ASSOC] seq=4081 state=2 dt=0.0047s world=(2.815,0.008,-0.603) yaw=169.7deg rho=0.232 radial_res=-0.043 raw_ang=-120.1deg pred=(0.9,120.9,-119.1)deg err=(-121.0,+119.0,-1.0)deg chosen=2 changed=0 corrected=-120.1deg residual=+0.0deg z=(-0.665,-0.778,-0.624) seen=(1,1,1)
[2026-07-21 01:49:08.755] [autoaim] [debug] [Outpost][SELECT] mode=ROTATING selected=2 observed=2 changed=false fresh=true unseen=0.000s phase=0.0deg model_ok=true fire=false diff=12.7deg cmd=(2.87,-8.23)
[2026-07-21 01:49:08.757] [autoaim] [debug] [Outpost][OBS_INPUT] seq=4291 candidates=1 confidence=0.991 image=(758.8,481.1) image_dist=49.9 camera=(0.011,-0.070,2.607) gimbal=(2.774,0.027,-0.591) world=(2.774,0.027,-0.591) gimbal_ypr=(173.7,172.7,-177.1)deg world_ypr=(173.7,172.7,-177.1)deg
[2026-07-21 01:49:08.793] [autoaim] [debug] [Outpost][OBS_ASSOC] seq=4091 state=2 dt=0.0112s world=(2.735,0.046,-0.580) yaw=176.9deg rho=0.256 radial_res=-0.019 raw_ang=-140.4deg pred=(-18.5,101.5,-138.5)deg err=(-121.9,+118.1,-1.9)deg chosen=2 changed=0 corrected=-140.4deg residual=+0.0deg z=(-0.665,-0.778,-0.624) seen=(1,1,1)
[2026-07-21 01:49:08.809] [autoaim] [debug] [Outpost][OBS_INPUT] seq=4301 candidates=1 confidence=1.000 image=(733.0,479.5) image_dist=54.1 camera=(-0.025,-0.071,2.516) gimbal=(2.686,0.062,-0.566) world=(2.686,0.062,-0.566) gimbal_ypr=(172.7,-176.4,-179.3)deg world_ypr=(172.7,-176.4,-179.3)deg
[2026-07-21 01:49:08.828] [autoaim] [debug] [Outpost][SELECT_PHASE] current_angle=-0.515 target_v_yaw=-2.513 normalized_omega=-2.513 prediction_dt=0.257 future_angle=-1.162 current_plate=2 selected_plate=2 candidate_phase=-3.257 candidate_z=-0.624
[2026-07-21 01:49:08.838] [autoaim] [debug] [Outpost][GEOM_OK] state=2 rho=0.285 res=+0.010 yaw_radial=153.9deg model_center=(2.932,0.209) center_minus=(2.402,0.079) center_plus=(2.952,0.084)
[2026-07-21 01:49:08.841] [autoaim] [debug] [Outpost][OBS_ASSOC] seq=4101 state=2 dt=0.0039s world=(2.675,0.084,-0.563) yaw=2.4deg rho=0.286 radial_res=+0.011 raw_ang=-154.0deg pred=(-33.9,86.1,-153.9)deg err=(-120.0,+120.0,-0.0)deg chosen=2 changed=0 corrected=-154.0deg residual=+0.0deg z=(-0.665,-0.778,-0.624) seen=(1,1,1)
[2026-07-21 01:49:08.878] [autoaim] [debug] [Outpost][OBS_INPUT] seq=4311 candidates=1 confidence=0.999 image=(698.4,478.0) image_dist=74.3 camera=(-0.073,-0.072,2.505) gimbal=(2.675,0.109,-0.562) world=(2.675,0.109,-0.562) gimbal_ypr=(5.0,30.0,1.7)deg world_ypr=(5.0,30.0,1.7)deg
[2026-07-21 01:49:08.910] [autoaim] [debug] [Outpost][OBS_ASSOC] seq=4111 state=2 dt=0.0039s world=(2.674,0.131,-0.562) yaw=0.5deg rho=0.269 radial_res=-0.006 raw_ang=-163.2deg pred=(-43.2,76.8,-163.2)deg err=(-120.0,+120.0,+0.0)deg chosen=2 changed=0 corrected=-163.2deg residual=+0.0deg z=(-0.665,-0.778,-0.624) seen=(1,1,1)
[2026-07-21 01:49:08.942] [autoaim] [debug] [Outpost][OBS_INPUT] seq=4321 candidates=1 confidence=0.999 image=(666.3,478.5) image_dist=99.4 camera=(-0.118,-0.073,2.537) gimbal=(2.705,0.155,-0.570) world=(2.705,0.155,-0.570) gimbal_ypr=(2.9,5.3,-1.0)deg world_ypr=(2.9,5.3,-1.0)deg
[2026-07-21 01:49:08.948] [autoaim] [debug] [Outpost][SELECT_PHASE] current_angle=-0.822 target_v_yaw=-2.513 normalized_omega=-2.513 prediction_dt=0.248 future_angle=-1.446 current_plate=2 selected_plate=2 candidate_phase=-3.541 candidate_z=-0.624
[2026-07-21 01:49:08.975] [autoaim] [debug] [Outpost][OBS_ASSOC] seq=4121 state=2 dt=0.0122s world=(2.751,0.178,-0.582) yaw=2.9deg rho=0.184 radial_res=-0.091 raw_ang=-170.2deg pred=(-50.9,69.1,-170.9)deg err=(-119.3,+120.7,+0.7)deg chosen=2 changed=0 corrected=-170.2deg residual=+0.0deg z=(-0.665,-0.778,-0.624) seen=(1,1,1)
[2026-07-21 01:49:08.990] [autoaim] [debug] [Outpost][OBS_INPUT] seq=4331 candidates=1 confidence=0.982 image=(642.8,479.5) image_dist=119.7 camera=(-0.154,-0.073,2.598) gimbal=(2.763,0.192,-0.587) world=(2.763,0.192,-0.587) gimbal_ypr=(11.4,-5.3,-1.2)deg world_ypr=(11.4,-5.3,-1.2)deg
[2026-07-21 01:49:09.061] [autoaim] [debug] [Outpost][SELECT_PHASE] current_angle=-1.134 target_v_yaw=-2.513 normalized_omega=-2.513 prediction_dt=0.243 future_angle=-1.746 current_plate=2 selected_plate=2 candidate_phase=-3.840 candidate_z=-0.624
[2026-07-21 01:49:09.166] [autoaim] [debug] [Outpost][SELECT_PHASE] current_angle=-1.399 target_v_yaw=-2.513 normalized_omega=-2.513 prediction_dt=0.237 future_angle=-1.996 current_plate=2 selected_plate=2 candidate_phase=-4.090 candidate_z=-0.624
[2026-07-21 01:49:09.275] [autoaim] [debug] [Outpost][SELECT_PHASE] current_angle=-1.672 target_v_yaw=-2.513 normalized_omega=-2.513 prediction_dt=0.232 future_angle=-2.255 current_plate=2 selected_plate=2 candidate_phase=-4.350 candidate_z=-0.624
[2026-07-21 01:49:09.303] [autoaim] [debug] [Outpost][SWITCH_COMMIT] t=30694.222 from=2 phase_best=0 height_plate=1 tracked_err=+101.4deg new_phase_err=-18.6deg jump=57.5deg z=-0.723 z_err=0.055 margin=0.003 z_confident=0
[2026-07-21 01:49:09.303] [autoaim] [debug] [Outpost][OBS_ASSOC] seq=4128 state=2 dt=0.3052s world=(2.752,-0.132,-0.723) yaw=55.4deg rho=0.386 radial_res=+0.111 raw_ang=-117.8deg pred=(-99.3,20.7,140.7)deg err=(-18.6,-138.6,+101.4)deg chosen=0 changed=1 corrected=-117.8deg residual=+0.0deg z=(-0.665,-0.778,-0.624) seen=(1,1,1)
[2026-07-21 01:49:09.303] [autoaim] [debug] [Outpost][SELECT] mode=ROTATING selected=0 observed=0 changed=true fresh=true unseen=0.000s phase=0.0deg model_ok=true fire=false diff=25.3deg cmd=(1.62,-8.90)
[2026-07-21 01:49:09.311] [autoaim] [debug] [Outpost][OBS_ASSOC] seq=4131 state=2 dt=0.0041s world=(2.803,-0.131,-0.738) yaw=53.8deg rho=0.363 radial_res=+0.088 raw_ang=-110.8deg pred=(-107.1,12.9,132.9)deg err=(-3.7,-123.7,+116.3)deg chosen=0 changed=0 corrected=-110.8deg residual=+0.0deg z=(-0.665,-0.778,-0.624) seen=(1,1,1)
[2026-07-21 01:49:09.315] [autoaim] [debug] [Outpost][IDENTITY_LOCK] t=30694.238 tracked=0 phase_best=0 height_candidate=1 tracked_err=-0.2deg new_phase_err=-0.2deg jump=0.8deg z=-0.736 z_err=0.042 margin=0.028
[2026-07-21 01:49:09.320] [autoaim] [debug] [Outpost][SELECT] mode=ROTATING selected=0 observed=0 changed=false fresh=true unseen=0.000s phase=0.0deg model_ok=true fire=false diff=28.7deg cmd=(1.31,-9.00)
[2026-07-21 01:49:09.340] [autoaim] [debug] [Outpost][OBS_INPUT] seq=4341 candidates=1 confidence=0.992 image=(858.9,571.2) image_dist=115.3 camera=(0.158,0.060,2.660) gimbal=(2.792,-0.120,-0.731) world=(2.792,-0.120,-0.731) gimbal_ypr=(50.3,3.9,23.7)deg world_ypr=(50.3,3.9,23.7)deg
[2026-07-21 01:49:09.345] [autoaim] [debug] [Outpost][IMU] raw_deg=(0.00,0.00,0.00) solver_rad=(0.0000,-0.0000,0.0000)
[2026-07-21 01:49:09.370] [autoaim] [debug] [Outpost][OBS_ASSOC] seq=4141 state=2 dt=0.0120s world=(2.768,-0.108,-0.720) yaw=46.8deg rho=0.357 radial_res=+0.082 raw_ang=-117.3deg pred=(-116.6,3.4,123.4)deg err=(-0.7,-120.7,+119.3)deg chosen=0 changed=0 corrected=-117.3deg residual=+0.0deg z=(-0.665,-0.778,-0.624) seen=(1,1,1)
[2026-07-21 01:49:09.379] [autoaim] [debug] [Outpost][SELECT_PHASE] current_angle=-2.166 target_v_yaw=-2.513 normalized_omega=-2.513 prediction_dt=0.226 future_angle=-2.734 current_plate=0 selected_plate=0 candidate_phase=-2.734 candidate_z=-0.665
[2026-07-21 01:49:09.387] [autoaim] [debug] [Outpost][OBS_INPUT] seq=4351 candidates=1 confidence=0.997 image=(845.3,567.5) image_dist=101.3 camera=(0.136,0.053,2.607) gimbal=(2.743,-0.099,-0.710) world=(2.743,-0.099,-0.710) gimbal_ypr=(44.2,5.3,21.4)deg world_ypr=(44.2,5.3,21.4)deg
[2026-07-21 01:49:09.416] [autoaim] [debug] [Outpost][OBS_ASSOC] seq=4151 state=2 dt=0.0041s world=(2.725,-0.085,-0.702) yaw=40.1deg rho=0.359 radial_res=+0.084 raw_ang=-125.1deg pred=(-126.6,-6.6,113.4)deg err=(+1.5,-118.5,+121.5)deg chosen=0 changed=0 corrected=-125.1deg residual=+0.0deg z=(-0.665,-0.778,-0.624) seen=(1,1,1)
[2026-07-21 01:49:09.444] [autoaim] [debug] [Outpost][OBS_INPUT] seq=4361 candidates=1 confidence=0.999 image=(826.3,563.4) image_dist=82.1 camera=(0.108,0.047,2.590) gimbal=(2.727,-0.071,-0.699) world=(2.727,-0.071,-0.699) gimbal_ypr=(37.0,7.8,18.6)deg world_ypr=(37.0,7.8,18.6)deg
[2026-07-21 01:49:09.464] [autoaim] [debug] [Outpost][OBS_ASSOC] seq=4161 state=2 dt=0.0041s world=(2.699,-0.059,-0.689) yaw=35.0deg rho=0.355 radial_res=+0.080 raw_ang=-131.0deg pred=(-128.0,-8.0,112.0)deg err=(-3.0,-123.0,+117.0)deg chosen=0 changed=0 corrected=-131.0deg residual=+0.0deg z=(-0.665,-0.778,-0.624) seen=(1,1,1)
[2026-07-21 01:49:09.488] [autoaim] [debug] [Outpost][SELECT_PHASE] current_angle=-2.296 target_v_yaw=-2.513 normalized_omega=-2.513 prediction_dt=0.225 future_angle=-2.862 current_plate=0 selected_plate=0 candidate_phase=-2.862 candidate_z=-0.665
[2026-07-21 01:49:09.496] [autoaim] [debug] [Outpost][OBS_INPUT] seq=4371 candidates=1 confidence=1.000 image=(805.5,560.1) image_dist=62.0 camera=(0.077,0.042,2.562) gimbal=(2.701,-0.040,-0.687) world=(2.701,-0.040,-0.687) gimbal_ypr=(30.1,10.8,15.3)deg world_ypr=(30.1,10.8,15.3)deg
[2026-07-21 01:49:09.525] [autoaim] [debug] [Outpost][OBS_ASSOC] seq=4171 state=2 dt=0.0049s world=(2.663,-0.023,-0.673) yaw=27.0deg rho=0.355 radial_res=+0.080 raw_ang=-139.2deg pred=(-131.4,-11.4,108.6)deg err=(-7.9,-127.9,+112.1)deg chosen=0 changed=0 corrected=-139.2deg residual=+0.0deg z=(-0.665,-0.778,-0.624) seen=(1,1,1)
[2026-07-21 01:49:09.558] [autoaim] [debug] [Outpost][OBS_INPUT] seq=4381 candidates=1 confidence=1.000 image=(780.3,557.1) image_dist=39.6 camera=(0.042,0.037,2.564) gimbal=(2.704,-0.005,-0.683) world=(2.704,-0.005,-0.683) gimbal_ypr=(19.6,8.8,10.9)deg world_ypr=(19.6,8.8,10.9)deg
[2026-07-21 01:49:09.593] [autoaim] [debug] [Outpost][OBS_ASSOC] seq=4181 state=2 dt=0.0091s world=(2.681,0.022,-0.674) yaw=16.0deg rho=0.313 radial_res=+0.038 raw_ang=-143.4deg pred=(-139.8,-19.8,100.2)deg err=(-3.6,-123.6,+116.4)deg chosen=0 changed=0 corrected=-143.4deg residual=+0.0deg z=(-0.665,-0.778,-0.624) seen=(1,1,1)
[2026-07-21 01:49:09.604] [autoaim] [debug] [Outpost][SELECT_PHASE] current_angle=-2.525 target_v_yaw=-2.513 normalized_omega=-2.513 prediction_dt=0.262 future_angle=-3.182 current_plate=0 selected_plate=0 candidate_phase=-3.182 candidate_z=-0.665
[2026-07-21 01:49:09.623] [autoaim] [debug] [Outpost][OBS_INPUT] seq=4391 candidates=1 confidence=0.996 image=(747.2,554.3) image_dist=24.1 camera=(-0.005,0.033,2.532) gimbal=(2.674,0.042,-0.670) world=(2.674,0.042,-0.670) gimbal_ypr=(8.2,9.3,6.0)deg world_ypr=(8.2,9.3,6.0)deg
[2026-07-21 01:49:09.640] [autoaim] [debug] [Outpost][OBS_ASSOC] seq=4191 state=2 dt=0.0039s world=(2.668,0.056,-0.668) yaw=0.1deg rho=0.305 radial_res=+0.030 raw_ang=-149.8deg pred=(-150.0,-30.0,90.0)deg err=(+0.1,-119.9,+120.1)deg chosen=0 changed=0 corrected=-149.8deg residual=+0.0deg z=(-0.665,-0.778,-0.624) seen=(1,1,1)
[2026-07-21 01:49:09.668] [autoaim] [debug] [Outpost][OBS_INPUT] seq=4401 candidates=1 confidence=0.997 image=(723.1,553.1) image_dist=36.0 camera=(-0.038,0.031,2.472) gimbal=(2.616,0.074,-0.652) world=(2.616,0.074,-0.652) gimbal_ypr=(170.7,175.9,179.4)deg world_ypr=(170.7,175.9,179.4)deg
[2026-07-21 01:49:09.696] [autoaim] [debug] [Outpost][GEOM_OK] state=2 rho=0.340 res=+0.065 yaw_radial=-25.8deg model_center=(2.932,0.209) center_minus=(2.886,0.065) center_plus=(2.339,0.121)
[2026-07-21 01:49:09.701] [autoaim] [debug] [Outpost][OBS_ASSOC] seq=4201 state=2 dt=0.0041s world=(2.613,0.096,-0.650) yaw=174.2deg rho=0.339 radial_res=+0.064 raw_ang=-160.4deg pred=(-160.6,-40.6,79.4)deg err=(+0.2,-119.8,+120.2)deg chosen=0 changed=0 corrected=-160.4deg residual=+0.0deg z=(-0.665,-0.778,-0.624) seen=(1,1,1)
[2026-07-21 01:49:09.739] [autoaim] [debug] [Outpost][SELECT_PHASE] current_angle=-2.858 target_v_yaw=-2.513 normalized_omega=-2.513 prediction_dt=0.254 future_angle=-3.497 current_plate=0 selected_plate=0 candidate_phase=-3.497 candidate_z=-0.665
[2026-07-21 01:49:09.761] [autoaim] [debug] [Outpost][OBS_INPUT] seq=4411 candidates=1 confidence=0.999 image=(678.8,552.2) image_dist=75.5 camera=(-0.099,0.030,2.493) gimbal=(2.635,0.135,-0.657) world=(2.635,0.135,-0.657) gimbal_ypr=(4.8,30.1,1.4)deg world_ypr=(4.8,30.1,1.4)deg
[2026-07-21 01:49:09.777] [autoaim] [debug] [Outpost][OBS_ASSOC] seq=4211 state=2 dt=0.0041s world=(2.643,0.149,-0.659) yaw=179.3deg rho=0.295 radial_res=+0.020 raw_ang=-168.3deg pred=(-168.4,-48.4,71.6)deg err=(+0.1,-119.9,+120.1)deg chosen=0 changed=0 corrected=-168.3deg residual=+0.0deg z=(-0.665,-0.778,-0.624) seen=(1,1,1)
[2026-07-21 01:49:09.805] [autoaim] [debug] [Outpost][OBS_INPUT] seq=4421 candidates=1 confidence=0.999 image=(655.3,552.7) image_dist=98.4 camera=(-0.132,0.031,2.512) gimbal=(2.653,0.168,-0.663) world=(2.653,0.168,-0.663) gimbal_ypr=(11.2,4.6,1.4)deg world_ypr=(11.2,4.6,1.4)deg
[2026-07-21 01:49:09.836] [autoaim] [debug] [Outpost][OBS_ASSOC] seq=4221 state=2 dt=0.0053s world=(2.701,0.191,-0.678) yaw=176.5deg rho=0.232 radial_res=-0.043 raw_ang=-175.6deg pred=(-175.7,-55.7,64.3)deg err=(+0.1,-119.9,+120.1)deg chosen=0 changed=0 corrected=-175.6deg residual=+0.0deg z=(-0.665,-0.778,-0.624) seen=(1,1,1)
[2026-07-21 01:49:09.845] [autoaim] [debug] [Outpost][SELECT_PHASE] current_angle=-3.096 target_v_yaw=-2.513 normalized_omega=-2.513 prediction_dt=0.248 future_angle=-3.720 current_plate=0 selected_plate=0 candidate_phase=-3.720 candidate_z=-0.665
[2026-07-21 01:49:09.910] [autoaim] [debug] [Outpost][SELECT] mode=ROTATING selected=0 observed=0 changed=false fresh=true unseen=0.068s phase=0.0deg model_ok=true fire=false diff=-46.0deg cmd=(8.40,-8.66)
[2026-07-21 01:49:09.995] [autoaim] [debug] [Outpost][SELECT_PHASE] current_angle=2.811 target_v_yaw=-2.513 normalized_omega=-2.513 prediction_dt=0.240 future_angle=2.207 current_plate=0 selected_plate=0 candidate_phase=2.207 candidate_z=-0.665
[2026-07-21 01:49:10.123] [autoaim] [debug] [Outpost][SELECT_PHASE] current_angle=2.491 target_v_yaw=-2.513 normalized_omega=-2.513 prediction_dt=0.234 future_angle=1.902 current_plate=0 selected_plate=0 candidate_phase=1.902 candidate_z=-0.665
[2026-07-21 01:49:10.190] [autoaim] [debug] [Outpost][SELECT] mode=ROTATING selected=1 observed=0 changed=true fresh=false unseen=0.351s phase=0.0deg model_ok=false fire=false diff=35.7deg cmd=(0.71,-11.22)
[2026-07-21 01:49:10.235] [autoaim] [debug] [Outpost][SWITCH_COMMIT] t=30695.157 from=0 phase_best=1 height_plate=1 tracked_err=+131.6deg new_phase_err=+11.6deg jump=74.3deg z=-0.885 z_err=0.107 margin=0.113 z_confident=0
[2026-07-21 01:49:10.235] [autoaim] [debug] [Outpost][OBS_ASSOC] seq=4223 state=2 dt=0.3976s world=(2.865,-0.110,-0.885) yaw=40.6deg rho=0.326 radial_res=+0.051 raw_ang=-101.9deg pred=(126.5,-113.5,6.5)deg err=(+131.6,+11.6,-108.4)deg chosen=1 changed=1 corrected=-101.9deg residual=+0.0deg z=(-0.665,-0.778,-0.624) seen=(1,1,1)
[2026-07-21 01:49:10.235] [autoaim] [debug] [Outpost][SELECT_PHASE] current_angle=2.411 target_v_yaw=-2.513 normalized_omega=-2.513 prediction_dt=0.233 future_angle=1.825 current_plate=1 selected_plate=1 candidate_phase=3.919 candidate_z=-0.778
[2026-07-21 01:49:10.261] [autoaim] [debug] [Outpost][OBS_INPUT] seq=4431 candidates=1 confidence=0.999 image=(840.7,652.5) image_dist=151.4 camera=(0.135,0.183,2.724) gimbal=(2.820,-0.097,-0.867) world=(2.820,-0.097,-0.867) gimbal_ypr=(37.7,7.8,20.1)deg world_ypr=(37.7,7.8,20.1)deg
[2026-07-21 01:49:10.291] [autoaim] [debug] [Outpost][OBS_ASSOC] seq=4231 state=2 dt=0.0039s world=(2.796,-0.078,-0.855) yaw=33.8deg rho=0.318 radial_res=+0.043 raw_ang=-115.3deg pred=(118.2,-121.8,-1.8)deg err=(+126.5,+6.5,-113.5)deg chosen=1 changed=0 corrected=-115.3deg residual=+0.0deg z=(-0.665,-0.778,-0.624) seen=(1,1,1)
[2026-07-21 01:49:10.321] [autoaim] [debug] [Outpost][OBS_INPUT] seq=4441 candidates=1 confidence=1.000 image=(817.5,649.0) image_dist=135.9 camera=(0.096,0.170,2.607) gimbal=(2.710,-0.059,-0.822) world=(2.710,-0.059,-0.822) gimbal_ypr=(30.9,10.0,16.7)deg world_ypr=(30.9,10.0,16.7)deg
[2026-07-21 01:49:10.339] [autoaim] [debug] [Outpost][OBS_ASSOC] seq=4241 state=2 dt=0.0041s world=(2.759,-0.048,-0.838) yaw=25.1deg rho=0.310 radial_res=+0.035 raw_ang=-124.1deg pred=(112.6,-127.4,-7.4)deg err=(+123.4,+3.4,-116.6)deg chosen=1 changed=0 corrected=-124.1deg residual=+0.0deg z=(-0.665,-0.778,-0.624) seen=(1,1,1)
[2026-07-21 01:49:10.365] [autoaim] [debug] [Outpost][SELECT_PHASE] current_angle=1.848 target_v_yaw=-2.513 normalized_omega=-2.513 prediction_dt=0.228 future_angle=1.276 current_plate=1 selected_plate=1 candidate_phase=3.370 candidate_z=-0.778
[2026-07-21 01:49:10.374] [autoaim] [debug] [Outpost][OBS_INPUT] seq=4451 candidates=1 confidence=1.000 image=(794.1,646.3) image_dist=123.6 camera=(0.062,0.164,2.577) gimbal=(2.682,-0.025,-0.809) world=(2.682,-0.025,-0.809) gimbal_ypr=(22.5,11.5,12.7)deg world_ypr=(22.5,11.5,12.7)deg
[2026-07-21 01:49:10.404] [autoaim] [debug] [Outpost][OBS_ASSOC] seq=4251 state=2 dt=0.0028s world=(2.669,-0.003,-0.802) yaw=16.5deg rho=0.337 radial_res=+0.062 raw_ang=-141.1deg pred=(98.9,-141.1,-21.1)deg err=(+120.0,-0.0,-120.0)deg chosen=1 changed=0 corrected=-141.1deg residual=+0.0deg z=(-0.665,-0.778,-0.624) seen=(1,1,1)
[2026-07-21 01:49:10.432] [autoaim] [debug] [Outpost][OBS_INPUT] seq=4461 candidates=1 confidence=0.998 image=(764.5,643.6) image_dist=114.0 camera=(0.019,0.158,2.540) gimbal=(2.648,0.017,-0.793) world=(2.648,0.017,-0.793) gimbal_ypr=(12.3,7.1,8.1)deg world_ypr=(12.3,7.1,8.1)deg
[2026-07-21 01:49:10.468] [autoaim] [debug] [Outpost][OBS_ASSOC] seq=4261 state=2 dt=0.0177s world=(2.633,0.043,-0.786) yaw=3.1deg rho=0.342 radial_res=+0.067 raw_ang=-150.9deg pred=(90.6,-149.4,-29.4)deg err=(+118.5,-1.5,-121.5)deg chosen=1 changed=0 corrected=-150.9deg residual=+0.0deg z=(-0.665,-0.778,-0.624) seen=(1,1,1)
[2026-07-21 01:49:10.480] [autoaim] [debug] [Outpost][SELECT_PHASE] current_angle=1.522 target_v_yaw=-2.513 normalized_omega=-2.513 prediction_dt=0.255 future_angle=0.880 current_plate=1 selected_plate=1 candidate_phase=2.975 candidate_z=-0.778
[2026-07-21 01:49:10.505] [autoaim] [debug] [Outpost][OBS_INPUT] seq=4471 candidates=1 confidence=0.996 image=(727.4,641.9) image_dist=113.9 camera=(-0.032,0.151,2.476) gimbal=(2.587,0.067,-0.769) world=(2.587,0.067,-0.769) gimbal_ypr=(2.9,8.0,3.1)deg world_ypr=(2.9,8.0,3.1)deg
[2026-07-21 01:49:10.539] [autoaim] [debug] [Outpost][OBS_ASSOC] seq=4271 state=2 dt=0.0170s world=(2.558,0.089,-0.758) yaw=8.4deg rho=0.393 radial_res=+0.118 raw_ang=-162.3deg pred=(77.7,-162.3,-42.3)deg err=(+120.0,-0.0,-120.0)deg chosen=1 changed=0 corrected=-162.3deg residual=+0.0deg z=(-0.665,-0.778,-0.624) seen=(1,1,1)
[2026-07-21 01:49:10.545] [autoaim] [debug] [Outpost][SELECT] mode=ROTATING selected=1 observed=1 changed=false fresh=true unseen=0.000s phase=0.0deg model_ok=true fire=false diff=-23.5deg cmd=(6.56,-11.53)
[2026-07-21 01:49:10.554] [autoaim] [debug] [Outpost][IMU] raw_deg=(0.00,0.00,0.00) solver_rad=(0.0000,-0.0000,0.0000)
[2026-07-21 01:49:10.556] [autoaim] [debug] [Outpost][OBS_INPUT] seq=4481 candidates=1 confidence=1.000 image=(700.0,640.9) image_dist=121.7 camera=(-0.069,0.148,2.445) gimbal=(2.558,0.103,-0.758) world=(2.558,0.103,-0.758) gimbal_ypr=(3.9,39.1,2.3)deg world_ypr=(3.9,39.1,2.3)deg
[2026-07-21 01:49:10.592] [autoaim] [debug] [Outpost][OBS_ASSOC] seq=4281 state=2 dt=0.0040s world=(2.553,0.128,-0.756) yaw=5.8deg rho=0.387 radial_res=+0.112 raw_ang=-167.9deg pred=(71.9,-168.1,-48.1)deg err=(+120.2,+0.2,-119.8)deg chosen=1 changed=0 corrected=-167.9deg residual=+0.0deg z=(-0.665,-0.778,-0.624) seen=(1,1,1)
[2026-07-21 01:49:10.613] [autoaim] [debug] [Outpost][SELECT_PHASE] current_angle=1.229 target_v_yaw=-2.513 normalized_omega=-2.513 prediction_dt=0.248 future_angle=0.605 current_plate=1 selected_plate=1 candidate_phase=2.700 candidate_z=-0.778
[2026-07-21 01:49:10.624] [autoaim] [debug] [Outpost][OBS_INPUT] seq=4491 candidates=1 confidence=0.998 image=(664.8,641.0) image_dist=140.2 camera=(-0.118,0.150,2.479) gimbal=(2.589,0.153,-0.769) world=(2.589,0.153,-0.769) gimbal_ypr=(4.4,4.2,0.8)deg world_ypr=(4.4,4.2,0.8)deg
[2026-07-21 01:49:10.654] [autoaim] [debug] [Outpost][OBS_ASSOC] seq=4291 state=2 dt=0.0060s world=(2.608,0.173,-0.776) yaw=7.8deg rho=0.326 radial_res=+0.051 raw_ang=-173.7deg pred=(65.8,-174.2,-54.2)deg err=(+120.5,+0.5,-119.5)deg chosen=1 changed=0 corrected=-173.7deg residual=+0.0deg z=(-0.665,-0.778,-0.624) seen=(1,1,1)
[2026-07-21 01:49:10.767] [autoaim] [debug] [Outpost][SELECT_PHASE] current_angle=0.877 target_v_yaw=-2.513 normalized_omega=-2.513 prediction_dt=0.241 future_angle=0.273 current_plate=1 selected_plate=1 candidate_phase=2.367 candidate_z=-0.778
[2026-07-21 01:49:10.874] [autoaim] [debug] [Outpost][SELECT_PHASE] current_angle=0.615 target_v_yaw=-2.513 normalized_omega=-2.513 prediction_dt=0.235 future_angle=0.024 current_plate=1 selected_plate=1 candidate_phase=2.119 candidate_z=-0.778
[2026-07-21 01:49:10.989] [autoaim] [debug] [Outpost][SELECT_PHASE] current_angle=0.313 target_v_yaw=-2.513 normalized_omega=-2.513 prediction_dt=0.230 future_angle=-0.264 current_plate=1 selected_plate=1 candidate_phase=1.830 candidate_z=-0.778
[2026-07-21 01:49:11.021] [autoaim] [debug] [Outpost][SELECT] mode=ROTATING selected=2 observed=1 changed=true fresh=false unseen=0.345s phase=0.0deg model_ok=false fire=false diff=36.2deg cmd=(0.67,-7.84)
[2026-07-21 01:49:11.032] [autoaim] [debug] [Outpost][OBS_INPUT] seq=4501 candidates=1 confidence=1.000 image=(854.8,498.9) image_dist=108.4 camera=(0.166,-0.050,2.899) gimbal=(3.052,-0.124,-0.690) world=(3.052,-0.124,-0.690) gimbal_ypr=(44.4,5.8,22.9)deg world_ypr=(44.4,5.8,22.9)deg
[2026-07-21 01:49:11.032] [autoaim] [debug] [Outpost][SWITCH_COMMIT] t=30695.954 from=1 phase_best=2 height_plate=0 tracked_err=+158.1deg new_phase_err=+38.1deg jump=106.9deg z=-0.690 z_err=0.025 margin=0.041 z_confident=1
[2026-07-21 01:49:11.032] [autoaim] [debug] [Outpost][OBS_ASSOC] seq=4296 state=2 dt=0.3556s world=(3.052,-0.124,-0.690) yaw=44.4deg rho=0.354 radial_res=+0.079 raw_ang=-70.1deg pred=(11.8,131.8,-108.2)deg err=(-81.9,+158.1,+38.1)deg chosen=2 changed=1 corrected=-70.1deg residual=+0.0deg z=(-0.665,-0.778,-0.624) seen=(1,1,1)
[2026-07-21 01:49:11.062] [autoaim] [debug] [Outpost][GEOM_OK] state=2 rho=0.315 res=+0.040 yaw_radial=128.3deg model_center=(2.932,0.209) center_minus=(2.746,-0.289) center_plus=(3.156,0.078)
[2026-07-21 01:49:11.066] [autoaim] [debug] [Outpost][OBS_ASSOC] seq=4301 state=2 dt=0.0040s world=(2.981,-0.105,-0.666) yaw=40.0deg rho=0.318 radial_res=+0.043 raw_ang=-81.0deg pred=(32.9,152.9,-87.1)deg err=(-113.9,+126.1,+6.1)deg chosen=2 changed=0 corrected=-81.0deg residual=+0.0deg z=(-0.665,-0.778,-0.624) seen=(1,1,1)
[2026-07-21 01:49:11.102] [autoaim] [debug] [Outpost][OBS_INPUT] seq=4511 candidates=1 confidence=0.999 image=(832.9,491.9) image_dist=90.5 camera=(0.123,-0.058,2.713) gimbal=(2.874,-0.084,-0.632) world=(2.874,-0.084,-0.632) gimbal_ypr=(37.5,9.6,18.1)deg world_ypr=(37.5,9.6,18.1)deg
[2026-07-21 01:49:11.106] [autoaim] [debug] [Outpost][SELECT_PHASE] current_angle=0.330 target_v_yaw=-2.513 normalized_omega=-2.513 prediction_dt=0.230 future_angle=-0.248 current_plate=2 selected_plate=2 candidate_phase=-2.342 candidate_z=-0.624
[2026-07-21 01:49:11.130] [autoaim] [debug] [Outpost][OBS_ASSOC] seq=4311 state=2 dt=0.0040s world=(2.849,-0.068,-0.624) yaw=33.2deg rho=0.289 radial_res=+0.014 raw_ang=-106.7deg pred=(12.8,132.8,-107.2)deg err=(-119.5,+120.5,+0.5)deg chosen=2 changed=0 corrected=-106.7deg residual=+0.0deg z=(-0.665,-0.778,-0.624) seen=(1,1,1)
[2026-07-21 01:49:11.159] [autoaim] [debug] [Outpost][OBS_INPUT] seq=4521 candidates=1 confidence=0.999 image=(812.0,487.9) image_dist=74.3 camera=(0.090,-0.062,2.659) gimbal=(2.823,-0.051,-0.613) world=(2.823,-0.051,-0.613) gimbal_ypr=(29.6,11.7,15.1)deg world_ypr=(29.6,11.7,15.1)deg
[2026-07-21 01:49:11.166] [autoaim] [debug] [Outpost][SELECT] mode=ROTATING selected=2 observed=2 changed=false fresh=true unseen=0.000s phase=0.0deg model_ok=true fire=false diff=25.9deg cmd=(1.52,-8.03)
[2026-07-21 01:49:11.182] [autoaim] [debug] [Outpost][OBS_ASSOC] seq=4321 state=2 dt=0.0081s world=(2.821,-0.039,-0.611) yaw=26.1deg rho=0.272 radial_res=-0.003 raw_ang=-114.1deg pred=(3.2,123.2,-116.8)deg err=(-117.3,+122.7,+2.7)deg chosen=2 changed=0 corrected=-114.1deg residual=+0.0deg z=(-0.665,-0.778,-0.624) seen=(1,1,1)
[2026-07-21 01:49:11.214] [autoaim] [debug] [Outpost][OBS_INPUT] seq=4531 candidates=1 confidence=0.999 image=(789.8,484.5) image_dist=60.1 camera=(0.057,-0.067,2.644) gimbal=(2.809,-0.018,-0.605) world=(2.809,-0.018,-0.605) gimbal_ypr=(20.0,13.1,11.5)deg world_ypr=(20.0,13.1,11.5)deg
[2026-07-21 01:49:11.215] [autoaim] [debug] [Outpost][SELECT_PHASE] current_angle=0.045 target_v_yaw=-2.513 normalized_omega=-2.513 prediction_dt=0.226 future_angle=-0.523 current_plate=2 selected_plate=2 candidate_phase=-2.617 candidate_z=-0.624
[2026-07-21 01:49:11.246] [autoaim] [debug] [Outpost][OBS_ASSOC] seq=4331 state=2 dt=0.0028s world=(2.794,0.006,-0.598) yaw=166.3deg rho=0.245 radial_res=-0.030 raw_ang=-124.2deg pred=(-7.0,113.0,-127.0)deg err=(-117.1,+122.9,+2.9)deg chosen=2 changed=0 corrected=-124.2deg residual=+0.0deg z=(-0.665,-0.778,-0.624) seen=(1,1,1)
[2026-07-21 01:49:11.276] [autoaim] [debug] [Outpost][OBS_INPUT] seq=4541 candidates=1 confidence=0.992 image=(759.7,481.1) image_dist=50.1 camera=(0.013,-0.070,2.605) gimbal=(2.772,0.025,-0.591) world=(2.772,0.025,-0.591) gimbal_ypr=(7.8,20.7,6.4)deg world_ypr=(7.8,20.7,6.4)deg
[2026-07-21 01:49:11.314] [autoaim] [debug] [Outpost][OBS_ASSOC] seq=4341 state=2 dt=0.0034s world=(2.713,0.052,-0.574) yaw=174.5deg rho=0.269 radial_res=-0.006 raw_ang=-144.4deg pred=(-23.9,96.1,-143.9)deg err=(-120.5,+119.5,-0.5)deg chosen=2 changed=0 corrected=-144.4deg residual=+0.0deg z=(-0.665,-0.778,-0.624) seen=(1,1,1)
[2026-07-21 01:49:11.352] [autoaim] [debug] [Outpost][OBS_INPUT] seq=4551 candidates=1 confidence=0.996 image=(723.9,478.8) image_dist=58.4 camera=(-0.038,-0.071,2.504) gimbal=(2.674,0.075,-0.563) world=(2.674,0.075,-0.563) gimbal_ypr=(175.3,-175.5,-179.3)deg world_ypr=(175.3,-175.5,-179.3)deg
[2026-07-21 01:49:11.353] [autoaim] [debug] [Outpost][SELECT_PHASE] current_angle=-0.553 target_v_yaw=-2.513 normalized_omega=-2.513 prediction_dt=0.257 future_angle=-1.198 current_plate=2 selected_plate=2 candidate_phase=-3.293 candidate_z=-0.624
[2026-07-21 01:49:11.383] [autoaim] [debug] [Outpost][OBS_ASSOC] seq=4351 state=2 dt=0.0056s world=(2.670,0.096,-0.561) yaw=7.1deg rho=0.285 radial_res=+0.010 raw_ang=-156.6deg pred=(-36.9,83.1,-156.9)deg err=(-119.7,+120.3,+0.3)deg chosen=2 changed=0 corrected=-156.6deg residual=+0.0deg z=(-0.665,-0.778,-0.624) seen=(1,1,1)
[2026-07-21 01:49:11.415] [autoaim] [debug] [Outpost][OBS_INPUT] seq=4561 candidates=1 confidence=0.999 image=(689.3,478.0) image_dist=81.0 camera=(-0.085,-0.072,2.506) gimbal=(2.675,0.122,-0.562) world=(2.675,0.122,-0.562) gimbal_ypr=(1.2,26.8,-0.2)deg world_ypr=(1.2,26.8,-0.2)deg
[2026-07-21 01:49:11.451] [autoaim] [debug] [Outpost][OBS_ASSOC] seq=4361 state=2 dt=0.0039s world=(2.671,0.147,-0.561) yaw=175.9deg rho=0.268 radial_res=-0.007 raw_ang=-166.6deg pred=(-45.9,74.1,-165.9)deg err=(-120.6,+119.4,-0.6)deg chosen=2 changed=0 corrected=-166.6deg residual=+0.0deg z=(-0.665,-0.778,-0.624) seen=(1,1,1)
[2026-07-21 01:49:11.483] [autoaim] [debug] [Outpost][OBS_INPUT] seq=4571 candidates=1 confidence=0.995 image=(657.2,478.5) image_dist=107.3 camera=(-0.132,-0.073,2.554) gimbal=(2.721,0.169,-0.574) world=(2.721,0.169,-0.574) gimbal_ypr=(177.8,155.6,176.8)deg world_ypr=(177.8,155.6,176.8)deg
[2026-07-21 01:49:11.485] [autoaim] [debug] [Outpost][SELECT_PHASE] current_angle=-0.873 target_v_yaw=-2.513 normalized_omega=-2.513 prediction_dt=0.248 future_angle=-1.497 current_plate=2 selected_plate=2 candidate_phase=-3.592 candidate_z=-0.624
[2026-07-21 01:49:11.500] [autoaim] [debug] [Outpost][OBS_ASSOC] seq=4371 state=2 dt=0.0047s world=(2.745,0.184,-0.581) yaw=9.8deg rho=0.188 radial_res=-0.087 raw_ang=-172.5deg pred=(-52.4,67.6,-172.4)deg err=(-120.1,+119.9,-0.1)deg chosen=2 changed=0 corrected=-172.5deg residual=+0.0deg z=(-0.665,-0.778,-0.624) seen=(1,1,1)
[2026-07-21 01:49:11.594] [autoaim] [debug] [Outpost][SELECT_PHASE] current_angle=-1.154 target_v_yaw=-2.513 normalized_omega=-2.513 prediction_dt=0.243 future_angle=-1.764 current_plate=2 selected_plate=2 candidate_phase=-3.859 candidate_z=-0.624
[2026-07-21 01:49:11.696] [autoaim] [debug] [Outpost][SELECT_PHASE] current_angle=-1.409 target_v_yaw=-2.513 normalized_omega=-2.513 prediction_dt=0.237 future_angle=-2.006 current_plate=2 selected_plate=2 candidate_phase=-4.100 candidate_z=-0.624
[2026-07-21 01:49:11.748] [autoaim] [debug] [Outpost][SELECT] mode=ROTATING selected=2 observed=2 changed=false fresh=false unseen=0.245s phase=0.0deg model_ok=false fire=false diff=-66.3deg cmd=(9.40,-7.13)
[2026-07-21 01:49:11.768] [autoaim] [debug] [Outpost][IMU] raw_deg=(0.00,0.00,0.00) solver_rad=(0.0000,-0.0000,0.0000)
[2026-07-21 01:49:11.809] [autoaim] [debug] [Outpost][SELECT_PHASE] current_angle=-1.692 target_v_yaw=-2.513 normalized_omega=-2.513 prediction_dt=0.232 future_angle=-2.275 current_plate=2 selected_plate=2 candidate_phase=-4.369 candidate_z=-0.624
[2026-07-21 01:49:11.821] [autoaim] [debug] [Outpost][SWITCH_COMMIT] t=30696.743 from=2 phase_best=0 height_plate=1 tracked_err=+107.8deg new_phase_err=-12.2deg jump=62.2deg z=-0.739 z_err=0.039 margin=0.035 z_confident=1
[2026-07-21 01:49:11.822] [autoaim] [debug] [Outpost][OBS_ASSOC] seq=4373 state=2 dt=0.3171s world=(2.801,-0.134,-0.739) yaw=55.2deg rho=0.367 radial_res=+0.092 raw_ang=-110.8deg pred=(-98.7,21.3,141.3)deg err=(-12.2,-132.2,+107.8)deg chosen=0 changed=1 corrected=-110.8deg residual=+0.0deg z=(-0.665,-0.778,-0.624) seen=(1,1,1)
[2026-07-21 01:49:11.840] [autoaim] [debug] [Outpost][SELECT] mode=ROTATING selected=0 observed=0 changed=true fresh=true unseen=0.000s phase=0.0deg model_ok=true fire=false diff=30.0deg cmd=(1.19,-9.03)
[2026-07-21 01:49:11.844] [autoaim] [debug] [Outpost][OBS_INPUT] seq=4581 candidates=1 confidence=0.933 image=(862.4,572.6) image_dist=119.1 camera=(0.165,0.062,2.677) gimbal=(2.807,-0.126,-0.737) world=(2.807,-0.126,-0.737) gimbal_ypr=(51.6,2.1,24.1)deg world_ypr=(51.6,2.1,24.1)deg
[2026-07-21 01:49:11.875] [autoaim] [debug] [Outpost][OBS_ASSOC] seq=4381 state=2 dt=0.0054s world=(2.774,-0.114,-0.723) yaw=48.4deg rho=0.359 radial_res=+0.084 raw_ang=-116.0deg pred=(-120.6,-0.6,119.4)deg err=(+4.5,-115.5,+124.5)deg chosen=0 changed=0 corrected=-116.0deg residual=+0.0deg z=(-0.665,-0.778,-0.624) seen=(1,1,1)
[2026-07-21 01:49:11.892] [autoaim] [debug] [Outpost][OBS_INPUT] seq=4591 candidates=1 confidence=1.000 image=(849.3,568.7) image_dist=105.4 camera=(0.142,0.055,2.614) gimbal=(2.749,-0.104,-0.714) world=(2.749,-0.104,-0.714) gimbal_ypr=(46.2,5.4,21.9)deg world_ypr=(46.2,5.4,21.9)deg
[2026-07-21 01:49:11.917] [autoaim] [debug] [Outpost][SELECT_PHASE] current_angle=-2.013 target_v_yaw=-2.513 normalized_omega=-2.513 prediction_dt=0.227 future_angle=-2.584 current_plate=0 selected_plate=0 candidate_phase=-2.584 candidate_z=-0.665
[2026-07-21 01:49:11.920] [autoaim] [debug] [Outpost][OBS_ASSOC] seq=4391 state=2 dt=0.0031s world=(2.752,-0.092,-0.711) yaw=42.0deg rho=0.351 radial_res=+0.076 raw_ang=-120.8deg pred=(-115.8,4.2,124.2)deg err=(-5.1,-125.1,+114.9)deg chosen=0 changed=0 corrected=-120.8deg residual=+0.0deg z=(-0.665,-0.778,-0.624) seen=(1,1,1)
[2026-07-21 01:49:11.949] [autoaim] [debug] [Outpost][OBS_INPUT] seq=4601 candidates=1 confidence=0.998 image=(831.1,564.3) image_dist=86.9 camera=(0.115,0.049,2.596) gimbal=(2.733,-0.078,-0.703) world=(2.733,-0.078,-0.703) gimbal_ypr=(38.1,6.2,19.0)deg world_ypr=(38.1,6.2,19.0)deg
[2026-07-21 01:49:11.977] [autoaim] [debug] [Outpost][GEOM_OK] state=2 rho=0.326 res=+0.051 yaw_radial=157.1deg model_center=(2.932,0.209) center_minus=(2.529,-0.221) center_plus=(2.983,0.090)
[2026-07-21 01:49:11.978] [autoaim] [debug] [Outpost][OBS_ASSOC] seq=4401 state=2 dt=0.0044s world=(2.705,-0.062,-0.691) yaw=35.1deg rho=0.354 radial_res=+0.079 raw_ang=-130.0deg pred=(-123.3,-3.3,116.7)deg err=(-6.7,-126.7,+113.3)deg chosen=0 changed=0 corrected=-130.0deg residual=+0.0deg z=(-0.665,-0.778,-0.624) seen=(1,1,1)
[2026-07-21 01:49:11.997] [autoaim] [debug] [Outpost][OBS_INPUT] seq=4611 candidates=1 confidence=1.000 image=(812.7,561.0) image_dist=68.8 camera=(0.088,0.043,2.578) gimbal=(2.717,-0.051,-0.693) world=(2.717,-0.051,-0.693) gimbal_ypr=(31.0,6.5,16.1)deg world_ypr=(31.0,6.5,16.1)deg
[2026-07-21 01:49:12.025] [autoaim] [debug] [Outpost][SELECT_PHASE] current_angle=-2.323 target_v_yaw=-2.513 normalized_omega=-2.513 prediction_dt=0.225 future_angle=-2.889 current_plate=0 selected_plate=0 candidate_phase=-2.889 candidate_z=-0.665
[2026-07-21 01:49:12.029] [autoaim] [debug] [Outpost][OBS_ASSOC] seq=4411 state=2 dt=0.0040s world=(2.708,-0.032,-0.688) yaw=27.7deg rho=0.329 radial_res=+0.054 raw_ang=-133.0deg pred=(-133.7,-13.7,106.3)deg err=(+0.7,-119.3,+120.7)deg chosen=0 changed=0 corrected=-133.0deg residual=+0.0deg z=(-0.665,-0.778,-0.624) seen=(1,1,1)
[2026-07-21 01:49:12.057] [autoaim] [debug] [Outpost][OBS_INPUT] seq=4621 candidates=1 confidence=0.999 image=(786.7,557.7) image_dist=44.9 camera=(0.051,0.038,2.552) gimbal=(2.692,-0.014,-0.680) world=(2.692,-0.014,-0.680) gimbal_ypr=(22.4,9.0,12.2)deg world_ypr=(22.4,9.0,12.2)deg
[2026-07-21 01:49:12.086] [autoaim] [debug] [Outpost][OBS_ASSOC] seq=4421 state=2 dt=0.0053s world=(2.685,0.004,-0.677) yaw=19.8deg rho=0.320 radial_res=+0.045 raw_ang=-140.3deg pred=(-138.8,-18.8,101.2)deg err=(-1.5,-121.5,+118.5)deg chosen=0 changed=0 corrected=-140.3deg residual=+0.0deg z=(-0.665,-0.778,-0.624) seen=(1,1,1)
[2026-07-21 01:49:12.105] [autoaim] [debug] [Outpost][OBS_INPUT] seq=4631 candidates=1 confidence=0.999 image=(764.4,555.4) image_dist=28.3 camera=(0.019,0.035,2.574) gimbal=(2.713,0.018,-0.684) world=(2.713,0.018,-0.684) gimbal_ypr=(13.9,17.6,8.5)deg world_ypr=(13.9,17.6,8.5)deg
[2026-07-21 01:49:12.135] [autoaim] [debug] [Outpost][SELECT_PHASE] current_angle=-2.591 target_v_yaw=-2.513 normalized_omega=-2.513 prediction_dt=0.260 future_angle=-3.245 current_plate=0 selected_plate=0 candidate_phase=-3.245 candidate_z=-0.665
[2026-07-21 01:49:12.137] [autoaim] [debug] [Outpost][OBS_ASSOC] seq=4431 state=2 dt=0.0027s world=(2.693,0.039,-0.676) yaw=7.4deg rho=0.293 radial_res=+0.018 raw_ang=-144.6deg pred=(-148.8,-28.8,91.2)deg err=(+4.2,-115.8,+124.2)deg chosen=0 changed=0 corrected=-144.6deg residual=+0.0deg z=(-0.665,-0.778,-0.624) seen=(1,1,1)
[2026-07-21 01:49:12.170] [autoaim] [debug] [Outpost][OBS_INPUT] seq=4641 candidates=1 confidence=1.000 image=(733.3,553.3) image_dist=28.9 camera=(-0.024,0.032,2.491) gimbal=(2.634,0.060,-0.658) world=(2.634,0.060,-0.658) gimbal_ypr=(8.4,7.5,5.2)deg world_ypr=(8.4,7.5,5.2)deg
[2026-07-21 01:49:12.198] [autoaim] [debug] [Outpost][OBS_ASSOC] seq=4441 state=2 dt=0.0028s world=(2.609,0.079,-0.650) yaw=171.5deg rho=0.348 radial_res=+0.073 raw_ang=-158.0deg pred=(-158.0,-38.0,82.0)deg err=(-0.0,-120.0,+120.0)deg chosen=0 changed=0 corrected=-158.0deg residual=+0.0deg z=(-0.665,-0.778,-0.624) seen=(1,1,1)
[2026-07-21 01:49:12.228] [autoaim] [debug] [Outpost][OBS_INPUT] seq=4651 candidates=1 confidence=0.998 image=(705.1,552.5) image_dist=51.0 camera=(-0.063,0.030,2.481) gimbal=(2.624,0.098,-0.653) world=(2.624,0.098,-0.653) gimbal_ypr=(9.2,31.1,3.9)deg world_ypr=(9.2,31.1,3.9)deg
[2026-07-21 01:49:12.242] [autoaim] [debug] [Outpost][SELECT_PHASE] current_angle=-2.830 target_v_yaw=-2.513 normalized_omega=-2.513 prediction_dt=0.255 future_angle=-3.471 current_plate=0 selected_plate=0 candidate_phase=-3.471 candidate_z=-0.665
[2026-07-21 01:49:12.247] [autoaim] [debug] [Outpost][OBS_ASSOC] seq=4451 state=2 dt=0.0056s world=(2.631,0.113,-0.655) yaw=179.0deg rho=0.316 radial_res=+0.041 raw_ang=-162.2deg pred=(-163.0,-43.0,77.0)deg err=(+0.7,-119.3,+120.7)deg chosen=0 changed=0 corrected=-162.2deg residual=+0.0deg z=(-0.665,-0.778,-0.624) seen=(1,1,1)
[2026-07-21 01:49:12.274] [autoaim] [debug] [Outpost][OBS_INPUT] seq=4661 candidates=1 confidence=0.999 image=(680.7,552.2) image_dist=73.6 camera=(-0.096,0.029,2.481) gimbal=(2.624,0.132,-0.653) world=(2.624,0.132,-0.653) gimbal_ypr=(3.1,5.1,0.6)deg world_ypr=(3.1,5.1,0.6)deg
[2026-07-21 01:49:12.311] [autoaim] [debug] [Outpost][OBS_ASSOC] seq=4461 state=2 dt=0.0041s world=(2.655,0.159,-0.663) yaw=4.5deg rho=0.281 radial_res=+0.006 raw_ang=-169.8deg pred=(-170.1,-50.1,69.9)deg err=(+0.3,-119.7,+120.3)deg chosen=0 changed=0 corrected=-169.8deg residual=+0.0deg z=(-0.665,-0.778,-0.624) seen=(1,1,1)
[2026-07-21 01:49:12.315] [autoaim] [debug] [Outpost][SELECT] mode=ROTATING selected=0 observed=0 changed=false fresh=true unseen=0.000s phase=0.0deg model_ok=true fire=false diff=-30.5deg cmd=(7.19,-9.10)
[2026-07-21 01:49:12.345] [autoaim] [debug] [Outpost][OBS_INPUT] seq=4671 candidates=1 confidence=0.998 image=(645.9,553.2) image_dist=107.6 camera=(-0.148,0.032,2.562) gimbal=(2.700,0.185,-0.677) world=(2.700,0.185,-0.677) gimbal_ypr=(6.5,6.8,-0.3)deg world_ypr=(6.5,6.8,-0.3)deg
[2026-07-21 01:49:12.376] [autoaim] [debug] [Outpost][SELECT_PHASE] current_angle=-3.122 target_v_yaw=-2.513 normalized_omega=-2.513 prediction_dt=0.248 future_angle=-3.746 current_plate=0 selected_plate=0 candidate_phase=-3.746 candidate_z=-0.665
[2026-07-21 01:49:12.516] [autoaim] [debug] [Outpost][SELECT_PHASE] current_angle=2.805 target_v_yaw=-2.513 normalized_omega=-2.513 prediction_dt=0.240 future_angle=2.201 current_plate=0 selected_plate=0 candidate_phase=2.201 candidate_z=-0.665
[2026-07-21 01:49:12.628] [autoaim] [debug] [Outpost][SELECT_PHASE] current_angle=2.524 target_v_yaw=-2.513 normalized_omega=-2.513 prediction_dt=0.235 future_angle=1.933 current_plate=0 selected_plate=0 candidate_phase=1.933 candidate_z=-0.665
[2026-07-21 01:49:12.722] [autoaim] [debug] [Outpost][SELECT] mode=ROTATING selected=1 observed=0 changed=true fresh=false unseen=0.370s phase=0.0deg model_ok=false fire=false diff=33.9deg cmd=(0.86,-11.26)
[2026-07-21 01:49:12.739] [autoaim] [debug] [Outpost][SWITCH_COMMIT] t=30697.662 from=0 phase_best=1 height_plate=1 tracked_err=+123.4deg new_phase_err=+3.4deg jump=67.3deg z=-0.872 z_err=0.094 margin=0.113 z_confident=0
[2026-07-21 01:49:12.739] [autoaim] [debug] [Outpost][OBS_ASSOC] seq=4469 state=2 dt=0.3896s world=(2.826,-0.115,-0.872) yaw=44.1deg rho=0.341 radial_res=+0.066 raw_ang=-108.1deg pred=(128.5,-111.5,8.5)deg err=(+123.4,+3.4,-116.6)deg chosen=1 changed=1 corrected=-108.1deg residual=+0.0deg z=(-0.665,-0.778,-0.624) seen=(1,1,1)
[2026-07-21 01:49:12.740] [autoaim] [debug] [Outpost][SELECT_PHASE] current_angle=2.302 target_v_yaw=-2.513 normalized_omega=-2.513 prediction_dt=0.231 future_angle=1.720 current_plate=1 selected_plate=1 candidate_phase=3.814 candidate_z=-0.778
[2026-07-21 01:49:12.760] [autoaim] [debug] [Outpost][OBS_ASSOC] seq=4471 state=2 dt=0.0120s world=(2.820,-0.107,-0.868) yaw=41.4deg rho=0.335 radial_res=+0.060 raw_ang=-109.5deg pred=(131.4,-108.6,11.4)deg err=(+119.0,-1.0,-121.0)deg chosen=1 changed=0 corrected=-109.5deg residual=+0.0deg z=(-0.665,-0.778,-0.624) seen=(1,1,1)
[2026-07-21 01:49:12.776] [autoaim] [debug] [Outpost][OBS_INPUT] seq=4681 candidates=1 confidence=0.992 image=(840.5,652.4) image_dist=151.2 camera=(0.135,0.183,2.732) gimbal=(2.827,-0.097,-0.869) world=(2.827,-0.097,-0.869) gimbal_ypr=(37.4,8.0,20.1)deg world_ypr=(37.4,8.0,20.1)deg
[2026-07-21 01:49:12.808] [autoaim] [debug] [Outpost][OBS_ASSOC] seq=4481 state=2 dt=0.0039s world=(2.764,-0.076,-0.844) yaw=34.1deg rho=0.331 radial_res=+0.056 raw_ang=-120.4deg pred=(117.7,-122.3,-2.3)deg err=(+121.9,+1.9,-118.1)deg chosen=1 changed=0 corrected=-120.4deg residual=+0.0deg z=(-0.665,-0.778,-0.624) seen=(1,1,1)
[2026-07-21 01:49:12.836] [autoaim] [debug] [Outpost][OBS_INPUT] seq=4691 candidates=1 confidence=1.000 image=(817.0,648.5) image_dist=135.2 camera=(0.096,0.171,2.632) gimbal=(2.734,-0.059,-0.830) world=(2.734,-0.059,-0.830) gimbal_ypr=(29.2,8.0,16.0)deg world_ypr=(29.2,8.0,16.0)deg
[2026-07-21 01:49:12.848] [autoaim] [debug] [Outpost][SELECT_PHASE] current_angle=1.910 target_v_yaw=-2.513 normalized_omega=-2.513 prediction_dt=0.228 future_angle=1.337 current_plate=1 selected_plate=1 candidate_phase=3.431 candidate_z=-0.778
[2026-07-21 01:49:12.870] [autoaim] [debug] [Outpost][OBS_ASSOC] seq=4491 state=2 dt=0.0161s world=(2.734,-0.039,-0.828) yaw=23.7deg rho=0.317 radial_res=+0.042 raw_ang=-128.7deg pred=(112.8,-127.2,-7.2)deg err=(+118.5,-1.5,-121.5)deg chosen=1 changed=0 corrected=-128.7deg residual=+0.0deg z=(-0.665,-0.778,-0.624) seen=(1,1,1)
[2026-07-21 01:49:12.888] [autoaim] [debug] [Outpost][OBS_INPUT] seq=4701 candidates=1 confidence=0.999 image=(794.0,646.1) image_dist=123.4 camera=(0.062,0.165,2.597) gimbal=(2.701,-0.025,-0.815) world=(2.701,-0.025,-0.815) gimbal_ypr=(21.1,8.8,12.5)deg world_ypr=(21.1,8.8,12.5)deg
[2026-07-21 01:49:12.912] [autoaim] [debug] [Outpost][GEOM_OK] state=2 rho=0.334 res=+0.059 yaw_radial=157.6deg model_center=(2.932,0.209) center_minus=(2.418,-0.096) center_plus=(2.940,0.078)
[2026-07-21 01:49:12.916] [autoaim] [debug] [Outpost][OBS_ASSOC] seq=4501 state=2 dt=0.0040s world=(2.671,-0.007,-0.803) yaw=17.9deg rho=0.339 radial_res=+0.064 raw_ang=-140.5deg pred=(100.3,-139.7,-19.7)deg err=(+119.3,-0.7,-120.7)deg chosen=1 changed=0 corrected=-140.5deg residual=+0.0deg z=(-0.665,-0.778,-0.624) seen=(1,1,1)
[2026-07-21 01:49:12.919] [autoaim] [debug] [Outpost][IMU] raw_deg=(0.00,0.00,0.00) solver_rad=(0.0000,-0.0000,0.0000)
[2026-07-21 01:49:12.920] [autoaim] [debug] [Outpost][SELECT] mode=ROTATING selected=1 observed=1 changed=false fresh=true unseen=0.000s phase=0.0deg model_ok=true fire=false diff=8.1deg cmd=(3.35,-11.65)
[2026-07-21 01:49:12.949] [autoaim] [debug] [Outpost][OBS_INPUT] seq=4711 candidates=1 confidence=1.000 image=(765.8,643.5) image_dist=114.0 camera=(0.021,0.160,2.569) gimbal=(2.675,0.015,-0.802) world=(2.675,0.015,-0.802) gimbal_ypr=(9.6,13.8,7.2)deg world_ypr=(9.6,13.8,7.2)deg
[2026-07-21 01:49:12.961] [autoaim] [debug] [Outpost][SELECT_PHASE] current_angle=1.680 target_v_yaw=-2.513 normalized_omega=-2.513 prediction_dt=0.259 future_angle=1.030 current_plate=1 selected_plate=1 candidate_phase=3.124 candidate_z=-0.778
[2026-07-21 01:49:12.981] [autoaim] [debug] [Outpost][OBS_ASSOC] seq=4511 state=2 dt=0.0081s world=(2.641,0.034,-0.789) yaw=8.6deg rho=0.339 radial_res=+0.064 raw_ang=-149.0deg pred=(91.5,-148.5,-28.5)deg err=(+119.5,-0.5,-120.5)deg chosen=1 changed=0 corrected=-149.0deg residual=+0.0deg z=(-0.665,-0.778,-0.624) seen=(1,1,1)
[2026-07-21 01:49:13.017] [autoaim] [debug] [Outpost][OBS_INPUT] seq=4721 candidates=1 confidence=0.995 image=(734.0,641.9) image_dist=112.7 camera=(-0.023,0.151,2.479) gimbal=(2.590,0.058,-0.770) world=(2.590,0.058,-0.770) gimbal_ypr=(7.6,33.7,5.0)deg world_ypr=(7.6,33.7,5.0)deg
[2026-07-21 01:49:13.049] [autoaim] [debug] [Outpost][OBS_ASSOC] seq=4521 state=2 dt=0.0153s world=(2.572,0.080,-0.763) yaw=6.9deg rho=0.382 radial_res=+0.107 raw_ang=-160.3deg pred=(78.5,-161.5,-41.5)deg err=(+121.2,+1.2,-118.8)deg chosen=1 changed=0 corrected=-160.3deg residual=+0.0deg z=(-0.665,-0.778,-0.624) seen=(1,1,1)
[2026-07-21 01:49:13.079] [autoaim] [debug] [Outpost][OBS_INPUT] seq=4731 candidates=1 confidence=1.000 image=(700.4,640.6) image_dist=121.3 camera=(-0.068,0.149,2.449) gimbal=(2.561,0.103,-0.759) world=(2.561,0.103,-0.759) gimbal_ypr=(7.2,38.9,3.4)deg world_ypr=(7.2,38.9,3.4)deg
[2026-07-21 01:49:13.090] [autoaim] [debug] [Outpost][SELECT_PHASE] current_angle=1.304 target_v_yaw=-2.513 normalized_omega=-2.513 prediction_dt=0.248 future_angle=0.680 current_plate=1 selected_plate=1 candidate_phase=2.774 candidate_z=-0.778
[2026-07-21 01:49:13.097] [autoaim] [debug] [Outpost][OBS_ASSOC] seq=4531 state=2 dt=0.0040s world=(2.565,0.117,-0.760) yaw=5.5deg rho=0.378 radial_res=+0.103 raw_ang=-166.0deg pred=(73.7,-166.3,-46.3)deg err=(+120.2,+0.2,-119.8)deg chosen=1 changed=0 corrected=-166.0deg residual=+0.0deg z=(-0.665,-0.778,-0.624) seen=(1,1,1)
[2026-07-21 01:49:13.133] [autoaim] [debug] [Outpost][OBS_INPUT] seq=4741 candidates=1 confidence=0.995 image=(670.1,640.6) image_dist=136.8 camera=(-0.110,0.150,2.479) gimbal=(2.589,0.145,-0.769) world=(2.589,0.145,-0.769) gimbal_ypr=(4.2,4.2,0.8)deg world_ypr=(4.2,4.2,0.8)deg
[2026-07-21 01:49:13.161] [autoaim] [debug] [Outpost][OBS_ASSOC] seq=4541 state=2 dt=0.0039s world=(2.609,0.168,-0.775) yaw=7.8deg rho=0.326 radial_res=+0.051 raw_ang=-172.8deg pred=(67.1,-172.9,-52.9)deg err=(+120.2,+0.2,-119.8)deg chosen=1 changed=0 corrected=-172.8deg residual=+0.0deg z=(-0.665,-0.778,-0.624) seen=(1,1,1)
[2026-07-21 01:49:13.193] [autoaim] [debug] [Outpost][OBS_INPUT] seq=4751 candidates=1 confidence=0.969 image=(638.3,642.0) image_dist=158.6 camera=(-0.159,0.157,2.558) gimbal=(2.663,0.195,-0.796) world=(2.663,0.195,-0.796) gimbal_ypr=(177.0,138.9,176.0)deg world_ypr=(177.0,138.9,176.0)deg
[2026-07-21 01:49:13.205] [autoaim] [debug] [Outpost][SELECT_PHASE] current_angle=1.068 target_v_yaw=-2.513 normalized_omega=-2.513 prediction_dt=0.245 future_angle=0.452 current_plate=1 selected_plate=1 candidate_phase=2.547 candidate_z=-0.778
[2026-07-21 01:49:13.330] [autoaim] [debug] [Outpost][SELECT_PHASE] current_angle=0.756 target_v_yaw=-2.513 normalized_omega=-2.513 prediction_dt=0.238 future_angle=0.158 current_plate=1 selected_plate=1 candidate_phase=2.253 candidate_z=-0.778
[2026-07-21 01:49:13.440] [autoaim] [debug] [Outpost][SELECT_PHASE] current_angle=0.477 target_v_yaw=-2.513 normalized_omega=-2.513 prediction_dt=0.232 future_angle=-0.107 current_plate=1 selected_plate=1 candidate_phase=1.988 candidate_z=-0.778
[2026-07-21 01:49:13.494] [autoaim] [debug] [Outpost][SELECT] mode=ROTATING selected=1 observed=1 changed=false fresh=false unseen=0.301s phase=0.0deg model_ok=false fire=false diff=-77.7deg cmd=(9.68,-9.97)
[2026-07-21 01:49:13.530] [autoaim] [debug] [Outpost][SELECT_PHASE] current_angle=0.251 target_v_yaw=-2.513 normalized_omega=-2.513 prediction_dt=0.229 future_angle=-0.323 current_plate=1 selected_plate=1 candidate_phase=1.771 candidate_z=-0.778
[2026-07-21 01:49:13.545] [autoaim] [debug] [Outpost][SELECT] mode=ROTATING selected=2 observed=1 changed=true fresh=false unseen=0.350s phase=0.0deg model_ok=false fire=false diff=35.6deg cmd=(0.72,-7.86)
[2026-07-21 01:49:13.555] [autoaim] [debug] [Outpost][SWITCH_COMMIT] t=30698.477 from=1 phase_best=2 height_plate=0 tracked_err=+152.3deg new_phase_err=+32.3deg jump=100.2deg z=-0.677 z_err=0.012 margin=0.041 z_confident=1
[2026-07-21 01:49:13.555] [autoaim] [debug] [Outpost][OBS_ASSOC] seq=4547 state=2 dt=0.3616s world=(3.009,-0.120,-0.677) yaw=44.6deg rho=0.338 radial_res=+0.063 raw_ang=-76.8deg pred=(10.9,130.9,-109.1)deg err=(-87.7,+152.3,+32.3)deg chosen=2 changed=1 corrected=-76.8deg residual=+0.0deg z=(-0.665,-0.778,-0.624) seen=(1,1,1)
[2026-07-21 01:49:13.582] [autoaim] [debug] [Outpost][OBS_ASSOC] seq=4551 state=2 dt=0.0120s world=(2.965,-0.107,-0.662) yaw=42.4deg rho=0.318 radial_res=+0.043 raw_ang=-84.1deg pred=(47.7,167.7,-72.3)deg err=(-131.8,+108.2,-11.8)deg chosen=2 changed=0 corrected=-84.1deg residual=+0.0deg z=(-0.665,-0.778,-0.624) seen=(1,1,1)
[2026-07-21 01:49:13.583] [autoaim] [debug] [Outpost][IDENTITY_LOCK] t=30698.505 tracked=2 phase_best=2 height_candidate=0 tracked_err=+0.5deg new_phase_err=+0.5deg jump=0.0deg z=-0.661 z_err=0.004 margin=0.033
[2026-07-21 01:49:13.599] [autoaim] [debug] [Outpost][OBS_INPUT] seq=4761 candidates=1 confidence=0.989 image=(840.0,494.0) image_dist=96.1 camera=(0.134,-0.054,2.726) gimbal=(2.886,-0.095,-0.639) world=(2.886,-0.095,-0.639) gimbal_ypr=(40.0,7.5,19.6)deg world_ypr=(40.0,7.5,19.6)deg
[2026-07-21 01:49:13.638] [autoaim] [debug] [Outpost][OBS_ASSOC] seq=4561 state=2 dt=0.0058s world=(2.873,-0.075,-0.632) yaw=35.0deg rho=0.290 radial_res=+0.015 raw_ang=-101.7deg pred=(11.9,131.9,-108.1)deg err=(-113.6,+126.4,+6.4)deg chosen=2 changed=0 corrected=-101.7deg residual=+0.0deg z=(-0.665,-0.778,-0.624) seen=(1,1,1)
[2026-07-21 01:49:13.657] [autoaim] [debug] [Outpost][SELECT_PHASE] current_angle=0.192 target_v_yaw=-2.513 normalized_omega=-2.513 prediction_dt=0.228 future_angle=-0.381 current_plate=2 selected_plate=2 candidate_phase=-2.475 candidate_z=-0.624
[2026-07-21 01:49:13.667] [autoaim] [debug] [Outpost][OBS_INPUT] seq=4771 candidates=1 confidence=0.997 image=(815.0,488.7) image_dist=76.3 camera=(0.095,-0.061,2.686) gimbal=(2.848,-0.056,-0.621) world=(2.848,-0.056,-0.621) gimbal_ypr=(30.2,12.4,15.7)deg world_ypr=(30.2,12.4,15.7)deg
[2026-07-21 01:49:13.695] [autoaim] [debug] [Outpost][OBS_ASSOC] seq=4571 state=2 dt=0.0041s world=(2.817,-0.039,-0.610) yaw=26.0deg rho=0.273 radial_res=-0.002 raw_ang=-115.0deg pred=(10.9,130.9,-109.1)deg err=(-125.9,+114.1,-5.9)deg chosen=2 changed=0 corrected=-115.0deg residual=+0.0deg z=(-0.665,-0.778,-0.624) seen=(1,1,1)
[2026-07-21 01:49:13.731] [autoaim] [debug] [Outpost][OBS_INPUT] seq=4781 candidates=1 confidence=0.999 image=(790.0,484.4) image_dist=60.3 camera=(0.056,-0.066,2.617) gimbal=(2.783,-0.018,-0.598) world=(2.783,-0.018,-0.598) gimbal_ypr=(21.4,10.5,11.6)deg world_ypr=(21.4,10.5,11.6)deg
[2026-07-21 01:49:13.747] [autoaim] [debug] [Outpost][OBS_ASSOC] seq=4581 state=2 dt=0.0040s world=(2.789,-0.006,-0.598) yaw=18.2deg rho=0.257 radial_res=-0.018 raw_ang=-123.6deg pred=(-4.3,115.7,-124.3)deg err=(-119.3,+120.7,+0.7)deg chosen=2 changed=0 corrected=-123.6deg residual=+0.0deg z=(-0.665,-0.778,-0.624) seen=(1,1,1)
[2026-07-21 01:49:13.774] [autoaim] [debug] [Outpost][SELECT_PHASE] current_angle=-0.098 target_v_yaw=-2.513 normalized_omega=-2.513 prediction_dt=0.225 future_angle=-0.664 current_plate=2 selected_plate=2 candidate_phase=-2.758 candidate_z=-0.624
[2026-07-21 01:49:13.783] [autoaim] [debug] [Outpost][OBS_INPUT] seq=4791 candidates=1 confidence=1.000 image=(764.4,481.5) image_dist=50.7 camera=(0.019,-0.069,2.573) gimbal=(2.741,0.019,-0.583) world=(2.741,0.019,-0.583) gimbal_ypr=(166.5,172.3,-178.6)deg world_ypr=(166.5,172.3,-178.6)deg
[2026-07-21 01:49:13.816] [autoaim] [debug] [Outpost][OBS_ASSOC] seq=4591 state=2 dt=0.0042s world=(2.737,0.040,-0.581) yaw=173.8deg rho=0.258 radial_res=-0.017 raw_ang=-139.1deg pred=(-17.0,103.0,-137.0)deg err=(-122.1,+117.9,-2.1)deg chosen=2 changed=0 corrected=-139.1deg residual=+0.0deg z=(-0.665,-0.778,-0.624) seen=(1,1,1)
[2026-07-21 01:49:13.848] [autoaim] [debug] [Outpost][OBS_INPUT] seq=4801 candidates=1 confidence=0.999 image=(733.5,479.1) image_dist=54.2 camera=(-0.024,-0.071,2.531) gimbal=(2.700,0.061,-0.570) world=(2.700,0.061,-0.570) gimbal_ypr=(2.3,-2.1,3.2)deg world_ypr=(2.3,-2.1,3.2)deg
[2026-07-21 01:49:13.880] [autoaim] [debug] [Outpost][GEOM_OK] state=2 rho=0.288 res=+0.013 yaw_radial=-31.1deg model_center=(2.932,0.209) center_minus=(2.948,0.058) center_plus=(2.400,0.102)
[2026-07-21 01:49:13.882] [autoaim] [debug] [Outpost][OBS_ASSOC] seq=4601 state=2 dt=0.0040s world=(2.673,0.083,-0.562) yaw=175.4deg rho=0.288 radial_res=+0.013 raw_ang=-154.0deg pred=(-34.0,86.0,-154.0)deg err=(-120.0,+120.0,+0.0)deg chosen=2 changed=0 corrected=-154.0deg residual=+0.0deg z=(-0.665,-0.778,-0.624) seen=(1,1,1)
[2026-07-21 01:49:13.888] [autoaim] [debug] [Outpost][SELECT_PHASE] current_angle=-0.597 target_v_yaw=-2.513 normalized_omega=-2.513 prediction_dt=0.256 future_angle=-1.240 current_plate=2 selected_plate=2 candidate_phase=-3.334 candidate_z=-0.624
[2026-07-21 01:49:13.923] [autoaim] [debug] [Outpost][OBS_INPUT] seq=4811 candidates=1 confidence=1.000 image=(697.0,478.3) image_dist=75.2 camera=(-0.074,-0.071,2.493) gimbal=(2.664,0.110,-0.559) world=(2.664,0.110,-0.559) gimbal_ypr=(3.7,33.4,1.1)deg world_ypr=(3.7,33.4,1.1)deg
[2026-07-21 01:49:13.952] [autoaim] [debug] [Outpost][OBS_ASSOC] seq=4611 state=2 dt=0.0038s world=(2.673,0.134,-0.562) yaw=179.9deg rho=0.269 radial_res=-0.006 raw_ang=-163.8deg pred=(-43.8,76.2,-163.8)deg err=(-120.1,+119.9,-0.1)deg chosen=2 changed=0 corrected=-163.8deg residual=+0.0deg z=(-0.665,-0.778,-0.624) seen=(1,1,1)
[2026-07-21 01:49:13.988] [autoaim] [debug] [Outpost][OBS_INPUT] seq=4821 candidates=1 confidence=1.000 image=(666.0,478.1) image_dist=99.8 camera=(-0.118,-0.072,2.530) gimbal=(2.699,0.155,-0.568) world=(2.699,0.155,-0.568) gimbal_ypr=(0.2,4.8,-1.7)deg world_ypr=(0.2,4.8,-1.7)deg
[2026-07-21 01:49:14.000] [autoaim] [debug] [Outpost][OBS_ASSOC] seq=4621 state=2 dt=0.0031s world=(2.728,0.171,-0.576) yaw=8.3deg rho=0.208 radial_res=-0.067 raw_ang=-169.5deg pred=(-49.3,70.7,-169.3)deg err=(-120.2,+119.8,-0.2)deg chosen=2 changed=0 corrected=-169.5deg residual=+0.0deg z=(-0.665,-0.778,-0.624) seen=(1,1,1)
[2026-07-21 01:49:14.021] [autoaim] [debug] [Outpost][SELECT_PHASE] current_angle=-0.910 target_v_yaw=-2.513 normalized_omega=-2.513 prediction_dt=0.248 future_angle=-1.534 current_plate=2 selected_plate=2 candidate_phase=-3.628 candidate_z=-0.624
[2026-07-21 01:49:14.028] [autoaim] [debug] [Outpost][OBS_INPUT] seq=4831 candidates=1 confidence=0.988 image=(642.3,479.5) image_dist=120.1 camera=(-0.157,-0.073,2.618) gimbal=(2.783,0.195,-0.591) world=(2.783,0.195,-0.591) gimbal_ypr=(177.2,148.3,175.1)deg world_ypr=(177.2,148.3,175.1)deg
[2026-07-21 01:49:14.093] [autoaim] [debug] [Outpost][IMU] raw_deg=(0.00,0.00,0.00) solver_rad=(0.0000,-0.0000,0.0000)
[2026-07-21 01:49:14.097] [autoaim] [debug] [Outpost][SELECT] mode=ROTATING selected=2 observed=2 changed=false fresh=true unseen=0.068s phase=0.0deg model_ok=true fire=false diff=-43.6deg cmd=(8.28,-7.69)
[2026-07-21 01:49:14.138] [autoaim] [debug] [Outpost][SELECT_PHASE] current_angle=-1.226 target_v_yaw=-2.513 normalized_omega=-2.513 prediction_dt=0.241 future_angle=-1.832 current_plate=2 selected_plate=2 candidate_phase=-3.926 candidate_z=-0.624
[2026-07-21 01:49:14.269] [autoaim] [debug] [Outpost][SELECT_PHASE] current_angle=-1.548 target_v_yaw=-2.513 normalized_omega=-2.513 prediction_dt=0.234 future_angle=-2.137 current_plate=2 selected_plate=2 candidate_phase=-4.231 candidate_z=-0.624
[2026-07-21 01:49:14.349] [autoaim] [debug] [Outpost][SWITCH_COMMIT] t=30699.260 from=2 phase_best=0 height_plate=1 tracked_err=+102.2deg new_phase_err=-17.8deg jump=57.7deg z=-0.726 z_err=0.052 margin=0.008 z_confident=0
[2026-07-21 01:49:14.349] [autoaim] [debug] [Outpost][OBS_ASSOC] seq=4627 state=2 dt=0.3090s world=(2.760,-0.132,-0.726) yaw=55.8deg rho=0.382 radial_res=+0.107 raw_ang=-116.8deg pred=(-99.0,21.0,141.0)deg err=(-17.8,-137.8,+102.2)deg chosen=0 changed=1 corrected=-116.8deg residual=+0.0deg z=(-0.665,-0.778,-0.624) seen=(1,1,1)
[2026-07-21 01:49:14.349] [autoaim] [debug] [Outpost][SELECT] mode=ROTATING selected=0 observed=0 changed=true fresh=true unseen=0.000s phase=0.0deg model_ok=true fire=false diff=26.3deg cmd=(1.53,-9.09)
[2026-07-21 01:49:14.384] [autoaim] [debug] [Outpost][OBS_ASSOC] seq=4631 state=2 dt=0.0281s world=(2.766,-0.117,-0.722) yaw=49.8deg rho=0.366 radial_res=+0.091 raw_ang=-117.0deg pred=(-110.4,9.6,129.6)deg err=(-6.6,-126.6,+113.4)deg chosen=0 changed=0 corrected=-117.0deg residual=+0.0deg z=(-0.665,-0.778,-0.624) seen=(1,1,1)
[2026-07-21 01:49:14.410] [autoaim] [debug] [Outpost][SELECT_PHASE] current_angle=-2.028 target_v_yaw=-2.513 normalized_omega=-2.513 prediction_dt=0.227 future_angle=-2.599 current_plate=0 selected_plate=0 candidate_phase=-2.599 candidate_z=-0.665
[2026-07-21 01:49:14.413] [autoaim] [debug] [Outpost][OBS_INPUT] seq=4841 candidates=1 confidence=0.998 image=(848.5,568.4) image_dist=104.6 camera=(0.140,0.054,2.607) gimbal=(2.742,-0.103,-0.711) world=(2.742,-0.103,-0.711) gimbal_ypr=(45.7,5.6,21.8)deg world_ypr=(45.7,5.6,21.8)deg
[2026-07-21 01:49:14.442] [autoaim] [debug] [Outpost][OBS_ASSOC] seq=4641 state=2 dt=0.0041s world=(2.745,-0.091,-0.709) yaw=42.2deg rho=0.353 radial_res=+0.078 raw_ang=-122.0deg pred=(-121.6,-1.6,118.4)deg err=(-0.4,-120.4,+119.6)deg chosen=0 changed=0 corrected=-122.0deg residual=+0.0deg z=(-0.665,-0.778,-0.624) seen=(1,1,1)
[2026-07-21 01:49:14.462] [autoaim] [debug] [Outpost][OBS_INPUT] seq=4851 candidates=1 confidence=0.998 image=(833.2,564.5) image_dist=88.9 camera=(0.118,0.048,2.589) gimbal=(2.726,-0.081,-0.701) world=(2.726,-0.081,-0.701) gimbal_ypr=(39.6,7.3,19.3)deg world_ypr=(39.6,7.3,19.3)deg
[2026-07-21 01:49:14.490] [autoaim] [debug] [Outpost][OBS_ASSOC] seq=4651 state=2 dt=0.0041s world=(2.747,-0.067,-0.705) yaw=34.5deg rho=0.332 radial_res=+0.057 raw_ang=-123.8deg pred=(-130.8,-10.8,109.2)deg err=(+7.0,-113.0,+127.0)deg chosen=0 changed=0 corrected=-123.8deg residual=+0.0deg z=(-0.665,-0.778,-0.624) seen=(1,1,1)
[2026-07-21 01:49:14.518] [autoaim] [debug] [Outpost][SELECT_PHASE] current_angle=-2.239 target_v_yaw=-2.513 normalized_omega=-2.513 prediction_dt=0.226 future_angle=-2.805 current_plate=0 selected_plate=0 candidate_phase=-2.805 candidate_z=-0.665
[2026-07-21 01:49:14.522] [autoaim] [debug] [Outpost][OBS_INPUT] seq=4861 candidates=1 confidence=0.998 image=(810.5,560.9) image_dist=66.8 camera=(0.085,0.043,2.579) gimbal=(2.717,-0.048,-0.693) world=(2.717,-0.048,-0.693) gimbal_ypr=(31.3,10.0,16.0)deg world_ypr=(31.3,10.0,16.0)deg
[2026-07-21 01:49:14.551] [autoaim] [debug] [Outpost][OBS_ASSOC] seq=4661 state=2 dt=0.0040s world=(2.716,-0.031,-0.690) yaw=26.1deg rho=0.323 radial_res=+0.048 raw_ang=-131.9deg pred=(-134.0,-14.0,106.0)deg err=(+2.1,-117.9,+122.1)deg chosen=0 changed=0 corrected=-131.9deg residual=+0.0deg z=(-0.665,-0.778,-0.624) seen=(1,1,1)
[2026-07-21 01:49:14.570] [autoaim] [debug] [Outpost][OBS_INPUT] seq=4871 candidates=1 confidence=0.963 image=(790.1,558.0) image_dist=47.8 camera=(0.055,0.039,2.538) gimbal=(2.679,-0.019,-0.677) world=(2.679,-0.019,-0.677) gimbal_ypr=(25.9,12.8,13.3)deg world_ypr=(25.9,12.8,13.3)deg
[2026-07-21 01:49:14.599] [autoaim] [debug] [Outpost][OBS_ASSOC] seq=4671 state=2 dt=0.0039s world=(2.709,-0.001,-0.684) yaw=18.9deg rho=0.306 radial_res=+0.031 raw_ang=-136.8deg pred=(-141.1,-21.1,98.9)deg err=(+4.3,-115.7,+124.3)deg chosen=0 changed=0 corrected=-136.8deg residual=+0.0deg z=(-0.665,-0.778,-0.624) seen=(1,1,1)
[2026-07-21 01:49:14.623] [autoaim] [debug] [Outpost][SELECT_PHASE] current_angle=-2.447 target_v_yaw=-2.513 normalized_omega=-2.513 prediction_dt=0.263 future_angle=-3.108 current_plate=0 selected_plate=0 candidate_phase=-3.108 candidate_z=-0.665
[2026-07-21 01:49:14.627] [autoaim] [debug] [Outpost][OBS_INPUT] seq=4881 candidates=1 confidence=1.000 image=(763.8,555.9) image_dist=28.4 camera=(0.018,0.035,2.546) gimbal=(2.687,0.019,-0.676) world=(2.687,0.019,-0.676) gimbal_ypr=(165.5,155.7,-179.5)deg world_ypr=(165.5,155.7,-179.5)deg
[2026-07-21 01:49:14.656] [autoaim] [debug] [Outpost][OBS_ASSOC] seq=4681 state=2 dt=0.0044s world=(2.687,0.038,-0.674) yaw=9.5deg rho=0.299 radial_res=+0.024 raw_ang=-145.1deg pred=(-148.3,-28.3,91.7)deg err=(+3.2,-116.8,+123.2)deg chosen=0 changed=0 corrected=-145.1deg residual=+0.0deg z=(-0.665,-0.778,-0.624) seen=(1,1,1)
[2026-07-21 01:49:14.688] [autoaim] [debug] [Outpost][OBS_INPUT] seq=4891 candidates=1 confidence=1.000 image=(735.8,553.7) image_dist=27.8 camera=(-0.021,0.032,2.524) gimbal=(2.666,0.057,-0.668) world=(2.666,0.057,-0.668) gimbal_ypr=(2.2,25.3,3.7)deg world_ypr=(2.2,25.3,3.7)deg
[2026-07-21 01:49:14.703] [autoaim] [debug] [Outpost][SELECT] mode=ROTATING selected=0 observed=0 changed=false fresh=true unseen=0.000s phase=0.0deg model_ok=true fire=false diff=-17.0deg cmd=(5.99,-9.05)
[2026-07-21 01:49:14.707] [autoaim] [debug] [Outpost][OBS_ASSOC] seq=4691 state=2 dt=0.0043s world=(2.626,0.074,-0.655) yaw=175.4deg rho=0.335 radial_res=+0.060 raw_ang=-156.2deg pred=(-156.3,-36.3,83.7)deg err=(+0.2,-119.8,+120.2)deg chosen=0 changed=0 corrected=-156.2deg residual=+0.0deg z=(-0.665,-0.778,-0.624) seen=(1,1,1)
[2026-07-21 01:49:14.735] [autoaim] [debug] [Outpost][SELECT_PHASE] current_angle=-2.765 target_v_yaw=-2.513 normalized_omega=-2.513 prediction_dt=0.256 future_angle=-3.409 current_plate=0 selected_plate=0 candidate_phase=-3.409 candidate_z=-0.665
[2026-07-21 01:49:14.736] [autoaim] [debug] [Outpost][OBS_INPUT] seq=4901 candidates=1 confidence=0.993 image=(709.1,552.5) image_dist=47.4 camera=(-0.057,0.030,2.469) gimbal=(2.613,0.093,-0.650) world=(2.613,0.093,-0.650) gimbal_ypr=(174.2,176.2,179.8)deg world_ypr=(174.2,176.2,179.8)deg
[2026-07-21 01:49:14.761] [autoaim] [debug] [Outpost][GEOM_OK] state=2 rho=0.317 res=+0.042 yaw_radial=-19.3deg model_center=(2.932,0.209) center_minus=(2.906,0.105) center_plus=(2.356,0.115)
[2026-07-21 01:49:14.763] [autoaim] [debug] [Outpost][OBS_ASSOC] seq=4701 state=2 dt=0.0025s world=(2.631,0.113,-0.655) yaw=179.0deg rho=0.316 radial_res=+0.041 raw_ang=-162.2deg pred=(-162.1,-42.1,77.9)deg err=(-0.1,-120.1,+119.9)deg chosen=0 changed=0 corrected=-162.2deg residual=+0.0deg z=(-0.665,-0.778,-0.624) seen=(1,1,1)
[2026-07-21 01:49:14.794] [autoaim] [debug] [Outpost][OBS_INPUT] seq=4911 candidates=1 confidence=1.000 image=(680.7,552.1) image_dist=73.7 camera=(-0.096,0.029,2.481) gimbal=(2.624,0.132,-0.653) world=(2.624,0.132,-0.653) gimbal_ypr=(3.1,5.1,0.6)deg world_ypr=(3.1,5.1,0.6)deg
[2026-07-21 01:49:14.811] [autoaim] [debug] [Outpost][OBS_ASSOC] seq=4711 state=2 dt=0.0040s world=(2.648,0.147,-0.660) yaw=2.1deg rho=0.291 radial_res=+0.016 raw_ang=-167.7deg pred=(-168.1,-48.1,71.9)deg err=(+0.5,-119.5,+120.5)deg chosen=0 changed=0 corrected=-167.7deg residual=+0.0deg z=(-0.665,-0.778,-0.624) seen=(1,1,1)
[2026-07-21 01:49:14.840] [autoaim] [debug] [Outpost][SELECT_PHASE] current_angle=-2.989 target_v_yaw=-2.513 normalized_omega=-2.513 prediction_dt=0.251 future_angle=-3.620 current_plate=0 selected_plate=0 candidate_phase=-3.620 candidate_z=-0.665
[2026-07-21 01:49:14.843] [autoaim] [debug] [Outpost][OBS_INPUT] seq=4921 candidates=1 confidence=0.998 image=(654.7,552.6) image_dist=98.9 camera=(-0.133,0.031,2.521) gimbal=(2.661,0.169,-0.665) world=(2.661,0.169,-0.665) gimbal_ypr=(2.0,6.3,-1.2)deg world_ypr=(2.0,6.3,-1.2)deg
[2026-07-21 01:49:14.871] [autoaim] [debug] [Outpost][OBS_ASSOC] seq=4721 state=2 dt=0.0028s world=(2.711,0.193,-0.681) yaw=179.7deg rho=0.221 radial_res=-0.054 raw_ang=-175.8deg pred=(-175.5,-55.5,64.5)deg err=(-0.3,-120.3,+119.7)deg chosen=0 changed=0 corrected=-175.8deg residual=+0.0deg z=(-0.665,-0.778,-0.624) seen=(1,1,1)
[2026-07-21 01:49:14.952] [autoaim] [debug] [Outpost][SELECT_PHASE] current_angle=3.010 target_v_yaw=-2.513 normalized_omega=-2.513 prediction_dt=0.245 future_angle=2.395 current_plate=0 selected_plate=0 candidate_phase=2.395 candidate_z=-0.665
[2026-07-21 01:49:15.079] [autoaim] [debug] [Outpost][SELECT_PHASE] current_angle=2.698 target_v_yaw=-2.513 normalized_omega=-2.513 prediction_dt=0.238 future_angle=2.100 current_plate=0 selected_plate=0 candidate_phase=2.100 candidate_z=-0.665
[2026-07-21 01:49:15.188] [autoaim] [debug] [Outpost][SELECT_PHASE] current_angle=2.425 target_v_yaw=-2.513 normalized_omega=-2.513 prediction_dt=0.233 future_angle=1.839 current_plate=0 selected_plate=0 candidate_phase=1.839 candidate_z=-0.665
[2026-07-21 01:49:15.224] [autoaim] [debug] [Outpost][SELECT] mode=ROTATING selected=1 observed=0 changed=true fresh=false unseen=0.345s phase=0.0deg model_ok=false fire=false diff=36.2deg cmd=(0.67,-11.21)
[2026-07-21 01:49:15.244] [autoaim] [debug] [Outpost][IMU] raw_deg=(0.00,0.00,0.00) solver_rad=(0.0000,-0.0000,0.0000)
[2026-07-21 01:49:15.265] [autoaim] [debug] [Outpost][SELECT] mode=ROTATING selected=1 observed=0 changed=false fresh=false unseen=0.389s phase=0.0deg model_ok=false fire=false diff=30.0deg cmd=(1.09,-11.33)
[2026-07-21 01:49:15.269] [autoaim] [debug] [Outpost][SWITCH_COMMIT] t=30700.191 from=0 phase_best=1 height_plate=1 tracked_err=+118.1deg new_phase_err=-1.9deg jump=61.4deg z=-0.856 z_err=0.078 margin=0.113 z_confident=0
[2026-07-21 01:49:15.269] [autoaim] [debug] [Outpost][OBS_ASSOC] seq=4723 state=2 dt=0.3935s world=(2.783,-0.109,-0.856) yaw=42.9deg rho=0.351 radial_res=+0.076 raw_ang=-115.1deg pred=(126.8,-113.2,6.8)deg err=(+118.1,-1.9,-121.9)deg chosen=1 changed=1 corrected=-115.1deg residual=+0.0deg z=(-0.665,-0.778,-0.624) seen=(1,1,1)
[2026-07-21 01:49:15.300] [autoaim] [debug] [Outpost][OBS_INPUT] seq=4931 candidates=1 confidence=1.000 image=(841.7,652.7) image_dist=152.2 camera=(0.133,0.179,2.656) gimbal=(2.755,-0.096,-0.844) world=(2.755,-0.096,-0.844) gimbal_ypr=(40.1,8.3,20.3)deg world_ypr=(40.1,8.3,20.3)deg
[2026-07-21 01:49:15.300] [autoaim] [debug] [Outpost][SELECT_PHASE] current_angle=2.092 target_v_yaw=-2.513 normalized_omega=-2.513 prediction_dt=0.229 future_angle=1.516 current_plate=1 selected_plate=1 candidate_phase=3.610 candidate_z=-0.778
[2026-07-21 01:49:15.329] [autoaim] [debug] [Outpost][OBS_ASSOC] seq=4731 state=2 dt=0.0123s world=(2.737,-0.078,-0.834) yaw=34.5deg rho=0.347 radial_res=+0.072 raw_ang=-124.2deg pred=(116.5,-123.5,-3.5)deg err=(+119.3,-0.7,-120.7)deg chosen=1 changed=0 corrected=-124.2deg residual=+0.0deg z=(-0.665,-0.778,-0.624) seen=(1,1,1)
[2026-07-21 01:49:15.347] [autoaim] [debug] [Outpost][OBS_INPUT] seq=4941 candidates=1 confidence=1.000 image=(822.1,649.4) image_dist=138.5 camera=(0.103,0.172,2.629) gimbal=(2.731,-0.066,-0.830) world=(2.731,-0.066,-0.830) gimbal_ypr=(31.8,8.2,17.0)deg world_ypr=(31.8,8.2,17.0)deg
[2026-07-21 01:49:15.378] [autoaim] [debug] [Outpost][OBS_ASSOC] seq=4741 state=2 dt=0.0046s world=(2.741,-0.047,-0.831) yaw=26.3deg rho=0.319 radial_res=+0.044 raw_ang=-126.7deg pred=(112.9,-127.1,-7.1)deg err=(+120.4,+0.4,-119.6)deg chosen=1 changed=0 corrected=-126.7deg residual=+0.0deg z=(-0.665,-0.778,-0.624) seen=(1,1,1)
[2026-07-21 01:49:15.406] [autoaim] [debug] [Outpost][OBS_INPUT] seq=4951 candidates=1 confidence=1.000 image=(795.9,646.2) image_dist=124.1 camera=(0.064,0.163,2.564) gimbal=(2.670,-0.027,-0.804) world=(2.670,-0.027,-0.804) gimbal_ypr=(24.0,11.5,13.1)deg world_ypr=(24.0,11.5,13.1)deg
[2026-07-21 01:49:15.406] [autoaim] [debug] [Outpost][SELECT_PHASE] current_angle=1.781 target_v_yaw=-2.513 normalized_omega=-2.513 prediction_dt=0.228 future_angle=1.209 current_plate=1 selected_plate=1 candidate_phase=3.303 candidate_z=-0.778
[2026-07-21 01:49:15.437] [autoaim] [debug] [Outpost][OBS_ASSOC] seq=4751 state=2 dt=0.0068s world=(2.671,-0.009,-0.803) yaw=18.5deg rho=0.340 radial_res=+0.065 raw_ang=-140.1deg pred=(101.7,-138.3,-18.3)deg err=(+118.2,-1.8,-121.8)deg chosen=1 changed=0 corrected=-140.1deg residual=+0.0deg z=(-0.665,-0.778,-0.624) seen=(1,1,1)
[2026-07-21 01:49:15.453] [autoaim] [debug] [Outpost][OBS_INPUT] seq=4961 candidates=1 confidence=0.999 image=(772.9,644.4) image_dist=116.0 camera=(0.031,0.160,2.563) gimbal=(2.669,0.005,-0.801) world=(2.669,0.005,-0.801) gimbal_ypr=(14.0,11.1,8.7)deg world_ypr=(14.0,11.1,8.7)deg
[2026-07-21 01:49:15.489] [autoaim] [debug] [Outpost][OBS_ASSOC] seq=4761 state=2 dt=0.0038s world=(2.654,0.031,-0.794) yaw=4.4deg rho=0.330 radial_res=+0.055 raw_ang=-147.4deg pred=(92.2,-147.8,-27.8)deg err=(+120.4,+0.4,-119.6)deg chosen=1 changed=0 corrected=-147.4deg residual=+0.0deg z=(-0.665,-0.778,-0.624) seen=(1,1,1)
[2026-07-21 01:49:15.518] [autoaim] [debug] [Outpost][OBS_INPUT] seq=4971 candidates=1 confidence=1.000 image=(740.4,642.1) image_dist=112.2 camera=(-0.015,0.154,2.505) gimbal=(2.614,0.050,-0.779) world=(2.614,0.050,-0.779) gimbal_ypr=(6.5,34.4,5.0)deg world_ypr=(6.5,34.4,5.0)deg
[2026-07-21 01:49:15.519] [autoaim] [debug] [Outpost][SELECT_PHASE] current_angle=1.511 target_v_yaw=-2.513 normalized_omega=-2.513 prediction_dt=0.255 future_angle=0.870 current_plate=1 selected_plate=1 candidate_phase=2.964 candidate_z=-0.778
[2026-07-21 01:49:15.554] [autoaim] [debug] [Outpost][OBS_ASSOC] seq=4771 state=2 dt=0.0031s world=(2.560,0.074,-0.759) yaw=12.9deg rho=0.396 radial_res=+0.121 raw_ang=-160.0deg pred=(80.2,-159.8,-39.8)deg err=(+119.7,-0.3,-120.3)deg chosen=1 changed=0 corrected=-160.0deg residual=+0.0deg z=(-0.665,-0.778,-0.624) seen=(1,1,1)
[2026-07-21 01:49:15.582] [autoaim] [debug] [Outpost][OBS_INPUT] seq=4981 candidates=1 confidence=1.000 image=(707.1,641.1) image_dist=119.1 camera=(-0.059,0.149,2.447) gimbal=(2.559,0.094,-0.759) world=(2.559,0.094,-0.759) gimbal_ypr=(4.7,36.5,2.8)deg world_ypr=(4.7,36.5,2.8)deg
[2026-07-21 01:49:15.613] [autoaim] [debug] [Outpost][OBS_ASSOC] seq=4781 state=2 dt=0.0130s world=(2.563,0.114,-0.759) yaw=0.9deg rho=0.381 radial_res=+0.106 raw_ang=-165.6deg pred=(73.8,-166.2,-46.2)deg err=(+120.6,+0.6,-119.4)deg chosen=1 changed=0 corrected=-165.6deg residual=+0.0deg z=(-0.665,-0.778,-0.624) seen=(1,1,1)
[2026-07-21 01:49:15.630] [autoaim] [debug] [Outpost][OBS_INPUT] seq=4991 candidates=1 confidence=0.999 image=(681.7,640.6) image_dist=130.2 camera=(-0.093,0.148,2.453) gimbal=(2.565,0.128,-0.760) world=(2.565,0.128,-0.760) gimbal_ypr=(5.8,38.7,2.3)deg world_ypr=(5.8,38.7,2.3)deg
[2026-07-21 01:49:15.630] [autoaim] [debug] [Outpost][SELECT_PHASE] current_angle=1.263 target_v_yaw=-2.513 normalized_omega=-2.513 prediction_dt=0.248 future_angle=0.639 current_plate=1 selected_plate=1 candidate_phase=2.734 candidate_z=-0.778
[2026-07-21 01:49:15.658] [autoaim] [debug] [Outpost][OBS_ASSOC] seq=4791 state=2 dt=0.0041s world=(2.577,0.149,-0.765) yaw=4.2deg rho=0.359 radial_res=+0.084 raw_ang=-170.4deg pred=(69.4,-170.6,-50.6)deg err=(+120.2,+0.2,-119.8)deg chosen=1 changed=0 corrected=-170.4deg residual=+0.0deg z=(-0.665,-0.778,-0.624) seen=(1,1,1)
[2026-07-21 01:49:15.688] [autoaim] [debug] [Outpost][OBS_INPUT] seq=5001 candidates=1 confidence=1.000 image=(652.3,640.9) image_dist=148.1 camera=(-0.135,0.151,2.488) gimbal=(2.597,0.170,-0.772) world=(2.597,0.170,-0.772) gimbal_ypr=(7.5,2.0,1.0)deg world_ypr=(7.5,2.0,1.0)deg
[2026-07-21 01:49:15.703] [autoaim] [debug] [Outpost][GEOM_OK] state=2 rho=0.291 res=+0.016 yaw_radial=179.7deg model_center=(2.932,0.209) center_minus=(2.368,0.165) center_plus=(2.916,0.206)
[2026-07-21 01:49:15.709] [autoaim] [debug] [Outpost][OBS_ASSOC] seq=4801 state=2 dt=0.0054s world=(2.643,0.188,-0.789) yaw=5.6deg rho=0.289 radial_res=+0.014 raw_ang=-175.9deg pred=(63.8,-176.2,-56.2)deg err=(+120.2,+0.2,-119.8)deg chosen=1 changed=0 corrected=-175.9deg residual=+0.0deg z=(-0.665,-0.778,-0.624) seen=(1,1,1)
[2026-07-21 01:49:15.743] [autoaim] [debug] [Outpost][SELECT_PHASE] current_angle=1.033 target_v_yaw=-2.513 normalized_omega=-2.513 prediction_dt=0.244 future_angle=0.419 current_plate=1 selected_plate=1 candidate_phase=2.514 candidate_z=-0.778
[2026-07-21 01:49:15.835] [autoaim] [debug] [Outpost][SELECT] mode=ROTATING selected=1 observed=1 changed=false fresh=true unseen=0.127s phase=0.0deg model_ok=true fire=false diff=-52.8deg cmd=(8.82,-10.78)
[2026-07-21 01:49:15.851] [autoaim] [debug] [Outpost][SELECT_PHASE] current_angle=0.760 target_v_yaw=-2.513 normalized_omega=-2.513 prediction_dt=0.238 future_angle=0.162 current_plate=1 selected_plate=1 candidate_phase=2.257 candidate_z=-0.778
[2026-07-21 01:49:15.955] [autoaim] [debug] [Outpost][SELECT_PHASE] current_angle=0.498 target_v_yaw=-2.513 normalized_omega=-2.513 prediction_dt=0.233 future_angle=-0.087 current_plate=1 selected_plate=1 candidate_phase=2.008 candidate_z=-0.778
[2026-07-21 01:49:16.068] [autoaim] [debug] [Outpost][SELECT] mode=ROTATING selected=2 observed=1 changed=true fresh=false unseen=0.359s phase=0.0deg model_ok=false fire=false diff=35.3deg cmd=(0.74,-7.86)
[2026-07-21 01:49:16.081] [autoaim] [debug] [Outpost][SWITCH_COMMIT] t=30701.002 from=1 phase_best=2 height_plate=0 tracked_err=+158.4deg new_phase_err=+38.4deg jump=104.9deg z=-0.686 z_err=0.020 margin=0.041 z_confident=1
[2026-07-21 01:49:16.082] [autoaim] [debug] [Outpost][OBS_ASSOC] seq=4802 state=2 dt=0.3714s world=(3.044,-0.119,-0.686) yaw=43.3deg rho=0.346 radial_res=+0.071 raw_ang=-71.0deg pred=(10.6,130.6,-109.4)deg err=(-81.6,+158.4,+38.4)deg chosen=2 changed=1 corrected=-71.0deg residual=+0.0deg z=(-0.665,-0.778,-0.624) seen=(1,1,1)
[2026-07-21 01:49:16.082] [autoaim] [debug] [Outpost][SELECT_PHASE] current_angle=0.855 target_v_yaw=-2.513 normalized_omega=-2.513 prediction_dt=0.240 future_angle=0.251 current_plate=2 selected_plate=2 candidate_phase=-1.843 candidate_z=-0.624
[2026-07-21 01:49:16.096] [autoaim] [debug] [Outpost][OBS_INPUT] seq=5011 candidates=1 confidence=0.986 image=(846.9,495.7) image_dist=101.9 camera=(0.149,-0.053,2.812) gimbal=(2.968,-0.108,-0.663) world=(2.968,-0.108,-0.663) gimbal_ypr=(42.1,7.5,20.6)deg world_ypr=(42.1,7.5,20.6)deg
[2026-07-21 01:49:16.128] [autoaim] [debug] [Outpost][OBS_ASSOC] seq=4811 state=2 dt=0.0041s world=(2.923,-0.091,-0.647) yaw=37.1deg rho=0.300 radial_res=+0.025 raw_ang=-91.7deg pred=(30.8,150.8,-89.2)deg err=(-122.5,+117.5,-2.5)deg chosen=2 changed=0 corrected=-91.7deg residual=+0.0deg z=(-0.665,-0.778,-0.624) seen=(1,1,1)
[2026-07-21 01:49:16.157] [autoaim] [debug] [Outpost][OBS_INPUT] seq=5021 candidates=1 confidence=0.954 image=(826.4,490.9) image_dist=85.1 camera=(0.115,-0.060,2.753) gimbal=(2.914,-0.075,-0.641) world=(2.914,-0.075,-0.641) gimbal_ypr=(33.1,10.8,17.2)deg world_ypr=(33.1,10.8,17.2)deg
[2026-07-21 01:49:16.186] [autoaim] [debug] [Outpost][OBS_ASSOC] seq=4821 state=2 dt=0.0120s world=(2.841,-0.057,-0.619) yaw=30.6deg rho=0.281 radial_res=+0.006 raw_ang=-108.8deg pred=(11.8,131.8,-108.2)deg err=(-120.6,+119.4,-0.6)deg chosen=2 changed=0 corrected=-108.8deg residual=+0.0deg z=(-0.665,-0.778,-0.624) seen=(1,1,1)
[2026-07-21 01:49:16.190] [autoaim] [debug] [Outpost][SELECT_PHASE] current_angle=0.222 target_v_yaw=-2.513 normalized_omega=-2.513 prediction_dt=0.228 future_angle=-0.351 current_plate=2 selected_plate=2 candidate_phase=-2.445 candidate_z=-0.624
[2026-07-21 01:49:16.204] [autoaim] [debug] [Outpost][OBS_INPUT] seq=5031 candidates=1 confidence=0.999 image=(807.8,487.1) image_dist=71.4 camera=(0.085,-0.064,2.684) gimbal=(2.847,-0.046,-0.619) world=(2.847,-0.046,-0.619) gimbal_ypr=(27.4,13.0,14.4)deg world_ypr=(27.4,13.0,14.4)deg
[2026-07-21 01:49:16.238] [autoaim] [debug] [Outpost][OBS_ASSOC] seq=4831 state=2 dt=0.0040s world=(2.785,-0.025,-0.600) yaw=23.8deg rho=0.276 radial_res=+0.001 raw_ang=-122.1deg pred=(3.7,123.7,-116.3)deg err=(-125.9,+114.1,-5.9)deg chosen=2 changed=0 corrected=-122.1deg residual=+0.0deg z=(-0.665,-0.778,-0.624) seen=(1,1,1)
[2026-07-21 01:49:16.264] [autoaim] [debug] [Outpost][OBS_INPUT] seq=5041 candidates=1 confidence=0.978 image=(782.3,483.5) image_dist=56.3 camera=(0.044,-0.067,2.614) gimbal=(2.781,-0.006,-0.596) world=(2.781,-0.006,-0.596) gimbal_ypr=(160.6,169.8,-179.0)deg world_ypr=(160.6,169.8,-179.0)deg
[2026-07-21 01:49:16.297] [autoaim] [debug] [Outpost][OBS_ASSOC] seq=4841 state=2 dt=0.0123s world=(2.790,0.012,-0.597) yaw=168.1deg rho=0.243 radial_res=-0.032 raw_ang=-125.7deg pred=(-13.1,106.9,-133.1)deg err=(-112.6,+127.4,+7.4)deg chosen=2 changed=0 corrected=-125.7deg residual=+0.0deg z=(-0.665,-0.778,-0.624) seen=(1,1,1)
[2026-07-21 01:49:16.299] [autoaim] [debug] [Outpost][SELECT_PHASE] current_angle=-0.231 target_v_yaw=-2.513 normalized_omega=-2.513 prediction_dt=0.224 future_angle=-0.794 current_plate=2 selected_plate=2 candidate_phase=-2.889 candidate_z=-0.624
[2026-07-21 01:49:16.313] [autoaim] [debug] [Outpost][OBS_INPUT] seq=5051 candidates=1 confidence=1.000 image=(760.3,481.4) image_dist=49.9 camera=(0.014,-0.070,2.596) gimbal=(2.764,0.024,-0.589) world=(2.764,0.024,-0.589) gimbal_ypr=(11.6,22.5,7.3)deg world_ypr=(11.6,22.5,7.3)deg
[2026-07-21 01:49:16.341] [autoaim] [debug] [Outpost][OBS_ASSOC] seq=4851 state=2 dt=0.0040s world=(2.736,0.043,-0.580) yaw=179.3deg rho=0.257 radial_res=-0.018 raw_ang=-139.8deg pred=(-19.7,100.3,-139.7)deg err=(-120.1,+119.9,-0.1)deg chosen=2 changed=0 corrected=-139.8deg residual=+0.0deg z=(-0.665,-0.778,-0.624) seen=(1,1,1)
[2026-07-21 01:49:16.372] [autoaim] [debug] [Outpost][IMU] raw_deg=(0.00,0.00,0.00) solver_rad=(0.0000,-0.0000,0.0000)
[2026-07-21 01:49:16.379] [autoaim] [debug] [Outpost][OBS_INPUT] seq=5061 candidates=1 confidence=0.995 image=(729.0,479.0) image_dist=56.0 camera=(-0.031,-0.071,2.527) gimbal=(2.696,0.067,-0.569) world=(2.696,0.067,-0.569) gimbal_ypr=(8.4,30.6,4.7)deg world_ypr=(8.4,30.6,4.7)deg
[2026-07-21 01:49:16.389] [autoaim] [debug] [Outpost][SELECT] mode=ROTATING selected=2 observed=2 changed=false fresh=true unseen=0.000s phase=0.0deg model_ok=true fire=false diff=-12.5deg cmd=(5.53,-8.22)
[2026-07-21 01:49:16.412] [autoaim] [debug] [Outpost][OBS_ASSOC] seq=4861 state=2 dt=0.0075s world=(2.682,0.087,-0.564) yaw=7.2deg rho=0.278 radial_res=+0.003 raw_ang=-154.0deg pred=(-35.3,84.7,-155.3)deg err=(-118.7,+121.3,+1.3)deg chosen=2 changed=0 corrected=-154.0deg residual=+0.0deg z=(-0.665,-0.778,-0.624) seen=(1,1,1)
[2026-07-21 01:49:16.417] [autoaim] [debug] [Outpost][SELECT_PHASE] current_angle=-0.602 target_v_yaw=-2.513 normalized_omega=-2.513 prediction_dt=0.256 future_angle=-1.244 current_plate=2 selected_plate=2 candidate_phase=-3.339 candidate_z=-0.624
[2026-07-21 01:49:16.442] [autoaim] [debug] [Outpost][OBS_INPUT] seq=5071 candidates=1 confidence=0.998 image=(695.8,478.1) image_dist=76.1 camera=(-0.075,-0.071,2.493) gimbal=(2.664,0.112,-0.559) world=(2.664,0.112,-0.559) gimbal_ypr=(3.8,33.4,1.1)deg world_ypr=(3.8,33.4,1.1)deg
[2026-07-21 01:49:16.461] [autoaim] [debug] [Outpost][OBS_ASSOC] seq=4871 state=2 dt=0.0039s world=(2.675,0.127,-0.562) yaw=1.4deg rho=0.269 radial_res=-0.006 raw_ang=-162.3deg pred=(-42.4,77.6,-162.4)deg err=(-119.9,+120.1,+0.1)deg chosen=2 changed=0 corrected=-162.3deg residual=+0.0deg z=(-0.665,-0.778,-0.624) seen=(1,1,1)
[2026-07-21 01:49:16.489] [autoaim] [debug] [Outpost][OBS_INPUT] seq=5081 candidates=1 confidence=0.993 image=(670.7,478.3) image_dist=95.8 camera=(-0.111,-0.072,2.521) gimbal=(2.689,0.148,-0.566) world=(2.689,0.148,-0.566) gimbal_ypr=(2.0,-0.4,-0.9)deg world_ypr=(2.0,-0.4,-0.9)deg
[2026-07-21 01:49:16.527] [autoaim] [debug] [Outpost][OBS_ASSOC] seq=4881 state=2 dt=0.0078s world=(2.735,0.177,-0.578) yaw=9.9deg rho=0.200 radial_res=-0.075 raw_ang=-170.8deg pred=(-50.2,69.8,-170.2)deg err=(-120.5,+119.5,-0.5)deg chosen=2 changed=0 corrected=-170.8deg residual=+0.0deg z=(-0.665,-0.778,-0.624) seen=(1,1,1)
[2026-07-21 01:49:16.530] [autoaim] [debug] [Outpost][SELECT_PHASE] current_angle=-0.892 target_v_yaw=-2.513 normalized_omega=-2.513 prediction_dt=0.248 future_angle=-1.516 current_plate=2 selected_plate=2 candidate_phase=-3.611 candidate_z=-0.624
[2026-07-21 01:49:16.663] [autoaim] [debug] [Outpost][SELECT_PHASE] current_angle=-1.234 target_v_yaw=-2.513 normalized_omega=-2.513 prediction_dt=0.241 future_angle=-1.840 current_plate=2 selected_plate=2 candidate_phase=-3.935 candidate_z=-0.624
[2026-07-21 01:49:16.798] [autoaim] [debug] [Outpost][SELECT_PHASE] current_angle=-1.575 target_v_yaw=-2.513 normalized_omega=-2.513 prediction_dt=0.234 future_angle=-2.163 current_plate=2 selected_plate=2 candidate_phase=-4.257 candidate_z=-0.624
[2026-07-21 01:49:16.859] [autoaim] [debug] [Outpost][SWITCH_COMMIT] t=30701.777 from=2 phase_best=0 height_plate=1 tracked_err=+111.4deg new_phase_err=-8.6deg jump=65.1deg z=-0.747 z_err=0.031 margin=0.051 z_confident=1
[2026-07-21 01:49:16.859] [autoaim] [debug] [Outpost][OBS_ASSOC] seq=4884 state=2 dt=0.3212s world=(2.826,-0.137,-0.747) yaw=55.7deg rho=0.362 radial_res=+0.087 raw_ang=-107.0deg pred=(-98.3,21.7,141.7)deg err=(-8.6,-128.6,+111.4)deg chosen=0 changed=1 corrected=-107.0deg residual=+0.0deg z=(-0.665,-0.778,-0.624) seen=(1,1,1)
[2026-07-21 01:49:16.861] [autoaim] [debug] [Outpost][SELECT] mode=ROTATING selected=0 observed=0 changed=true fresh=true unseen=0.000s phase=0.0deg model_ok=true fire=false diff=26.3deg cmd=(1.53,-9.09)
[2026-07-21 01:49:16.863] [autoaim] [debug] [Outpost][OBS_INPUT] seq=5091 candidates=1 confidence=1.000 image=(867.2,574.1) image_dist=124.1 camera=(0.175,0.066,2.738) gimbal=(2.866,-0.136,-0.758) world=(2.866,-0.136,-0.758) gimbal_ypr=(54.0,2.0,25.5)deg world_ypr=(54.0,2.0,25.5)deg
[2026-07-21 01:49:16.896] [autoaim] [debug] [Outpost][OBS_ASSOC] seq=4891 state=2 dt=0.0117s world=(2.773,-0.121,-0.726) yaw=51.0deg rho=0.367 radial_res=+0.092 raw_ang=-115.7deg pred=(-106.1,13.9,133.9)deg err=(-9.6,-129.6,+110.4)deg chosen=0 changed=0 corrected=-115.7deg residual=+0.0deg z=(-0.665,-0.778,-0.624) seen=(1,1,1)
[2026-07-21 01:49:16.906] [autoaim] [debug] [Outpost][SELECT_PHASE] current_angle=-2.107 target_v_yaw=-2.513 normalized_omega=-2.513 prediction_dt=0.226 future_angle=-2.676 current_plate=0 selected_plate=0 candidate_phase=-2.676 candidate_z=-0.665
[2026-07-21 01:49:16.913] [autoaim] [debug] [Outpost][OBS_INPUT] seq=5101 candidates=1 confidence=0.828 image=(854.9,570.0) image_dist=111.2 camera=(0.152,0.057,2.643) gimbal=(2.776,-0.114,-0.724) world=(2.776,-0.114,-0.724) gimbal_ypr=(47.7,3.0,22.8)deg world_ypr=(47.7,3.0,22.8)deg
[2026-07-21 01:49:16.940] [autoaim] [debug] [Outpost][GEOM_OK] state=2 rho=0.360 res=+0.085 yaw_radial=165.4deg model_center=(2.932,0.209) center_minus=(2.552,-0.294) center_plus=(2.943,0.093)
[2026-07-21 01:49:16.946] [autoaim] [debug] [Outpost][OBS_ASSOC] seq=4901 state=2 dt=0.0070s world=(2.743,-0.099,-0.710) yaw=44.2deg rho=0.361 radial_res=+0.086 raw_ang=-121.6deg pred=(-121.8,-1.8,118.2)deg err=(+0.2,-119.8,+120.2)deg chosen=0 changed=0 corrected=-121.6deg residual=+0.0deg z=(-0.665,-0.778,-0.624) seen=(1,1,1)
[2026-07-21 01:49:16.976] [autoaim] [debug] [Outpost][OBS_INPUT] seq=5111 candidates=1 confidence=0.997 image=(834.9,565.1) image_dist=90.7 camera=(0.121,0.050,2.617) gimbal=(2.753,-0.084,-0.710) world=(2.753,-0.084,-0.710) gimbal_ypr=(39.3,6.6,19.7)deg world_ypr=(39.3,6.6,19.7)deg
[2026-07-21 01:49:17.007] [autoaim] [debug] [Outpost][OBS_ASSOC] seq=4911 state=2 dt=0.0042s world=(2.705,-0.066,-0.693) yaw=36.2deg rho=0.356 radial_res=+0.081 raw_ang=-129.5deg pred=(-130.8,-10.8,109.2)deg err=(+1.3,-118.7,+121.3)deg chosen=0 changed=0 corrected=-129.5deg residual=+0.0deg z=(-0.665,-0.778,-0.624) seen=(1,1,1)
[2026-07-21 01:49:17.014] [autoaim] [debug] [Outpost][SELECT] mode=ROTATING selected=0 observed=0 changed=false fresh=true unseen=0.000s phase=0.0deg model_ok=true fire=false diff=21.2deg cmd=(2.01,-8.96)
[2026-07-21 01:49:17.045] [autoaim] [debug] [Outpost][SELECT_PHASE] current_angle=-2.297 target_v_yaw=-2.513 normalized_omega=-2.513 prediction_dt=0.225 future_angle=-2.863 current_plate=0 selected_plate=0 candidate_phase=-2.863 candidate_z=-0.665
[2026-07-21 01:49:17.052] [autoaim] [debug] [Outpost][OBS_INPUT] seq=5121 candidates=1 confidence=0.997 image=(805.8,560.2) image_dist=62.3 camera=(0.078,0.042,2.561) gimbal=(2.701,-0.041,-0.687) world=(2.701,-0.041,-0.687) gimbal_ypr=(29.9,9.5,15.2)deg world_ypr=(29.9,9.5,15.2)deg
[2026-07-21 01:49:17.080] [autoaim] [debug] [Outpost][OBS_ASSOC] seq=4921 state=2 dt=0.0039s world=(2.700,-0.024,-0.684) yaw=25.2deg rho=0.329 radial_res=+0.054 raw_ang=-134.9deg pred=(-132.5,-12.5,107.5)deg err=(-2.4,-122.4,+117.6)deg chosen=0 changed=0 corrected=-134.9deg residual=+0.0deg z=(-0.665,-0.778,-0.624) seen=(1,1,1)
[2026-07-21 01:49:17.111] [autoaim] [debug] [Outpost][OBS_INPUT] seq=5131 candidates=1 confidence=0.997 image=(779.5,556.9) image_dist=38.8 camera=(0.040,0.037,2.525) gimbal=(2.666,-0.004,-0.672) world=(2.666,-0.004,-0.672) gimbal_ypr=(22.0,11.2,11.6)deg world_ypr=(22.0,11.2,11.6)deg
[2026-07-21 01:49:17.145] [autoaim] [debug] [Outpost][OBS_ASSOC] seq=4931 state=2 dt=0.0051s world=(2.682,0.017,-0.674) yaw=16.6deg rho=0.315 radial_res=+0.040 raw_ang=-142.5deg pred=(-139.1,-19.1,100.9)deg err=(-3.4,-123.4,+116.6)deg chosen=0 changed=0 corrected=-142.5deg residual=+0.0deg z=(-0.665,-0.778,-0.624) seen=(1,1,1)
[2026-07-21 01:49:17.156] [autoaim] [debug] [Outpost][SELECT_PHASE] current_angle=-2.498 target_v_yaw=-2.513 normalized_omega=-2.513 prediction_dt=0.262 future_angle=-3.157 current_plate=0 selected_plate=0 candidate_phase=-3.157 candidate_z=-0.665
[2026-07-21 01:49:17.177] [autoaim] [debug] [Outpost][OBS_INPUT] seq=5141 candidates=1 confidence=0.999 image=(749.2,554.3) image_dist=23.9 camera=(-0.002,0.033,2.552) gimbal=(2.693,0.039,-0.676) world=(2.693,0.039,-0.676) gimbal_ypr=(8.3,14.4,6.1)deg world_ypr=(8.3,14.4,6.1)deg
[2026-07-21 01:49:17.196] [autoaim] [debug] [Outpost][OBS_ASSOC] seq=4941 state=2 dt=0.0041s world=(2.670,0.053,-0.669) yaw=177.7deg rho=0.305 radial_res=+0.030 raw_ang=-149.2deg pred=(-148.0,-28.0,92.0)deg err=(-1.2,-121.2,+118.8)deg chosen=0 changed=0 corrected=-149.2deg residual=+0.0deg z=(-0.665,-0.778,-0.624) seen=(1,1,1)
[2026-07-21 01:49:17.228] [autoaim] [debug] [Outpost][OBS_INPUT] seq=5151 candidates=1 confidence=0.996 image=(723.4,553.0) image_dist=35.7 camera=(-0.038,0.031,2.465) gimbal=(2.609,0.073,-0.650) world=(2.609,0.073,-0.650) gimbal_ypr=(171.3,176.6,179.6)deg world_ypr=(171.3,176.6,179.6)deg
[2026-07-21 01:49:17.256] [autoaim] [debug] [Outpost][OBS_ASSOC] seq=4951 state=2 dt=0.0038s world=(2.613,0.093,-0.650) yaw=174.2deg rho=0.340 radial_res=+0.065 raw_ang=-160.0deg pred=(-159.1,-39.1,80.9)deg err=(-1.0,-121.0,+119.0)deg chosen=0 changed=0 corrected=-160.0deg residual=+0.0deg z=(-0.665,-0.778,-0.624) seen=(1,1,1)
[2026-07-21 01:49:17.268] [autoaim] [debug] [Outpost][SELECT_PHASE] current_angle=-2.804 target_v_yaw=-2.513 normalized_omega=-2.513 prediction_dt=0.256 future_angle=-3.447 current_plate=0 selected_plate=0 candidate_phase=-3.447 candidate_z=-0.665
[2026-07-21 01:49:17.289] [autoaim] [debug] [Outpost][OBS_INPUT] seq=5161 candidates=1 confidence=1.000 image=(692.8,552.4) image_dist=62.3 camera=(-0.079,0.030,2.476) gimbal=(2.620,0.115,-0.652) world=(2.620,0.115,-0.652) gimbal_ypr=(179.3,178.7,-179.6)deg world_ypr=(179.3,178.7,-179.6)deg
[2026-07-21 01:49:17.320] [autoaim] [debug] [Outpost][OBS_ASSOC] seq=4961 state=2 dt=0.0121s world=(2.624,0.135,-0.653) yaw=3.2deg rho=0.317 radial_res=+0.042 raw_ang=-166.5deg pred=(-166.3,-46.3,73.7)deg err=(-0.2,-120.2,+119.8)deg chosen=0 changed=0 corrected=-166.5deg residual=+0.0deg z=(-0.665,-0.778,-0.624) seen=(1,1,1)
[2026-07-21 01:49:17.336] [autoaim] [debug] [Outpost][OBS_INPUT] seq=5171 candidates=1 confidence=0.999 image=(668.1,552.4) image_dist=85.9 camera=(-0.114,0.030,2.489) gimbal=(2.632,0.150,-0.656) world=(2.632,0.150,-0.656) gimbal_ypr=(180.0,153.3,179.1)deg world_ypr=(180.0,153.3,179.1)deg
[2026-07-21 01:49:17.365] [autoaim] [debug] [Outpost][OBS_ASSOC] seq=4971 state=2 dt=0.0040s world=(2.687,0.173,-0.673) yaw=4.3deg rho=0.248 radial_res=-0.027 raw_ang=-171.6deg pred=(-172.4,-52.4,67.6)deg err=(+0.9,-119.1,+120.9)deg chosen=0 changed=0 corrected=-171.6deg residual=+0.0deg z=(-0.665,-0.778,-0.624) seen=(1,1,1)
[2026-07-21 01:49:17.390] [autoaim] [debug] [Outpost][SELECT_PHASE] current_angle=-3.062 target_v_yaw=-2.513 normalized_omega=-2.513 prediction_dt=0.248 future_angle=-3.686 current_plate=0 selected_plate=0 candidate_phase=-3.686 candidate_z=-0.665
[2026-07-21 01:49:17.495] [autoaim] [debug] [Outpost][SELECT_PHASE] current_angle=2.952 target_v_yaw=-2.513 normalized_omega=-2.513 prediction_dt=0.244 future_angle=2.340 current_plate=0 selected_plate=0 candidate_phase=2.340 candidate_z=-0.665
[2026-07-21 01:49:17.567] [autoaim] [debug] [Outpost][IMU] raw_deg=(0.00,0.00,0.00) solver_rad=(0.0000,-0.0000,0.0000)
[2026-07-21 01:49:17.585] [autoaim] [debug] [Outpost][SELECT] mode=ROTATING selected=0 observed=0 changed=false fresh=false unseen=0.193s phase=0.0deg model_ok=false fire=false diff=-62.4deg cmd=(9.25,-8.27)
[2026-07-21 01:49:17.608] [autoaim] [debug] [Outpost][SELECT_PHASE] current_angle=2.674 target_v_yaw=-2.513 normalized_omega=-2.513 prediction_dt=0.238 future_angle=2.077 current_plate=0 selected_plate=0 candidate_phase=2.077 candidate_z=-0.665
[2026-07-21 01:49:17.722] [autoaim] [debug] [Outpost][SELECT_PHASE] current_angle=2.381 target_v_yaw=-2.513 normalized_omega=-2.513 prediction_dt=0.233 future_angle=1.797 current_plate=0 selected_plate=0 candidate_phase=1.797 candidate_z=-0.665
[2026-07-21 01:49:17.747] [autoaim] [debug] [Outpost][SELECT] mode=ROTATING selected=1 observed=0 changed=true fresh=false unseen=0.353s phase=0.0deg model_ok=false fire=false diff=35.4deg cmd=(0.73,-11.23)
[2026-07-21 01:49:17.784] [autoaim] [debug] [Outpost][OBS_INPUT] seq=5181 candidates=1 confidence=1.000 image=(851.7,654.5) image_dist=159.7 camera=(0.153,0.187,2.740) gimbal=(2.834,-0.114,-0.875) world=(2.834,-0.114,-0.875) gimbal_ypr=(42.9,7.0,21.8)deg world_ypr=(42.9,7.0,21.8)deg
[2026-07-21 01:49:17.784] [autoaim] [debug] [Outpost][SWITCH_COMMIT] t=30702.705 from=0 phase_best=1 height_plate=1 tracked_err=+125.4deg new_phase_err=+5.4deg jump=69.3deg z=-0.875 z_err=0.097 margin=0.113 z_confident=0
[2026-07-21 01:49:17.784] [autoaim] [debug] [Outpost][OBS_ASSOC] seq=4976 state=2 dt=0.3896s world=(2.834,-0.114,-0.875) yaw=42.9deg rho=0.337 radial_res=+0.062 raw_ang=-106.8deg pred=(127.8,-112.2,7.8)deg err=(+125.4,+5.4,-114.6)deg chosen=1 changed=1 corrected=-106.8deg residual=+0.0deg z=(-0.665,-0.778,-0.624) seen=(1,1,1)
[2026-07-21 01:49:17.827] [autoaim] [debug] [Outpost][OBS_ASSOC] seq=4981 state=2 dt=0.0203s world=(2.761,-0.090,-0.845) yaw=37.6deg rho=0.345 radial_res=+0.070 raw_ang=-119.7deg pred=(131.2,-108.8,11.2)deg err=(+109.1,-10.9,-130.9)deg chosen=1 changed=0 corrected=-119.7deg residual=+0.0deg z=(-0.665,-0.778,-0.624) seen=(1,1,1)
[2026-07-21 01:49:17.839] [autoaim] [debug] [Outpost][SELECT_PHASE] current_angle=2.048 target_v_yaw=-2.513 normalized_omega=-2.513 prediction_dt=0.229 future_angle=1.472 current_plate=1 selected_plate=1 candidate_phase=3.567 candidate_z=-0.778
[2026-07-21 01:49:17.856] [autoaim] [debug] [Outpost][OBS_INPUT] seq=5191 candidates=1 confidence=1.000 image=(825.7,649.9) image_dist=140.9 camera=(0.109,0.174,2.647) gimbal=(2.748,-0.072,-0.837) world=(2.748,-0.072,-0.837) gimbal_ypr=(33.6,11.6,17.9)deg world_ypr=(33.6,11.6,17.9)deg
[2026-07-21 01:49:17.875] [autoaim] [debug] [Outpost][OBS_ASSOC] seq=4991 state=2 dt=0.0039s world=(2.738,-0.060,-0.832) yaw=29.9deg rho=0.331 radial_res=+0.056 raw_ang=-125.8deg pred=(117.6,-122.4,-2.4)deg err=(+116.6,-3.4,-123.4)deg chosen=1 changed=0 corrected=-125.8deg residual=+0.0deg z=(-0.665,-0.778,-0.624) seen=(1,1,1)
[2026-07-21 01:49:17.909] [autoaim] [debug] [Outpost][OBS_INPUT] seq=5201 candidates=1 confidence=0.998 image=(803.7,647.1) image_dist=128.0 camera=(0.077,0.168,2.623) gimbal=(2.726,-0.039,-0.825) world=(2.726,-0.039,-0.825) gimbal_ypr=(24.4,10.8,13.9)deg world_ypr=(24.4,10.8,13.9)deg
[2026-07-21 01:49:17.943] [autoaim] [debug] [Outpost][GEOM_OK] state=2 rho=0.323 res=+0.048 yaw_radial=154.2deg model_center=(2.932,0.209) center_minus=(2.438,-0.101) center_plus=(2.961,0.071)
[2026-07-21 01:49:17.959] [autoaim] [debug] [Outpost][OBS_ASSOC] seq=5001 state=2 dt=0.0162s world=(2.707,-0.004,-0.815) yaw=14.8deg rho=0.310 radial_res=+0.035 raw_ang=-136.5deg pred=(101.6,-138.4,-18.4)deg err=(+121.8,+1.8,-118.2)deg chosen=1 changed=0 corrected=-136.5deg residual=+0.0deg z=(-0.665,-0.778,-0.624) seen=(1,1,1)
[2026-07-21 01:49:17.975] [autoaim] [debug] [Outpost][SELECT_PHASE] current_angle=1.717 target_v_yaw=-2.513 normalized_omega=-2.513 prediction_dt=0.260 future_angle=1.064 current_plate=1 selected_plate=1 candidate_phase=3.159 candidate_z=-0.778
[2026-07-21 01:49:17.979] [autoaim] [debug] [Outpost][OBS_INPUT] seq=5211 candidates=1 confidence=1.000 image=(769.8,644.0) image_dist=115.1 camera=(0.027,0.161,2.584) gimbal=(2.690,0.009,-0.808) world=(2.690,0.009,-0.808) gimbal_ypr=(10.1,10.4,7.7)deg world_ypr=(10.1,10.4,7.7)deg
[2026-07-21 01:49:18.011] [autoaim] [debug] [Outpost][OBS_ASSOC] seq=5011 state=2 dt=0.0040s world=(2.639,0.032,-0.789) yaw=7.3deg rho=0.342 radial_res=+0.067 raw_ang=-148.8deg pred=(92.0,-148.0,-28.0)deg err=(+119.2,-0.8,-120.8)deg chosen=1 changed=0 corrected=-148.8deg residual=+0.0deg z=(-0.665,-0.778,-0.624) seen=(1,1,1)
[2026-07-21 01:49:18.043] [autoaim] [debug] [Outpost][OBS_INPUT] seq=5221 candidates=1 confidence=0.998 image=(737.6,642.0) image_dist=112.4 camera=(-0.019,0.153,2.498) gimbal=(2.608,0.054,-0.776) world=(2.608,0.054,-0.776) gimbal_ypr=(1.8,27.4,3.3)deg world_ypr=(1.8,27.4,3.3)deg
[2026-07-21 01:49:18.071] [autoaim] [debug] [Outpost][OBS_ASSOC] seq=5021 state=2 dt=0.0043s world=(2.574,0.073,-0.764) yaw=5.9deg rho=0.383 radial_res=+0.108 raw_ang=-159.1deg pred=(81.0,-159.0,-39.0)deg err=(+119.8,-0.2,-120.2)deg chosen=1 changed=0 corrected=-159.1deg residual=+0.0deg z=(-0.665,-0.778,-0.624) seen=(1,1,1)
[2026-07-21 01:49:18.112] [autoaim] [debug] [Outpost][SELECT_PHASE] current_angle=1.336 target_v_yaw=-2.513 normalized_omega=-2.513 prediction_dt=0.251 future_angle=0.705 current_plate=1 selected_plate=1 candidate_phase=2.799 candidate_z=-0.778
[2026-07-21 01:49:18.114] [autoaim] [debug] [Outpost][OBS_INPUT] seq=5231 candidates=1 confidence=0.999 image=(702.0,640.9) image_dist=120.9 camera=(-0.067,0.149,2.457) gimbal=(2.569,0.101,-0.762) world=(2.569,0.101,-0.762) gimbal_ypr=(3.6,38.3,2.2)deg world_ypr=(3.6,38.3,2.2)deg
[2026-07-21 01:49:18.143] [autoaim] [debug] [Outpost][OBS_ASSOC] seq=5031 state=2 dt=0.0039s world=(2.565,0.124,-0.760) yaw=5.7deg rho=0.377 radial_res=+0.102 raw_ang=-167.0deg pred=(72.6,-167.4,-47.4)deg err=(+120.4,+0.4,-119.6)deg chosen=1 changed=0 corrected=-167.0deg residual=+0.0deg z=(-0.665,-0.778,-0.624) seen=(1,1,1)
[2026-07-21 01:49:18.174] [autoaim] [debug] [Outpost][OBS_INPUT] seq=5241 candidates=1 confidence=0.997 image=(670.0,640.9) image_dist=137.0 camera=(-0.110,0.150,2.467) gimbal=(2.577,0.145,-0.765) world=(2.577,0.145,-0.765) gimbal_ypr=(4.1,3.2,0.8)deg world_ypr=(4.1,3.2,0.8)deg
[2026-07-21 01:49:18.192] [autoaim] [debug] [Outpost][OBS_ASSOC] seq=5041 state=2 dt=0.0040s world=(2.593,0.161,-0.770) yaw=0.6deg rho=0.342 radial_res=+0.067 raw_ang=-171.9deg pred=(68.1,-171.9,-51.9)deg err=(+120.1,+0.1,-119.9)deg chosen=1 changed=0 corrected=-171.9deg residual=+0.0deg z=(-0.665,-0.778,-0.624) seen=(1,1,1)
[2026-07-21 01:49:18.212] [autoaim] [debug] [Outpost][SELECT] mode=ROTATING selected=1 observed=1 changed=false fresh=true unseen=0.000s phase=0.0deg model_ok=true fire=false diff=-34.1deg cmd=(7.50,-11.32)
[2026-07-21 01:49:18.216] [autoaim] [debug] [Outpost][SELECT_PHASE] current_angle=1.141 target_v_yaw=-2.513 normalized_omega=-2.513 prediction_dt=0.248 future_angle=0.517 current_plate=1 selected_plate=1 candidate_phase=2.612 candidate_z=-0.778
[2026-07-21 01:49:18.222] [autoaim] [debug] [Outpost][OBS_INPUT] seq=5251 candidates=1 confidence=1.000 image=(644.9,641.1) image_dist=153.4 camera=(-0.147,0.153,2.517) gimbal=(2.625,0.183,-0.782) world=(2.625,0.183,-0.782) gimbal_ypr=(4.2,2.0,-0.5)deg world_ypr=(4.2,2.0,-0.5)deg
[2026-07-21 01:49:18.354] [autoaim] [debug] [Outpost][SELECT_PHASE] current_angle=0.800 target_v_yaw=-2.513 normalized_omega=-2.513 prediction_dt=0.239 future_angle=0.199 current_plate=1 selected_plate=1 candidate_phase=2.294 candidate_z=-0.778
[2026-07-21 01:49:18.492] [autoaim] [debug] [Outpost][SELECT_PHASE] current_angle=0.446 target_v_yaw=-2.513 normalized_omega=-2.513 prediction_dt=0.232 future_angle=-0.136 current_plate=1 selected_plate=1 candidate_phase=1.958 candidate_z=-0.778
[2026-07-21 01:49:18.594] [autoaim] [debug] [Outpost][SELECT] mode=ROTATING selected=2 observed=1 changed=true fresh=false unseen=0.365s phase=0.0deg model_ok=false fire=false diff=34.7deg cmd=(0.79,-7.88)
[2026-07-21 01:49:18.595] [autoaim] [debug] [Outpost][SWITCH_COMMIT] t=30703.517 from=1 phase_best=2 height_plate=0 tracked_err=+159.8deg new_phase_err=+39.8deg jump=106.4deg z=-0.690 z_err=0.025 margin=0.041 z_confident=1
[2026-07-21 01:49:18.595] [autoaim] [debug] [Outpost][OBS_ASSOC] seq=5048 state=2 dt=0.3712s world=(3.057,-0.122,-0.690) yaw=43.2deg rho=0.354 radial_res=+0.079 raw_ang=-69.3deg pred=(10.9,130.9,-109.1)deg err=(-80.2,+159.8,+39.8)deg chosen=2 changed=1 corrected=-69.3deg residual=+0.0deg z=(-0.665,-0.778,-0.624) seen=(1,1,1)
[2026-07-21 01:49:18.601] [autoaim] [debug] [Outpost][IDENTITY_LOCK] t=30703.524 tracked=2 phase_best=2 height_candidate=0 tracked_err=+8.3deg new_phase_err=+8.3deg jump=7.7deg z=-0.679 z_err=0.014 margin=0.041
[2026-07-21 01:49:18.605] [autoaim] [debug] [Outpost][OBS_ASSOC] seq=5051 state=2 dt=0.0041s world=(2.973,-0.113,-0.666) yaw=43.9deg rho=0.325 radial_res=+0.050 raw_ang=-82.7deg pred=(44.7,164.7,-75.3)deg err=(-127.4,+112.6,-7.4)deg chosen=2 changed=0 corrected=-82.7deg residual=+0.0deg z=(-0.665,-0.778,-0.624) seen=(1,1,1)
[2026-07-21 01:49:18.613] [autoaim] [debug] [Outpost][SELECT_PHASE] current_angle=0.731 target_v_yaw=-2.513 normalized_omega=-2.513 prediction_dt=0.237 future_angle=0.135 current_plate=2 selected_plate=2 candidate_phase=-1.960 candidate_z=-0.624
[2026-07-21 01:49:18.637] [autoaim] [debug] [Outpost][OBS_INPUT] seq=5261 candidates=1 confidence=0.996 image=(840.1,493.9) image_dist=96.3 camera=(0.138,-0.056,2.801) gimbal=(2.958,-0.097,-0.658) world=(2.958,-0.097,-0.658) gimbal_ypr=(38.6,8.9,19.6)deg world_ypr=(38.6,8.9,19.6)deg
[2026-07-21 01:49:18.669] [autoaim] [debug] [Outpost][OBS_ASSOC] seq=5061 state=2 dt=0.0039s world=(2.848,-0.077,-0.625) yaw=35.9deg rho=0.298 radial_res=+0.023 raw_ang=-106.3deg pred=(16.8,136.8,-103.2)deg err=(-123.2,+116.8,-3.2)deg chosen=2 changed=0 corrected=-106.3deg residual=+0.0deg z=(-0.665,-0.778,-0.624) seen=(1,1,1)
[2026-07-21 01:49:18.701] [autoaim] [debug] [Outpost][OBS_INPUT] seq=5271 candidates=1 confidence=1.000 image=(818.8,489.4) image_dist=79.2 camera=(0.101,-0.060,2.682) gimbal=(2.845,-0.062,-0.621) world=(2.845,-0.062,-0.621) gimbal_ypr=(31.9,11.3,16.5)deg world_ypr=(31.9,11.3,16.5)deg
[2026-07-21 01:49:18.717] [autoaim] [debug] [Outpost][OBS_ASSOC] seq=5071 state=2 dt=0.0041s world=(2.840,-0.050,-0.618) yaw=29.2deg rho=0.275 radial_res=-0.000 raw_ang=-109.5deg pred=(10.8,130.8,-109.2)deg err=(-120.3,+119.7,-0.3)deg chosen=2 changed=0 corrected=-109.5deg residual=+0.0deg z=(-0.665,-0.778,-0.624) seen=(1,1,1)
[2026-07-21 01:49:18.739] [autoaim] [debug] [Outpost][SELECT_PHASE] current_angle=0.124 target_v_yaw=-2.513 normalized_omega=-2.513 prediction_dt=0.227 future_angle=-0.446 current_plate=2 selected_plate=2 candidate_phase=-2.541 candidate_z=-0.624
[2026-07-21 01:49:18.748] [autoaim] [debug] [Outpost][OBS_INPUT] seq=5281 candidates=1 confidence=0.989 image=(799.3,485.8) image_dist=65.8 camera=(0.070,-0.065,2.647) gimbal=(2.812,-0.031,-0.608) world=(2.812,-0.031,-0.608) gimbal_ypr=(153.6,167.4,-179.0)deg world_ypr=(153.6,167.4,-179.0)deg
[2026-07-21 01:49:18.776] [autoaim] [debug] [Outpost][OBS_ASSOC] seq=5081 state=2 dt=0.0038s world=(2.778,-0.013,-0.597) yaw=158.0deg rho=0.270 radial_res=-0.005 raw_ang=-124.7deg pred=(2.4,122.4,-117.6)deg err=(-127.0,+113.0,-7.0)deg chosen=2 changed=0 corrected=-124.7deg residual=+0.0deg z=(-0.665,-0.778,-0.624) seen=(1,1,1)
[2026-07-21 01:49:18.793] [autoaim] [debug] [Outpost][IMU] raw_deg=(0.00,0.00,0.00) solver_rad=(0.0000,-0.0000,0.0000)
[2026-07-21 01:49:18.794] [autoaim] [debug] [Outpost][OBS_INPUT] seq=5291 candidates=1 confidence=1.000 image=(777.8,483.1) image_dist=54.3 camera=(0.039,-0.068,2.622) gimbal=(2.788,-0.001,-0.598) world=(2.788,-0.001,-0.598) gimbal_ypr=(16.3,15.6,9.7)deg world_ypr=(16.3,15.6,9.7)deg
[2026-07-21 01:49:18.824] [autoaim] [debug] [Outpost][OBS_ASSOC] seq=5091 state=2 dt=0.0058s world=(2.741,0.019,-0.583) yaw=166.5deg rho=0.269 radial_res=-0.006 raw_ang=-135.1deg pred=(-5.2,114.8,-125.2)deg err=(-129.9,+110.1,-9.9)deg chosen=2 changed=0 corrected=-135.1deg residual=+0.0deg z=(-0.665,-0.778,-0.624) seen=(1,1,1)
[2026-07-21 01:49:18.830] [autoaim] [debug] [Outpost][SELECT_PHASE] current_angle=-0.188 target_v_yaw=-2.513 normalized_omega=-2.513 prediction_dt=0.224 future_angle=-0.752 current_plate=2 selected_plate=2 candidate_phase=-2.847 candidate_z=-0.624
[2026-07-21 01:49:18.830] [autoaim] [debug] [Outpost][SELECT] mode=ROTATING selected=2 observed=2 changed=false fresh=true unseen=0.000s phase=0.0deg model_ok=true fire=false diff=12.7deg cmd=(2.87,-8.23)
[2026-07-21 01:49:18.854] [autoaim] [debug] [Outpost][OBS_INPUT] seq=5301 candidates=1 confidence=1.000 image=(748.8,480.4) image_dist=50.1 camera=(-0.003,-0.071,2.575) gimbal=(2.743,0.040,-0.582) world=(2.743,0.040,-0.582) gimbal_ypr=(2.1,6.7,4.0)deg world_ypr=(2.1,6.7,4.0)deg
[2026-07-21 01:49:18.885] [autoaim] [debug] [Outpost][GEOM_OK] state=2 rho=0.279 res=+0.004 yaw_radial=155.6deg model_center=(2.932,0.209) center_minus=(2.424,0.020) center_plus=(2.969,0.098)
[2026-07-21 01:49:18.890] [autoaim] [debug] [Outpost][OBS_ASSOC] seq=5101 state=2 dt=0.0058s world=(2.696,0.062,-0.569) yaw=8.2deg rho=0.278 radial_res=+0.003 raw_ang=-148.1deg pred=(-28.3,91.7,-148.3)deg err=(-119.8,+120.2,+0.2)deg chosen=2 changed=0 corrected=-148.1deg residual=+0.0deg z=(-0.665,-0.778,-0.624) seen=(1,1,1)
[2026-07-21 01:49:18.922] [autoaim] [debug] [Outpost][OBS_INPUT] seq=5311 candidates=1 confidence=0.987 image=(716.4,478.6) image_dist=62.3 camera=(-0.048,-0.071,2.503) gimbal=(2.673,0.084,-0.562) world=(2.673,0.084,-0.562) gimbal_ypr=(175.4,178.8,-179.8)deg world_ypr=(175.4,178.8,-179.8)deg
[2026-07-21 01:49:18.954] [autoaim] [debug] [Outpost][OBS_ASSOC] seq=5111 state=2 dt=0.0143s world=(2.676,0.106,-0.562) yaw=3.6deg rho=0.276 radial_res=+0.001 raw_ang=-158.2deg pred=(-38.6,81.4,-158.6)deg err=(-119.6,+120.4,+0.4)deg chosen=2 changed=0 corrected=-158.2deg residual=+0.0deg z=(-0.665,-0.778,-0.624) seen=(1,1,1)
[2026-07-21 01:49:18.963] [autoaim] [debug] [Outpost][SELECT_PHASE] current_angle=-0.685 target_v_yaw=-2.513 normalized_omega=-2.513 prediction_dt=0.254 future_angle=-1.323 current_plate=2 selected_plate=2 candidate_phase=-3.417 candidate_z=-0.624
[2026-07-21 01:49:18.987] [autoaim] [debug] [Outpost][OBS_INPUT] seq=5321 candidates=1 confidence=0.936 image=(684.0,478.2) image_dist=85.0 camera=(-0.093,-0.072,2.516) gimbal=(2.685,0.129,-0.565) world=(2.685,0.129,-0.565) gimbal_ypr=(1.7,-0.8,-0.4)deg world_ypr=(1.7,-0.8,-0.4)deg
[2026-07-21 01:49:19.002] [autoaim] [debug] [Outpost][OBS_ASSOC] seq=5121 state=2 dt=0.0041s world=(2.697,0.144,-0.568) yaw=3.2deg rho=0.244 radial_res=-0.031 raw_ang=-164.6deg pred=(-44.5,75.5,-164.5)deg err=(-120.0,+120.0,-0.0)deg chosen=2 changed=0 corrected=-164.6deg residual=+0.0deg z=(-0.665,-0.778,-0.624) seen=(1,1,1)
[2026-07-21 01:49:19.035] [autoaim] [debug] [Outpost][OBS_INPUT] seq=5331 candidates=1 confidence=0.983 image=(658.0,478.9) image_dist=106.4 camera=(-0.131,-0.073,2.560) gimbal=(2.728,0.168,-0.576) world=(2.728,0.168,-0.576) gimbal_ypr=(8.1,3.7,-0.7)deg world_ypr=(8.1,3.7,-0.7)deg
[2026-07-21 01:49:19.067] [autoaim] [debug] [Outpost][OBS_ASSOC] seq=5131 state=2 dt=0.0059s world=(2.713,0.187,-0.574) yaw=170.6deg rho=0.220 radial_res=-0.055 raw_ang=-174.2deg pred=(-54.1,65.9,-174.1)deg err=(-120.0,+120.0,-0.0)deg chosen=2 changed=0 corrected=-174.2deg residual=+0.0deg z=(-0.665,-0.778,-0.624) seen=(1,1,1)
[2026-07-21 01:49:19.075] [autoaim] [debug] [Outpost][SELECT_PHASE] current_angle=-0.966 target_v_yaw=-2.513 normalized_omega=-2.513 prediction_dt=0.248 future_angle=-1.590 current_plate=2 selected_plate=2 candidate_phase=-3.684 candidate_z=-0.624
[2026-07-21 01:49:19.208] [autoaim] [debug] [Outpost][SELECT_PHASE] current_angle=-1.288 target_v_yaw=-2.513 normalized_omega=-2.513 prediction_dt=0.240 future_angle=-1.891 current_plate=2 selected_plate=2 candidate_phase=-3.985 candidate_z=-0.624
[2026-07-21 01:49:19.312] [autoaim] [debug] [Outpost][SELECT_PHASE] current_angle=-1.561 target_v_yaw=-2.513 normalized_omega=-2.513 prediction_dt=0.234 future_angle=-2.149 current_plate=2 selected_plate=2 candidate_phase=-4.244 candidate_z=-0.624
[2026-07-21 01:49:19.368] [autoaim] [debug] [Outpost][SWITCH_COMMIT] t=30704.290 from=2 phase_best=0 height_plate=1 tracked_err=+112.2deg new_phase_err=-7.8deg jump=68.8deg z=-0.751 z_err=0.027 margin=0.059 z_confident=1
[2026-07-21 01:49:19.368] [autoaim] [debug] [Outpost][OBS_ASSOC] seq=5132 state=2 dt=0.3011s world=(2.836,-0.139,-0.751) yaw=56.1deg rho=0.361 radial_res=+0.086 raw_ang=-105.3deg pred=(-97.5,22.5,142.5)deg err=(-7.8,-127.8,+112.2)deg chosen=0 changed=1 corrected=-105.3deg residual=+0.0deg z=(-0.665,-0.778,-0.624) seen=(1,1,1)
[2026-07-21 01:49:19.384] [autoaim] [debug] [Outpost][SELECT] mode=ROTATING selected=0 observed=0 changed=true fresh=true unseen=0.000s phase=0.0deg model_ok=true fire=false diff=28.3deg cmd=(1.34,-9.06)
[2026-07-21 01:49:19.392] [autoaim] [debug] [Outpost][OBS_INPUT] seq=5341 candidates=1 confidence=1.000 image=(864.5,573.2) image_dist=121.3 camera=(0.169,0.064,2.704) gimbal=(2.833,-0.131,-0.747) world=(2.833,-0.131,-0.747) gimbal_ypr=(52.0,1.7,24.8)deg world_ypr=(52.0,1.7,24.8)deg
[2026-07-21 01:49:19.424] [autoaim] [debug] [Outpost][OBS_ASSOC] seq=5141 state=2 dt=0.0040s world=(2.738,-0.114,-0.713) yaw=49.7deg rho=0.377 radial_res=+0.102 raw_ang=-121.0deg pred=(-117.6,2.4,122.4)deg err=(-3.4,-123.4,+116.6)deg chosen=0 changed=0 corrected=-121.0deg residual=+0.0deg z=(-0.665,-0.778,-0.624) seen=(1,1,1)
[2026-07-21 01:49:19.424] [autoaim] [debug] [Outpost][SELECT_PHASE] current_angle=-2.112 target_v_yaw=-2.513 normalized_omega=-2.513 prediction_dt=0.226 future_angle=-2.681 current_plate=0 selected_plate=0 candidate_phase=-2.681 candidate_z=-0.665
[2026-07-21 01:49:19.428] [autoaim] [debug] [Outpost][SELECT] mode=ROTATING selected=0 observed=0 changed=false fresh=true unseen=0.000s phase=0.0deg model_ok=true fire=false diff=26.9deg cmd=(1.47,-9.08)
[2026-07-21 01:49:19.458] [autoaim] [debug] [Outpost][OBS_INPUT] seq=5351 candidates=1 confidence=0.998 image=(847.3,568.2) image_dist=103.4 camera=(0.139,0.054,2.615) gimbal=(2.750,-0.102,-0.713) world=(2.750,-0.102,-0.713) gimbal_ypr=(44.9,5.1,21.7)deg world_ypr=(44.9,5.1,21.7)deg
[2026-07-21 01:49:19.476] [autoaim] [debug] [Outpost][OBS_ASSOC] seq=5151 state=2 dt=0.0039s world=(2.787,-0.094,-0.722) yaw=41.4deg rho=0.336 radial_res=+0.061 raw_ang=-115.5deg pred=(-125.1,-5.1,114.9)deg err=(+9.6,-110.4,+129.6)deg chosen=0 changed=0 corrected=-115.5deg residual=+0.0deg z=(-0.665,-0.778,-0.624) seen=(1,1,1)
[2026-07-21 01:49:19.509] [autoaim] [debug] [Outpost][OBS_INPUT] seq=5361 candidates=1 confidence=0.999 image=(830.4,564.5) image_dist=86.4 camera=(0.114,0.048,2.589) gimbal=(2.726,-0.077,-0.701) world=(2.726,-0.077,-0.701) gimbal_ypr=(37.9,6.2,18.9)deg world_ypr=(37.9,6.2,18.9)deg
[2026-07-21 01:49:19.541] [autoaim] [debug] [Outpost][SELECT_PHASE] current_angle=-2.206 target_v_yaw=-2.513 normalized_omega=-2.513 prediction_dt=0.226 future_angle=-2.773 current_plate=0 selected_plate=0 candidate_phase=-2.773 candidate_z=-0.665
[2026-07-21 01:49:19.544] [autoaim] [debug] [Outpost][OBS_ASSOC] seq=5161 state=2 dt=0.0040s world=(2.734,-0.058,-0.699) yaw=32.7deg rho=0.332 radial_res=+0.057 raw_ang=-126.6deg pred=(-127.0,-7.0,113.0)deg err=(+0.3,-119.7,+120.3)deg chosen=0 changed=0 corrected=-126.6deg residual=+0.0deg z=(-0.665,-0.778,-0.624) seen=(1,1,1)
[2026-07-21 01:49:19.585] [autoaim] [debug] [Outpost][OBS_INPUT] seq=5371 candidates=1 confidence=0.999 image=(800.6,559.2) image_dist=57.3 camera=(0.071,0.041,2.567) gimbal=(2.707,-0.034,-0.687) world=(2.707,-0.034,-0.687) gimbal_ypr=(28.0,10.1,14.6)deg world_ypr=(28.0,10.1,14.6)deg
[2026-07-21 01:49:19.621] [autoaim] [debug] [Outpost][OBS_ASSOC] seq=5171 state=2 dt=0.0040s world=(2.681,-0.011,-0.677) yaw=22.9deg rho=0.334 radial_res=+0.059 raw_ang=-138.8deg pred=(-138.6,-18.6,101.4)deg err=(-0.2,-120.2,+119.8)deg chosen=0 changed=0 corrected=-138.8deg residual=+0.0deg z=(-0.665,-0.778,-0.624) seen=(1,1,1)
[2026-07-21 01:49:19.653] [autoaim] [debug] [Outpost][OBS_INPUT] seq=5381 candidates=1 confidence=0.999 image=(769.5,555.9) image_dist=31.4 camera=(0.026,0.036,2.561) gimbal=(2.701,0.010,-0.681) world=(2.701,0.010,-0.681) gimbal_ypr=(16.6,12.5,9.9)deg world_ypr=(16.6,12.5,9.9)deg
[2026-07-21 01:49:19.688] [autoaim] [debug] [Outpost][SELECT_PHASE] current_angle=-2.518 target_v_yaw=-2.513 normalized_omega=-2.513 prediction_dt=0.262 future_angle=-3.176 current_plate=0 selected_plate=0 candidate_phase=-3.176 candidate_z=-0.665
[2026-07-21 01:49:19.690] [autoaim] [debug] [Outpost][OBS_ASSOC] seq=5181 state=2 dt=0.0053s world=(2.660,0.035,-0.667) yaw=13.6deg rho=0.323 radial_res=+0.048 raw_ang=-147.4deg pred=(-145.0,-25.0,95.0)deg err=(-2.3,-122.3,+117.7)deg chosen=0 changed=0 corrected=-147.4deg residual=+0.0deg z=(-0.665,-0.778,-0.624) seen=(1,1,1)
[2026-07-21 01:49:19.717] [autoaim] [debug] [Outpost][OBS_INPUT] seq=5391 candidates=1 confidence=0.999 image=(737.8,553.7) image_dist=26.8 camera=(-0.018,0.032,2.514) gimbal=(2.656,0.054,-0.665) world=(2.656,0.054,-0.665) gimbal_ypr=(6.3,6.2,4.9)deg world_ypr=(6.3,6.2,4.9)deg
[2026-07-21 01:49:19.745] [autoaim] [debug] [Outpost][OBS_ASSOC] seq=5191 state=2 dt=0.0027s world=(2.624,0.074,-0.654) yaw=174.8deg rho=0.337 radial_res=+0.062 raw_ang=-156.3deg pred=(-156.1,-36.1,83.9)deg err=(-0.2,-120.2,+119.8)deg chosen=0 changed=0 corrected=-156.3deg residual=+0.0deg z=(-0.665,-0.778,-0.624) seen=(1,1,1)
[2026-07-21 01:49:19.765] [autoaim] [debug] [Outpost][OBS_INPUT] seq=5401 candidates=1 confidence=0.999 image=(713.3,552.8) image_dist=43.9 camera=(-0.052,0.031,2.490) gimbal=(2.633,0.087,-0.656) world=(2.633,0.087,-0.656) gimbal_ypr=(177.4,177.1,-178.9)deg world_ypr=(177.4,177.1,-178.9)deg
[2026-07-21 01:49:19.794] [autoaim] [debug] [Outpost][GEOM_OK] state=2 rho=0.319 res=+0.044 yaw_radial=-20.2deg model_center=(2.932,0.209) center_minus=(2.905,0.100) center_plus=(2.355,0.114)
[2026-07-21 01:49:19.794] [autoaim] [debug] [Outpost][SELECT_PHASE] current_angle=-2.816 target_v_yaw=-2.513 normalized_omega=-2.513 prediction_dt=0.255 future_angle=-3.458 current_plate=0 selected_plate=0 candidate_phase=-3.458 candidate_z=-0.665
[2026-07-21 01:49:19.797] [autoaim] [debug] [Outpost][OBS_ASSOC] seq=5201 state=2 dt=0.0033s world=(2.631,0.110,-0.655) yaw=178.9deg rho=0.317 radial_res=+0.042 raw_ang=-161.8deg pred=(-161.8,-41.8,78.2)deg err=(+0.1,-119.9,+120.1)deg chosen=0 changed=0 corrected=-161.8deg residual=+0.0deg z=(-0.665,-0.778,-0.624) seen=(1,1,1)
[2026-07-21 01:49:19.826] [autoaim] [debug] [Outpost][OBS_INPUT] seq=5411 candidates=1 confidence=0.998 image=(682.7,552.2) image_dist=71.7 camera=(-0.093,0.029,2.481) gimbal=(2.624,0.129,-0.653) world=(2.624,0.129,-0.653) gimbal_ypr=(3.0,5.0,0.6)deg world_ypr=(3.0,5.0,0.6)deg
[2026-07-21 01:49:19.863] [autoaim] [debug] [Outpost][OBS_ASSOC] seq=5211 state=2 dt=0.0040s world=(2.642,0.155,-0.659) yaw=178.9deg rho=0.295 radial_res=+0.020 raw_ang=-169.4deg pred=(-169.4,-49.4,70.6)deg err=(-0.0,-120.0,+120.0)deg chosen=0 changed=0 corrected=-169.4deg residual=+0.0deg z=(-0.665,-0.778,-0.624) seen=(1,1,1)
[2026-07-21 01:49:19.898] [autoaim] [debug] [Outpost][OBS_INPUT] seq=5421 candidates=1 confidence=0.992 image=(646.9,552.8) image_dist=106.6 camera=(-0.146,0.031,2.539) gimbal=(2.679,0.182,-0.670) world=(2.679,0.182,-0.670) gimbal_ypr=(177.2,155.8,176.8)deg world_ypr=(177.2,155.8,176.8)deg
[2026-07-21 01:49:19.933] [autoaim] [debug] [Outpost][SELECT_PHASE] current_angle=-3.117 target_v_yaw=-2.513 normalized_omega=-2.513 prediction_dt=0.248 future_angle=-3.741 current_plate=0 selected_plate=0 candidate_phase=-3.741 candidate_z=-0.665
[2026-07-21 01:49:20.024] [autoaim] [debug] [Outpost][IMU] raw_deg=(0.00,0.00,0.00) solver_rad=(0.0000,-0.0000,0.0000)
[2026-07-21 01:49:20.063] [autoaim] [debug] [Outpost][SELECT_PHASE] current_angle=2.842 target_v_yaw=-2.513 normalized_omega=-2.513 prediction_dt=0.241 future_angle=2.236 current_plate=0 selected_plate=0 candidate_phase=2.236 candidate_z=-0.665
[2026-07-21 01:49:20.064] [autoaim] [debug] [Outpost][SELECT] mode=ROTATING selected=0 observed=0 changed=false fresh=false unseen=0.158s phase=0.0deg model_ok=false fire=false diff=-56.8deg cmd=(9.06,-8.38)
[2026-07-21 01:49:20.176] [autoaim] [debug] [Outpost][SELECT_PHASE] current_angle=2.546 target_v_yaw=-2.513 normalized_omega=-2.513 prediction_dt=0.235 future_angle=1.955 current_plate=0 selected_plate=0 candidate_phase=1.955 candidate_z=-0.665
[2026-07-21 01:49:20.264] [autoaim] [debug] [Outpost][SELECT] mode=ROTATING selected=1 observed=0 changed=true fresh=false unseen=0.358s phase=0.0deg model_ok=false fire=false diff=35.8deg cmd=(0.70,-11.22)
[2026-07-21 01:49:20.294] [autoaim] [debug] [Outpost][SELECT_PHASE] current_angle=2.257 target_v_yaw=-2.513 normalized_omega=-2.513 prediction_dt=0.231 future_angle=1.677 current_plate=0 selected_plate=1 candidate_phase=3.771 candidate_z=-0.778
[2026-07-21 01:49:20.319] [autoaim] [debug] [Outpost][SWITCH_COMMIT] t=30705.238 from=0 phase_best=1 height_plate=1 tracked_err=+124.6deg new_phase_err=+4.6deg jump=65.6deg z=-0.868 z_err=0.090 margin=0.113 z_confident=0
[2026-07-21 01:49:20.319] [autoaim] [debug] [Outpost][OBS_ASSOC] seq=5219 state=2 dt=0.4095s world=(2.820,-0.106,-0.868) yaw=41.2deg rho=0.334 radial_res=+0.059 raw_ang=-109.6deg pred=(125.9,-114.1,5.9)deg err=(+124.6,+4.6,-115.4)deg chosen=1 changed=1 corrected=-109.6deg residual=+0.0deg z=(-0.665,-0.778,-0.624) seen=(1,1,1)
[2026-07-21 01:49:20.323] [autoaim] [debug] [Outpost][OBS_ASSOC] seq=5221 state=2 dt=0.0040s world=(2.805,-0.101,-0.862) yaw=39.7deg rho=0.335 radial_res=+0.060 raw_ang=-112.2deg pred=(134.9,-105.1,14.9)deg err=(+112.9,-7.1,-127.1)deg chosen=1 changed=0 corrected=-112.2deg residual=+0.0deg z=(-0.665,-0.778,-0.624) seen=(1,1,1)
[2026-07-21 01:49:20.352] [autoaim] [debug] [Outpost][OBS_INPUT] seq=5431 candidates=1 confidence=0.998 image=(834.2,651.1) image_dist=146.5 camera=(0.121,0.175,2.633) gimbal=(2.734,-0.084,-0.834) world=(2.734,-0.084,-0.834) gimbal_ypr=(37.0,8.1,18.9)deg world_ypr=(37.0,8.1,18.9)deg
[2026-07-21 01:49:20.372] [autoaim] [debug] [Outpost][OBS_ASSOC] seq=5231 state=2 dt=0.0040s world=(2.746,-0.073,-0.837) yaw=33.3deg rho=0.338 radial_res=+0.063 raw_ang=-123.4deg pred=(118.2,-121.8,-1.8)deg err=(+118.4,-1.6,-121.6)deg chosen=1 changed=0 corrected=-123.4deg residual=+0.0deg z=(-0.665,-0.778,-0.624) seen=(1,1,1)
[2026-07-21 01:49:20.406] [autoaim] [debug] [Outpost][OBS_INPUT] seq=5441 candidates=1 confidence=0.999 image=(813.3,648.3) image_dist=133.3 camera=(0.091,0.171,2.634) gimbal=(2.736,-0.054,-0.831) world=(2.736,-0.054,-0.831) gimbal_ypr=(28.6,12.3,15.9)deg world_ypr=(28.6,12.3,15.9)deg
[2026-07-21 01:49:20.406] [autoaim] [debug] [Outpost][SELECT_PHASE] current_angle=1.977 target_v_yaw=-2.513 normalized_omega=-2.513 prediction_dt=0.228 future_angle=1.403 current_plate=1 selected_plate=1 candidate_phase=3.498 candidate_z=-0.778
[2026-07-21 01:49:20.436] [autoaim] [debug] [Outpost][OBS_ASSOC] seq=5241 state=2 dt=0.0039s world=(2.707,-0.033,-0.818) yaw=23.4deg rho=0.330 radial_res=+0.055 raw_ang=-133.0deg pred=(106.2,-133.8,-13.8)deg err=(+120.8,+0.8,-119.2)deg chosen=1 changed=0 corrected=-133.0deg residual=+0.0deg z=(-0.665,-0.778,-0.624) seen=(1,1,1)
[2026-07-21 01:49:20.464] [autoaim] [debug] [Outpost][OBS_INPUT] seq=5451 candidates=1 confidence=1.000 image=(786.2,645.3) image_dist=120.1 camera=(0.051,0.164,2.601) gimbal=(2.705,-0.014,-0.815) world=(2.705,-0.014,-0.815) gimbal_ypr=(18.5,14.1,11.1)deg world_ypr=(18.5,14.1,11.1)deg
[2026-07-21 01:49:20.494] [autoaim] [debug] [Outpost][OBS_ASSOC] seq=5251 state=2 dt=0.0059s world=(2.680,0.005,-0.805) yaw=14.0deg rho=0.323 radial_res=+0.048 raw_ang=-141.0deg pred=(96.1,-143.9,-23.9)deg err=(+122.9,+2.9,-117.1)deg chosen=1 changed=0 corrected=-141.0deg residual=+0.0deg z=(-0.665,-0.778,-0.624) seen=(1,1,1)
[2026-07-21 01:49:20.512] [autoaim] [debug] [Outpost][OBS_INPUT] seq=5461 candidates=1 confidence=1.000 image=(762.9,643.4) image_dist=113.6 camera=(0.017,0.158,2.537) gimbal=(2.645,0.019,-0.792) world=(2.645,0.019,-0.792) gimbal_ypr=(11.7,8.1,7.9)deg world_ypr=(11.7,8.1,7.9)deg
[2026-07-21 01:49:20.512] [autoaim] [debug] [Outpost][SELECT_PHASE] current_angle=1.632 target_v_yaw=-2.513 normalized_omega=-2.513 prediction_dt=0.258 future_angle=0.984 current_plate=1 selected_plate=1 candidate_phase=3.078 candidate_z=-0.778
[2026-07-21 01:49:20.545] [autoaim] [debug] [Outpost][OBS_ASSOC] seq=5261 state=2 dt=0.0040s world=(2.616,0.038,-0.781) yaw=10.5deg rho=0.359 radial_res=+0.084 raw_ang=-151.6deg pred=(90.2,-149.8,-29.8)deg err=(+118.1,-1.9,-121.9)deg chosen=1 changed=0 corrected=-151.6deg residual=+0.0deg z=(-0.665,-0.778,-0.624) seen=(1,1,1)
[2026-07-21 01:49:20.572] [autoaim] [debug] [Outpost][OBS_INPUT] seq=5471 candidates=1 confidence=0.998 image=(732.4,641.8) image_dist=112.9 camera=(-0.025,0.151,2.463) gimbal=(2.575,0.060,-0.765) world=(2.575,0.060,-0.765) gimbal_ypr=(8.4,0.8,5.1)deg world_ypr=(8.4,0.8,5.1)deg
[2026-07-21 01:49:20.606] [autoaim] [debug] [Outpost][OBS_ASSOC] seq=5271 state=2 dt=0.0036s world=(2.568,0.082,-0.762) yaw=8.9deg rho=0.386 radial_res=+0.111 raw_ang=-160.8deg pred=(79.1,-160.9,-40.9)deg err=(+120.1,+0.1,-119.9)deg chosen=1 changed=0 corrected=-160.8deg residual=+0.0deg z=(-0.665,-0.778,-0.624) seen=(1,1,1)
[2026-07-21 01:49:20.637] [autoaim] [debug] [Outpost][OBS_INPUT] seq=5481 candidates=1 confidence=0.999 image=(698.8,640.9) image_dist=122.2 camera=(-0.070,0.149,2.449) gimbal=(2.561,0.105,-0.759) world=(2.561,0.105,-0.759) gimbal_ypr=(7.3,38.9,3.5)deg world_ypr=(7.3,38.9,3.5)deg
[2026-07-21 01:49:20.637] [autoaim] [debug] [Outpost][SELECT_PHASE] current_angle=1.320 target_v_yaw=-2.513 normalized_omega=-2.513 prediction_dt=0.248 future_angle=0.696 current_plate=1 selected_plate=1 candidate_phase=2.791 candidate_z=-0.778
[2026-07-21 01:49:20.645] [autoaim] [debug] [Outpost][SELECT] mode=ROTATING selected=1 observed=1 changed=false fresh=true unseen=0.000s phase=0.0deg model_ok=true fire=false diff=-24.8deg cmd=(6.67,-11.52)
[2026-07-21 01:49:20.667] [autoaim] [debug] [Outpost][OBS_ASSOC] seq=5281 state=2 dt=0.0121s world=(2.565,0.126,-0.760) yaw=5.8deg rho=0.377 radial_res=+0.102 raw_ang=-167.2deg pred=(71.9,-168.1,-48.1)deg err=(+120.9,+0.9,-119.1)deg chosen=1 changed=0 corrected=-167.2deg residual=+0.0deg z=(-0.665,-0.778,-0.624) seen=(1,1,1)
[2026-07-21 01:49:20.689] [autoaim] [debug] [Outpost][OBS_INPUT] seq=5491 candidates=1 confidence=0.999 image=(671.0,640.8) image_dist=136.3 camera=(-0.109,0.150,2.467) gimbal=(2.577,0.144,-0.765) world=(2.577,0.144,-0.765) gimbal_ypr=(4.1,3.2,0.8)deg world_ypr=(4.1,3.2,0.8)deg
[2026-07-21 01:49:20.723] [autoaim] [debug] [Outpost][OBS_ASSOC] seq=5291 state=2 dt=0.0055s world=(2.610,0.169,-0.777) yaw=3.1deg rho=0.325 radial_res=+0.050 raw_ang=-172.9deg pred=(66.7,-173.3,-53.3)deg err=(+120.4,+0.4,-119.6)deg chosen=1 changed=0 corrected=-172.9deg residual=+0.0deg z=(-0.665,-0.778,-0.624) seen=(1,1,1)
[2026-07-21 01:49:20.773] [autoaim] [debug] [Outpost][SELECT_PHASE] current_angle=1.061 target_v_yaw=-2.513 normalized_omega=-2.513 prediction_dt=0.245 future_angle=0.446 current_plate=1 selected_plate=1 candidate_phase=2.540 candidate_z=-0.778
[2026-07-21 01:49:20.887] [autoaim] [debug] [Outpost][SELECT_PHASE] current_angle=0.770 target_v_yaw=-2.513 normalized_omega=-2.513 prediction_dt=0.238 future_angle=0.171 current_plate=1 selected_plate=1 candidate_phase=2.265 candidate_z=-0.778
[2026-07-21 01:49:21.002] [autoaim] [debug] [Outpost][SELECT_PHASE] current_angle=0.477 target_v_yaw=-2.513 normalized_omega=-2.513 prediction_dt=0.232 future_angle=-0.107 current_plate=1 selected_plate=1 candidate_phase=1.988 candidate_z=-0.778
[2026-07-21 01:49:21.102] [autoaim] [debug] [Outpost][SELECT] mode=ROTATING selected=2 observed=1 changed=true fresh=false unseen=0.351s phase=0.0deg model_ok=false fire=false diff=35.8deg cmd=(0.70,-7.85)
[2026-07-21 01:49:21.106] [autoaim] [debug] [Outpost][SELECT_PHASE] current_angle=0.214 target_v_yaw=-2.513 normalized_omega=-2.513 prediction_dt=0.228 future_angle=-0.359 current_plate=1 selected_plate=2 candidate_phase=-2.453 candidate_z=-0.624
[2026-07-21 01:49:21.117] [autoaim] [debug] [Outpost][SWITCH_COMMIT] t=30706.037 from=1 phase_best=2 height_plate=0 tracked_err=+160.1deg new_phase_err=+40.1deg jump=107.8deg z=-0.691 z_err=0.025 margin=0.041 z_confident=1
[2026-07-21 01:49:21.117] [autoaim] [debug] [Outpost][OBS_ASSOC] seq=5294 state=2 dt=0.3630s world=(3.060,-0.121,-0.691) yaw=43.6deg rho=0.354 radial_res=+0.079 raw_ang=-68.7deg pred=(11.1,131.1,-108.9)deg err=(-79.9,+160.1,+40.1)deg chosen=2 changed=1 corrected=-68.7deg residual=+0.0deg z=(-0.665,-0.778,-0.624) seen=(1,1,1)
[2026-07-21 01:49:21.134] [autoaim] [debug] [Outpost][OBS_INPUT] seq=5501 candidates=1 confidence=0.999 image=(846.8,495.7) image_dist=101.9 camera=(0.149,-0.053,2.811) gimbal=(2.968,-0.108,-0.663) world=(2.968,-0.108,-0.663) gimbal_ypr=(41.3,6.5,20.6)deg world_ypr=(41.3,6.5,20.6)deg
[2026-07-21 01:49:21.154] [autoaim] [debug] [Outpost][GEOM_OK] state=2 rho=0.308 res=+0.033 yaw_radial=131.5deg model_center=(2.932,0.209) center_minus=(2.715,-0.276) center_plus=(3.135,0.079)
[2026-07-21 01:49:21.172] [autoaim] [debug] [Outpost][OBS_ASSOC] seq=5301 state=2 dt=0.0133s world=(2.938,-0.091,-0.651) yaw=37.3deg rho=0.300 radial_res=+0.025 raw_ang=-88.8deg pred=(26.8,146.8,-93.2)deg err=(-115.6,+124.4,+4.4)deg chosen=2 changed=0 corrected=-88.8deg residual=+0.0deg z=(-0.665,-0.778,-0.624) seen=(1,1,1)
[2026-07-21 01:49:21.183] [autoaim] [debug] [Outpost][IMU] raw_deg=(0.00,0.00,0.00) solver_rad=(0.0000,-0.0000,0.0000)
[2026-07-21 01:49:21.186] [autoaim] [debug] [Outpost][OBS_INPUT] seq=5511 candidates=1 confidence=0.999 image=(829.2,491.2) image_dist=87.4 camera=(0.118,-0.058,2.716) gimbal=(2.878,-0.078,-0.633) world=(2.878,-0.078,-0.633) gimbal_ypr=(35.2,9.1,17.8)deg world_ypr=(35.2,9.1,17.8)deg
[2026-07-21 01:49:21.219] [autoaim] [debug] [Outpost][OBS_ASSOC] seq=5311 state=2 dt=0.0039s world=(2.845,-0.059,-0.620) yaw=30.8deg rho=0.282 radial_res=+0.007 raw_ang=-107.9deg pred=(17.3,137.3,-102.7)deg err=(-125.2,+114.8,-5.2)deg chosen=2 changed=0 corrected=-107.9deg residual=+0.0deg z=(-0.665,-0.778,-0.624) seen=(1,1,1)
[2026-07-21 01:49:21.224] [autoaim] [debug] [Outpost][SELECT_PHASE] current_angle=0.217 target_v_yaw=-2.513 normalized_omega=-2.513 prediction_dt=0.228 future_angle=-0.356 current_plate=2 selected_plate=2 candidate_phase=-2.451 candidate_z=-0.624
[2026-07-21 01:49:21.255] [autoaim] [debug] [Outpost][SELECT] mode=ROTATING selected=2 observed=2 changed=false fresh=true unseen=0.000s phase=0.0deg model_ok=true fire=false diff=27.8deg cmd=(1.39,-7.97)
[2026-07-21 01:49:21.259] [autoaim] [debug] [Outpost][OBS_INPUT] seq=5521 candidates=1 confidence=0.999 image=(800.8,486.2) image_dist=66.5 camera=(0.072,-0.064,2.644) gimbal=(2.809,-0.033,-0.607) world=(2.809,-0.033,-0.607) gimbal_ypr=(152.5,167.6,-179.3)deg world_ypr=(152.5,167.6,-179.3)deg
[2026-07-21 01:49:21.296] [autoaim] [debug] [Outpost][OBS_ASSOC] seq=5321 state=2 dt=0.0039s world=(2.812,-0.011,-0.605) yaw=160.6deg rho=0.250 radial_res=-0.025 raw_ang=-118.6deg pred=(2.5,122.5,-117.5)deg err=(-121.1,+118.9,-1.1)deg chosen=2 changed=0 corrected=-118.6deg residual=+0.0deg z=(-0.665,-0.778,-0.624) seen=(1,1,1)
[2026-07-21 01:49:21.363] [autoaim] [debug] [Outpost][OBS_INPUT] seq=5531 candidates=1 confidence=0.996 image=(754.0,480.6) image_dist=49.9 camera=(0.004,-0.070,2.585) gimbal=(2.752,0.034,-0.585) world=(2.752,0.034,-0.585) gimbal_ypr=(173.5,170.4,-177.5)deg world_ypr=(173.5,170.4,-177.5)deg
[2026-07-21 01:49:21.394] [autoaim] [debug] [Outpost][OBS_ASSOC] seq=5331 state=2 dt=0.0053s world=(2.724,0.052,-0.577) yaw=1.3deg rho=0.261 radial_res=-0.014 raw_ang=-142.9deg pred=(-23.0,97.0,-143.0)deg err=(-119.9,+120.1,+0.1)deg chosen=2 changed=0 corrected=-142.9deg residual=+0.0deg z=(-0.665,-0.778,-0.624) seen=(1,1,1)
[2026-07-21 01:49:21.397] [autoaim] [debug] [Outpost][SELECT_PHASE] current_angle=-0.423 target_v_yaw=-2.513 normalized_omega=-2.513 prediction_dt=0.259 future_angle=-1.075 current_plate=2 selected_plate=2 candidate_phase=-3.169 candidate_z=-0.624
[2026-07-21 01:49:21.427] [autoaim] [debug] [Outpost][OBS_INPUT] seq=5541 candidates=1 confidence=0.999 image=(722.6,478.9) image_dist=58.9 camera=(-0.039,-0.071,2.504) gimbal=(2.674,0.076,-0.563) world=(2.674,0.076,-0.563) gimbal_ypr=(9.2,29.9,4.0)deg world_ypr=(9.2,29.9,4.0)deg
[2026-07-21 01:49:21.459] [autoaim] [debug] [Outpost][OBS_ASSOC] seq=5341 state=2 dt=0.0136s world=(2.670,0.095,-0.561) yaw=7.1deg rho=0.285 radial_res=+0.010 raw_ang=-156.5deg pred=(-35.9,84.1,-155.9)deg err=(-120.6,+119.4,-0.6)deg chosen=2 changed=0 corrected=-156.5deg residual=+0.0deg z=(-0.665,-0.778,-0.624) seen=(1,1,1)
[2026-07-21 01:49:21.475] [autoaim] [debug] [Outpost][OBS_INPUT] seq=5551 candidates=1 confidence=0.996 image=(698.1,478.3) image_dist=74.4 camera=(-0.073,-0.072,2.506) gimbal=(2.676,0.109,-0.562) world=(2.676,0.109,-0.562) gimbal_ypr=(3.7,32.6,1.0)deg world_ypr=(3.7,32.6,1.0)deg
[2026-07-21 01:49:21.503] [autoaim] [debug] [Outpost][OBS_ASSOC] seq=5351 state=2 dt=0.0038s world=(2.674,0.130,-0.562) yaw=0.5deg rho=0.269 radial_res=-0.006 raw_ang=-162.9deg pred=(-42.5,77.5,-162.5)deg err=(-120.4,+119.6,-0.4)deg chosen=2 changed=0 corrected=-162.9deg residual=+0.0deg z=(-0.665,-0.778,-0.624) seen=(1,1,1)
[2026-07-21 01:49:21.508] [autoaim] [debug] [Outpost][SELECT_PHASE] current_angle=-0.759 target_v_yaw=-2.513 normalized_omega=-2.513 prediction_dt=0.252 future_angle=-1.393 current_plate=2 selected_plate=2 candidate_phase=-3.487 candidate_z=-0.624
[2026-07-21 01:49:21.536] [autoaim] [debug] [Outpost][OBS_INPUT] seq=5561 candidates=1 confidence=0.799 image=(666.8,478.3) image_dist=99.1 camera=(-0.116,-0.072,2.502) gimbal=(2.671,0.152,-0.561) world=(2.671,0.152,-0.561) gimbal_ypr=(176.0,153.0,177.3)deg world_ypr=(176.0,153.0,177.3)deg
[2026-07-21 01:49:21.579] [autoaim] [debug] [Outpost][OBS_ASSOC] seq=5361 state=2 dt=0.0159s world=(2.754,0.181,-0.583) yaw=2.0deg rho=0.181 radial_res=-0.094 raw_ang=-171.0deg pred=(-51.2,68.8,-171.2)deg err=(-119.9,+120.1,+0.1)deg chosen=2 changed=0 corrected=-171.0deg residual=+0.0deg z=(-0.665,-0.778,-0.624) seen=(1,1,1)
[2026-07-21 01:49:21.644] [autoaim] [debug] [Outpost][SELECT_PHASE] current_angle=-1.106 target_v_yaw=-2.513 normalized_omega=-2.513 prediction_dt=0.244 future_angle=-1.719 current_plate=2 selected_plate=2 candidate_phase=-3.813 candidate_z=-0.624
[2026-07-21 01:49:21.756] [autoaim] [debug] [Outpost][SELECT_PHASE] current_angle=-1.387 target_v_yaw=-2.513 normalized_omega=-2.513 prediction_dt=0.238 future_angle=-1.985 current_plate=2 selected_plate=2 candidate_phase=-4.079 candidate_z=-0.624
[2026-07-21 01:49:21.869] [autoaim] [debug] [Outpost][SELECT_PHASE] current_angle=-1.670 target_v_yaw=-2.513 normalized_omega=-2.513 prediction_dt=0.232 future_angle=-2.254 current_plate=2 selected_plate=2 candidate_phase=-4.348 candidate_z=-0.624
[2026-07-21 01:49:21.894] [autoaim] [debug] [Outpost][SELECT] mode=ROTATING selected=2 observed=2 changed=false fresh=false unseen=0.310s phase=0.0deg model_ok=false fire=false diff=-76.8deg cmd=(9.65,-7.02)
[2026-07-21 01:49:21.908] [autoaim] [debug] [Outpost][SWITCH_COMMIT] t=30706.830 from=2 phase_best=0 height_plate=1 tracked_err=+110.4deg new_phase_err=-9.6deg jump=63.8deg z=-0.738 z_err=0.040 margin=0.032 z_confident=1
[2026-07-21 01:49:21.908] [autoaim] [debug] [Outpost][OBS_ASSOC] seq=5364 state=2 dt=0.3238s world=(2.802,-0.131,-0.738) yaw=54.0deg rho=0.364 radial_res=+0.089 raw_ang=-110.9deg pred=(-101.3,18.7,138.7)deg err=(-9.6,-129.6,+110.4)deg chosen=0 changed=1 corrected=-110.9deg residual=+0.0deg z=(-0.665,-0.778,-0.624) seen=(1,1,1)
[2026-07-21 01:49:21.933] [autoaim] [debug] [Outpost][SELECT] mode=ROTATING selected=0 observed=0 changed=true fresh=true unseen=0.022s phase=0.0deg model_ok=true fire=false diff=29.0deg cmd=(1.28,-9.05)
[2026-07-21 01:49:21.937] [autoaim] [debug] [Outpost][OBS_INPUT] seq=5571 candidates=1 confidence=1.000 image=(858.1,571.2) image_dist=114.5 camera=(0.155,0.058,2.624) gimbal=(2.758,-0.117,-0.720) world=(2.758,-0.117,-0.720) gimbal_ypr=(49.9,3.1,23.3)deg world_ypr=(49.9,3.1,23.3)deg
[2026-07-21 01:49:21.973] [autoaim] [debug] [Outpost][OBS_ASSOC] seq=5371 state=2 dt=0.0041s world=(2.756,-0.103,-0.715) yaw=45.3deg rho=0.358 radial_res=+0.083 raw_ang=-119.5deg pred=(-120.9,-0.9,119.1)deg err=(+1.5,-118.5,+121.5)deg chosen=0 changed=0 corrected=-119.5deg residual=+0.0deg z=(-0.665,-0.778,-0.624) seen=(1,1,1)
[2026-07-21 01:49:22.002] [autoaim] [debug] [Outpost][OBS_INPUT] seq=5581 candidates=1 confidence=1.000 image=(839.0,566.0) image_dist=94.9 camera=(0.126,0.050,2.580) gimbal=(2.717,-0.089,-0.700) world=(2.717,-0.089,-0.700) gimbal_ypr=(42.0,6.1,20.5)deg world_ypr=(42.0,6.1,20.5)deg
[2026-07-21 01:49:22.010] [autoaim] [debug] [Outpost][SELECT_PHASE] current_angle=-2.099 target_v_yaw=-2.513 normalized_omega=-2.513 prediction_dt=0.227 future_angle=-2.668 current_plate=0 selected_plate=0 candidate_phase=-2.668 candidate_z=-0.665
[2026-07-21 01:49:22.038] [autoaim] [debug] [Outpost][OBS_ASSOC] seq=5381 state=2 dt=0.0039s world=(2.726,-0.071,-0.699) yaw=36.3deg rho=0.347 radial_res=+0.072 raw_ang=-126.3deg pred=(-122.7,-2.7,117.3)deg err=(-3.6,-123.6,+116.4)deg chosen=0 changed=0 corrected=-126.3deg residual=+0.0deg z=(-0.665,-0.778,-0.624) seen=(1,1,1)
[2026-07-21 01:49:22.070] [autoaim] [debug] [Outpost][OBS_INPUT] seq=5591 candidates=1 confidence=1.000 image=(814.1,561.4) image_dist=70.2 camera=(0.091,0.044,2.595) gimbal=(2.733,-0.053,-0.698) world=(2.733,-0.053,-0.698) gimbal_ypr=(31.4,8.2,16.1)deg world_ypr=(31.4,8.2,16.1)deg
[2026-07-21 01:49:22.107] [autoaim] [debug] [Outpost][OBS_ASSOC] seq=5391 state=2 dt=0.0201s world=(2.707,-0.032,-0.687) yaw=27.2deg rho=0.329 radial_res=+0.054 raw_ang=-133.1deg pred=(-134.7,-14.7,105.3)deg err=(+1.7,-118.3,+121.7)deg chosen=0 changed=0 corrected=-133.1deg residual=+0.0deg z=(-0.665,-0.778,-0.624) seen=(1,1,1)
[2026-07-21 01:49:22.145] [autoaim] [debug] [Outpost][OBS_INPUT] seq=5601 candidates=1 confidence=0.998 image=(783.1,557.4) image_dist=41.8 camera=(0.045,0.038,2.557) gimbal=(2.697,-0.009,-0.682) world=(2.697,-0.009,-0.682) gimbal_ypr=(22.2,13.3,12.0)deg world_ypr=(22.2,13.3,12.0)deg
[2026-07-21 01:49:22.150] [autoaim] [debug] [Outpost][SELECT_PHASE] current_angle=-2.464 target_v_yaw=-2.513 normalized_omega=-2.513 prediction_dt=0.263 future_angle=-3.124 current_plate=0 selected_plate=0 candidate_phase=-3.124 candidate_z=-0.665
[2026-07-21 01:49:22.158] [autoaim] [debug] [Outpost][GEOM_OK] state=2 rho=0.302 res=+0.027 yaw_radial=154.0deg model_center=(2.932,0.209) center_minus=(2.450,-0.081) center_plus=(2.975,0.084)
[2026-07-21 01:49:22.173] [autoaim] [debug] [Outpost][OBS_ASSOC] seq=5401 state=2 dt=0.0122s world=(2.742,0.010,-0.693) yaw=12.7deg rho=0.275 radial_res=-0.000 raw_ang=-133.6deg pred=(-138.4,-18.4,101.6)deg err=(+4.8,-115.2,+124.8)deg chosen=0 changed=0 corrected=-133.6deg residual=+0.0deg z=(-0.665,-0.778,-0.624) seen=(1,1,1)
[2026-07-21 01:49:22.192] [autoaim] [debug] [Outpost][OBS_INPUT] seq=5611 candidates=1 confidence=1.000 image=(760.4,555.3) image_dist=26.5 camera=(0.014,0.035,2.541) gimbal=(2.682,0.023,-0.674) world=(2.682,0.023,-0.674) gimbal_ypr=(15.0,14.9,9.1)deg world_ypr=(15.0,14.9,9.1)deg
[2026-07-21 01:49:22.226] [autoaim] [debug] [Outpost][OBS_ASSOC] seq=5411 state=2 dt=0.0040s world=(2.656,0.048,-0.665) yaw=10.8deg rho=0.320 radial_res=+0.045 raw_ang=-149.7deg pred=(-147.2,-27.2,92.8)deg err=(-2.5,-122.5,+117.5)deg chosen=0 changed=0 corrected=-149.7deg residual=+0.0deg z=(-0.665,-0.778,-0.624) seen=(1,1,1)
[2026-07-21 01:49:22.259] [autoaim] [debug] [Outpost][OBS_INPUT] seq=5621 candidates=1 confidence=0.999 image=(726.7,553.1) image_dist=33.3 camera=(-0.033,0.031,2.500) gimbal=(2.643,0.069,-0.660) world=(2.643,0.069,-0.660) gimbal_ypr=(174.1,171.6,-179.5)deg world_ypr=(174.1,171.6,-179.5)deg
[2026-07-21 01:49:22.278] [autoaim] [debug] [Outpost][SELECT_PHASE] current_angle=-2.733 target_v_yaw=-2.513 normalized_omega=-2.513 prediction_dt=0.257 future_angle=-3.379 current_plate=0 selected_plate=0 candidate_phase=-3.379 candidate_z=-0.665
[2026-07-21 01:49:22.287] [autoaim] [debug] [Outpost][OBS_ASSOC] seq=5421 state=2 dt=0.0043s world=(2.631,0.089,-0.656) yaw=4.2deg rho=0.324 radial_res=+0.049 raw_ang=-158.2deg pred=(-158.2,-38.2,81.8)deg err=(+0.1,-119.9,+120.1)deg chosen=0 changed=0 corrected=-158.2deg residual=+0.0deg z=(-0.665,-0.778,-0.624) seen=(1,1,1)
[2026-07-21 01:49:22.323] [autoaim] [debug] [Outpost][OBS_INPUT] seq=5631 candidates=1 confidence=0.998 image=(694.2,552.1) image_dist=60.9 camera=(-0.077,0.030,2.476) gimbal=(2.620,0.113,-0.652) world=(2.620,0.113,-0.652) gimbal_ypr=(179.3,178.7,-179.6)deg world_ypr=(179.3,178.7,-179.6)deg
[2026-07-21 01:49:22.391] [autoaim] [debug] [Outpost][OBS_ASSOC] seq=5431 state=2 dt=0.0078s world=(2.642,0.162,-0.659) yaw=179.0deg rho=0.294 radial_res=+0.019 raw_ang=-170.7deg pred=(-170.8,-50.8,69.2)deg err=(+0.0,-120.0,+120.0)deg chosen=0 changed=0 corrected=-170.7deg residual=+0.0deg z=(-0.665,-0.778,-0.624) seen=(1,1,1)
[2026-07-21 01:49:22.426] [autoaim] [debug] [Outpost][OBS_INPUT] seq=5641 candidates=1 confidence=0.999 image=(644.1,553.1) image_dist=109.4 camera=(-0.151,0.032,2.574) gimbal=(2.712,0.188,-0.681) world=(2.712,0.188,-0.681) gimbal_ypr=(5.5,4.2,-0.8)deg world_ypr=(5.5,4.2,-0.8)deg
[2026-07-21 01:49:22.436] [autoaim] [debug] [Outpost][SELECT_PHASE] current_angle=-3.076 target_v_yaw=-2.513 normalized_omega=-2.513 prediction_dt=0.248 future_angle=-3.700 current_plate=0 selected_plate=0 candidate_phase=-3.700 candidate_z=-0.665
[2026-07-21 01:49:22.514] [autoaim] [debug] [Outpost][IMU] raw_deg=(0.00,0.00,0.00) solver_rad=(0.0000,-0.0000,0.0000)
[2026-07-21 01:49:22.567] [autoaim] [debug] [Outpost][SELECT_PHASE] current_angle=2.884 target_v_yaw=-2.513 normalized_omega=-2.513 prediction_dt=0.242 future_angle=2.276 current_plate=0 selected_plate=0 candidate_phase=2.276 candidate_z=-0.665
[2026-07-21 01:49:22.579] [autoaim] [debug] [Outpost][SELECT] mode=ROTATING selected=0 observed=0 changed=false fresh=false unseen=0.151s phase=0.0deg model_ok=false fire=false diff=-56.0deg cmd=(9.05,-8.44)
[2026-07-21 01:49:22.680] [autoaim] [debug] [Outpost][SELECT_PHASE] current_angle=2.592 target_v_yaw=-2.513 normalized_omega=-2.513 prediction_dt=0.236 future_angle=1.998 current_plate=0 selected_plate=0 candidate_phase=1.998 candidate_z=-0.665
[2026-07-21 01:49:22.784] [autoaim] [debug] [Outpost][SELECT] mode=ROTATING selected=1 observed=0 changed=true fresh=false unseen=0.356s phase=0.0deg model_ok=false fire=false diff=35.8deg cmd=(0.70,-11.22)
[2026-07-21 01:49:22.788] [autoaim] [debug] [Outpost][SELECT_PHASE] current_angle=2.319 target_v_yaw=-2.513 normalized_omega=-2.513 prediction_dt=0.232 future_angle=1.737 current_plate=0 selected_plate=1 candidate_phase=3.831 candidate_z=-0.778
[2026-07-21 01:49:22.821] [autoaim] [debug] [Outpost][SWITCH_COMMIT] t=30707.743 from=0 phase_best=1 height_plate=1 tracked_err=+124.9deg new_phase_err=+4.9deg jump=68.5deg z=-0.875 z_err=0.097 margin=0.113 z_confident=0
[2026-07-21 01:49:22.822] [autoaim] [debug] [Outpost][OBS_ASSOC] seq=5438 state=2 dt=0.3918s world=(2.834,-0.114,-0.875) yaw=42.9deg rho=0.337 radial_res=+0.062 raw_ang=-106.8deg pred=(128.3,-111.7,8.3)deg err=(+124.9,+4.9,-115.1)deg chosen=1 changed=1 corrected=-106.8deg residual=+0.0deg z=(-0.665,-0.778,-0.624) seen=(1,1,1)
[2026-07-21 01:49:22.841] [autoaim] [debug] [Outpost][OBS_ASSOC] seq=5441 state=2 dt=0.0081s world=(2.827,-0.103,-0.871) yaw=39.7deg rho=0.329 radial_res=+0.054 raw_ang=-108.5deg pred=(130.6,-109.4,10.6)deg err=(+120.9,+0.9,-119.1)deg chosen=1 changed=0 corrected=-108.5deg residual=+0.0deg z=(-0.665,-0.778,-0.624) seen=(1,1,1)
[2026-07-21 01:49:22.872] [autoaim] [debug] [Outpost][OBS_INPUT] seq=5651 candidates=1 confidence=1.000 image=(833.6,651.1) image_dist=146.2 camera=(0.121,0.175,2.639) gimbal=(2.740,-0.083,-0.836) world=(2.740,-0.083,-0.836) gimbal_ypr=(36.6,8.2,18.8)deg world_ypr=(36.6,8.2,18.8)deg
[2026-07-21 01:49:22.901] [autoaim] [debug] [Outpost][SELECT_PHASE] current_angle=2.013 target_v_yaw=-2.513 normalized_omega=-2.513 prediction_dt=0.229 future_angle=1.439 current_plate=1 selected_plate=1 candidate_phase=3.533 candidate_z=-0.778
[2026-07-21 01:49:22.905] [autoaim] [debug] [Outpost][OBS_ASSOC] seq=5451 state=2 dt=0.0042s world=(2.741,-0.065,-0.834) yaw=31.7deg rho=0.334 radial_res=+0.059 raw_ang=-124.9deg pred=(114.8,-125.2,-5.2)deg err=(+120.3,+0.3,-119.7)deg chosen=1 changed=0 corrected=-124.9deg residual=+0.0deg z=(-0.665,-0.778,-0.624) seen=(1,1,1)
[2026-07-21 01:49:22.937] [autoaim] [debug] [Outpost][OBS_INPUT] seq=5661 candidates=1 confidence=0.999 image=(807.2,647.3) image_dist=129.6 camera=(0.082,0.169,2.638) gimbal=(2.739,-0.045,-0.830) world=(2.739,-0.045,-0.830) gimbal_ypr=(24.5,7.9,14.0)deg world_ypr=(24.5,7.9,14.0)deg
[2026-07-21 01:49:22.967] [autoaim] [debug] [Outpost][OBS_ASSOC] seq=5461 state=2 dt=0.0063s world=(2.723,-0.026,-0.822) yaw=20.5deg rho=0.314 radial_res=+0.039 raw_ang=-131.7deg pred=(101.8,-138.2,-18.2)deg err=(+126.5,+6.5,-113.5)deg chosen=1 changed=0 corrected=-131.7deg residual=+0.0deg z=(-0.665,-0.778,-0.624) seen=(1,1,1)
[2026-07-21 01:49:22.985] [autoaim] [debug] [Outpost][OBS_INPUT] seq=5671 candidates=1 confidence=0.999 image=(784.9,645.1) image_dist=119.6 camera=(0.049,0.164,2.592) gimbal=(2.697,-0.012,-0.812) world=(2.697,-0.012,-0.812) gimbal_ypr=(17.3,10.0,10.8)deg world_ypr=(17.3,10.0,10.8)deg
[2026-07-21 01:49:23.009] [autoaim] [debug] [Outpost][SELECT_PHASE] current_angle=1.658 target_v_yaw=-2.513 normalized_omega=-2.513 prediction_dt=0.258 future_angle=1.009 current_plate=1 selected_plate=1 candidate_phase=3.103 candidate_z=-0.778
[2026-07-21 01:49:23.013] [autoaim] [debug] [Outpost][OBS_ASSOC] seq=5471 state=2 dt=0.0039s world=(2.655,0.008,-0.796) yaw=14.0deg rho=0.342 radial_res=+0.067 raw_ang=-144.0deg pred=(94.4,-145.6,-25.6)deg err=(+121.6,+1.6,-118.4)deg chosen=1 changed=0 corrected=-144.0deg residual=+0.0deg z=(-0.665,-0.778,-0.624) seen=(1,1,1)
[2026-07-21 01:49:23.045] [autoaim] [debug] [Outpost][OBS_INPUT] seq=5681 candidates=1 confidence=0.999 image=(755.2,643.2) image_dist=112.9 camera=(0.006,0.157,2.538) gimbal=(2.646,0.030,-0.791) world=(2.646,0.030,-0.791) gimbal_ypr=(7.7,30.8,6.0)deg world_ypr=(7.7,30.8,6.0)deg
[2026-07-21 01:49:23.090] [autoaim] [debug] [Outpost][OBS_ASSOC] seq=5481 state=2 dt=0.0079s world=(2.577,0.057,-0.766) yaw=8.4deg rho=0.386 radial_res=+0.111 raw_ang=-156.8deg pred=(82.9,-157.1,-37.1)deg err=(+120.3,+0.3,-119.7)deg chosen=1 changed=0 corrected=-156.8deg residual=+0.0deg z=(-0.665,-0.778,-0.624) seen=(1,1,1)
[2026-07-21 01:49:23.122] [autoaim] [debug] [Outpost][OBS_INPUT] seq=5691 candidates=1 confidence=1.000 image=(715.9,641.4) image_dist=116.4 camera=(-0.047,0.150,2.456) gimbal=(2.568,0.082,-0.762) world=(2.568,0.082,-0.762) gimbal_ypr=(8.9,38.4,4.6)deg world_ypr=(8.9,38.4,4.6)deg
[2026-07-21 01:49:23.156] [autoaim] [debug] [Outpost][SELECT_PHASE] current_angle=1.315 target_v_yaw=-2.513 normalized_omega=-2.513 prediction_dt=0.248 future_angle=0.691 current_plate=1 selected_plate=1 candidate_phase=2.786 candidate_z=-0.778
[2026-07-21 01:49:23.159] [autoaim] [debug] [Outpost][OBS_ASSOC] seq=5491 state=2 dt=0.0039s world=(2.550,0.107,-0.755) yaw=7.3deg rho=0.395 radial_res=+0.120 raw_ang=-165.0deg pred=(74.8,-165.2,-45.2)deg err=(+120.1,+0.1,-119.9)deg chosen=1 changed=0 corrected=-165.0deg residual=+0.0deg z=(-0.665,-0.778,-0.624) seen=(1,1,1)
[2026-07-21 01:49:23.188] [autoaim] [debug] [Outpost][SELECT] mode=ROTATING selected=1 observed=1 changed=false fresh=true unseen=0.000s phase=0.0deg model_ok=true fire=false diff=-27.1deg cmd=(6.90,-11.44)
[2026-07-21 01:49:23.190] [autoaim] [debug] [Outpost][OBS_INPUT] seq=5701 candidates=1 confidence=0.997 image=(680.2,640.7) image_dist=131.1 camera=(-0.096,0.149,2.465) gimbal=(2.576,0.131,-0.764) world=(2.576,0.131,-0.764) gimbal_ypr=(6.0,37.9,2.4)deg world_ypr=(6.0,37.9,2.4)deg
[2026-07-21 01:49:23.223] [autoaim] [debug] [Outpost][GEOM_OK] state=2 rho=0.359 res=+0.084 yaw_radial=173.9deg model_center=(2.932,0.209) center_minus=(2.303,0.136) center_plus=(2.852,0.166)
[2026-07-21 01:49:23.224] [autoaim] [debug] [Outpost][OBS_ASSOC] seq=5501 state=2 dt=0.0040s world=(2.589,0.155,-0.769) yaw=4.4deg rho=0.347 radial_res=+0.072 raw_ang=-171.0deg pred=(68.7,-171.3,-51.3)deg err=(+120.3,+0.3,-119.7)deg chosen=1 changed=0 corrected=-171.0deg residual=+0.0deg z=(-0.665,-0.778,-0.624) seen=(1,1,1)
[2026-07-21 01:49:23.257] [autoaim] [debug] [Outpost][OBS_INPUT] seq=5711 candidates=1 confidence=1.000 image=(647.0,641.1) image_dist=151.9 camera=(-0.144,0.153,2.515) gimbal=(2.623,0.180,-0.781) world=(2.623,0.180,-0.781) gimbal_ypr=(2.4,4.4,-0.8)deg world_ypr=(2.4,4.4,-0.8)deg
[2026-07-21 01:49:23.270] [autoaim] [debug] [Outpost][SELECT_PHASE] current_angle=1.103 target_v_yaw=-2.513 normalized_omega=-2.513 prediction_dt=0.248 future_angle=0.479 current_plate=1 selected_plate=1 candidate_phase=2.574 candidate_z=-0.778
[2026-07-21 01:49:23.382] [autoaim] [debug] [Outpost][SELECT_PHASE] current_angle=0.821 target_v_yaw=-2.513 normalized_omega=-2.513 prediction_dt=0.239 future_angle=0.219 current_plate=1 selected_plate=1 candidate_phase=2.314 candidate_z=-0.778
[2026-07-21 01:49:23.487] [autoaim] [debug] [Outpost][SELECT_PHASE] current_angle=0.558 target_v_yaw=-2.513 normalized_omega=-2.513 prediction_dt=0.234 future_angle=-0.029 current_plate=1 selected_plate=1 candidate_phase=2.065 candidate_z=-0.778
[2026-07-21 01:49:23.595] [autoaim] [debug] [Outpost][SELECT_PHASE] current_angle=0.286 target_v_yaw=-2.513 normalized_omega=-2.513 prediction_dt=0.229 future_angle=-0.290 current_plate=1 selected_plate=1 candidate_phase=1.805 candidate_z=-0.778
[2026-07-21 01:49:23.621] [autoaim] [debug] [Outpost][SELECT] mode=ROTATING selected=2 observed=1 changed=true fresh=false unseen=0.351s phase=0.0deg model_ok=false fire=false diff=35.7deg cmd=(0.71,-7.86)
[2026-07-21 01:49:23.631] [autoaim] [debug] [Outpost][SWITCH_COMMIT] t=30708.554 from=1 phase_best=2 height_plate=0 tracked_err=+158.4deg new_phase_err=+38.4deg jump=106.3deg z=-0.688 z_err=0.023 margin=0.041 z_confident=1
[2026-07-21 01:49:23.632] [autoaim] [debug] [Outpost][OBS_ASSOC] seq=5511 state=2 dt=0.3615s world=(3.049,-0.121,-0.688) yaw=42.9deg rho=0.350 radial_res=+0.075 raw_ang=-70.5deg pred=(11.2,131.2,-108.8)deg err=(-81.6,+158.4,+38.4)deg chosen=2 changed=1 corrected=-70.5deg residual=+0.0deg z=(-0.665,-0.778,-0.624) seen=(1,1,1)
[2026-07-21 01:49:23.663] [autoaim] [debug] [Outpost][OBS_INPUT] seq=5721 candidates=1 confidence=0.868 image=(843.9,494.9) image_dist=99.4 camera=(0.139,-0.052,2.701) gimbal=(2.862,-0.099,-0.634) world=(2.862,-0.099,-0.634) gimbal_ypr=(42.9,8.1,20.1)deg world_ypr=(42.9,8.1,20.1)deg
[2026-07-21 01:49:23.668] [autoaim] [debug] [Outpost][IDENTITY_LOCK] t=30708.590 tracked=2 phase_best=2 height_candidate=0 tracked_err=+17.5deg new_phase_err=+17.5deg jump=16.9deg z=-0.662 z_err=0.003 margin=0.035
[2026-07-21 01:49:23.668] [autoaim] [info] Run FPS: 168.5
[2026-07-21 01:49:23.670] [autoaim] [debug] [Outpost][IMU] raw_deg=(0.00,0.00,0.00) solver_rad=(0.0000,-0.0000,0.0000)
[2026-07-21 01:49:23.696] [autoaim] [debug] [Outpost][OBS_ASSOC] seq=5521 state=2 dt=0.0043s world=(2.899,-0.085,-0.640) yaw=36.7deg rho=0.295 radial_res=+0.020 raw_ang=-96.4deg pred=(18.8,138.8,-101.2)deg err=(-115.2,+124.8,+4.8)deg chosen=2 changed=0 corrected=-96.4deg residual=+0.0deg z=(-0.665,-0.778,-0.624) seen=(1,1,1)
[2026-07-21 01:49:23.723] [autoaim] [debug] [Outpost][SELECT_PHASE] current_angle=0.181 target_v_yaw=-2.513 normalized_omega=-2.513 prediction_dt=0.228 future_angle=-0.391 current_plate=2 selected_plate=2 candidate_phase=-2.485 candidate_z=-0.624
[2026-07-21 01:49:23.724] [autoaim] [debug] [Outpost][OBS_INPUT] seq=5731 candidates=1 confidence=1.000 image=(823.1,490.1) image_dist=82.6 camera=(0.107,-0.059,2.680) gimbal=(2.843,-0.068,-0.622) world=(2.843,-0.068,-0.622) gimbal_ypr=(34.1,11.0,17.2)deg world_ypr=(34.1,11.0,17.2)deg
[2026-07-21 01:49:23.744] [autoaim] [debug] [Outpost][OBS_ASSOC] seq=5531 state=2 dt=0.0040s world=(2.845,-0.057,-0.620) yaw=30.2deg rho=0.279 radial_res=+0.004 raw_ang=-108.1deg pred=(10.8,130.8,-109.2)deg err=(-118.9,+121.1,+1.1)deg chosen=2 changed=0 corrected=-108.1deg residual=+0.0deg z=(-0.665,-0.778,-0.624) seen=(1,1,1)
[2026-07-21 01:49:23.744] [autoaim] [debug] [Outpost][SELECT] mode=ROTATING selected=2 observed=2 changed=false fresh=true unseen=0.000s phase=0.0deg model_ok=true fire=false diff=34.8deg cmd=(0.82,-7.88)
[2026-07-21 01:49:23.772] [autoaim] [debug] [Outpost][OBS_INPUT] seq=5741 candidates=1 confidence=1.000 image=(804.0,486.4) image_dist=68.9 camera=(0.078,-0.064,2.664) gimbal=(2.828,-0.040,-0.613) world=(2.828,-0.040,-0.613) gimbal_ypr=(25.3,9.8,13.6)deg world_ypr=(25.3,9.8,13.6)deg
[2026-07-21 01:49:23.804] [autoaim] [debug] [Outpost][OBS_ASSOC] seq=5541 state=2 dt=0.0039s world=(2.807,-0.018,-0.604) yaw=158.4deg rho=0.259 radial_res=-0.016 raw_ang=-118.9deg pred=(-2.5,117.5,-122.5)deg err=(-116.4,+123.6,+3.6)deg chosen=2 changed=0 corrected=-118.9deg residual=+0.0deg z=(-0.665,-0.778,-0.624) seen=(1,1,1)
[2026-07-21 01:49:23.830] [autoaim] [debug] [Outpost][SELECT_PHASE] current_angle=-0.075 target_v_yaw=-2.513 normalized_omega=-2.513 prediction_dt=0.225 future_angle=-0.641 current_plate=2 selected_plate=2 candidate_phase=-2.735 candidate_z=-0.624
[2026-07-21 01:49:23.832] [autoaim] [debug] [Outpost][OBS_INPUT] seq=5751 candidates=1 confidence=0.994 image=(777.5,482.9) image_dist=54.4 camera=(0.039,-0.068,2.618) gimbal=(2.785,-0.000,-0.597) world=(2.785,-0.000,-0.597) gimbal_ypr=(16.6,15.5,9.7)deg world_ypr=(16.6,15.5,9.7)deg
[2026-07-21 01:49:23.860] [autoaim] [debug] [Outpost][OBS_ASSOC] seq=5551 state=2 dt=0.0034s world=(2.745,0.019,-0.584) yaw=166.7deg rho=0.266 radial_res=-0.009 raw_ang=-134.5deg pred=(-10.0,110.0,-130.0)deg err=(-124.5,+115.5,-4.5)deg chosen=2 changed=0 corrected=-134.5deg residual=+0.0deg z=(-0.665,-0.778,-0.624) seen=(1,1,1)
[2026-07-21 01:49:23.880] [autoaim] [debug] [Outpost][OBS_INPUT] seq=5761 candidates=1 confidence=0.998 image=(754.7,480.9) image_dist=49.7 camera=(0.005,-0.070,2.587) gimbal=(2.755,0.033,-0.586) world=(2.755,0.033,-0.586) gimbal_ypr=(173.5,170.1,-177.5)deg world_ypr=(173.5,170.1,-177.5)deg
[2026-07-21 01:49:23.912] [autoaim] [debug] [Outpost][OBS_ASSOC] seq=5561 state=2 dt=0.0071s world=(2.721,0.051,-0.576) yaw=4.0deg rho=0.263 radial_res=-0.012 raw_ang=-143.3deg pred=(-23.4,96.6,-143.4)deg err=(-119.9,+120.1,+0.1)deg chosen=2 changed=0 corrected=-143.3deg residual=+0.0deg z=(-0.665,-0.778,-0.624) seen=(1,1,1)
[2026-07-21 01:49:23.932] [autoaim] [debug] [Outpost][SELECT_PHASE] current_angle=-0.512 target_v_yaw=-2.513 normalized_omega=-2.513 prediction_dt=0.258 future_angle=-1.159 current_plate=2 selected_plate=2 candidate_phase=-3.253 candidate_z=-0.624
[2026-07-21 01:49:23.937] [autoaim] [debug] [Outpost][OBS_INPUT] seq=5771 candidates=1 confidence=1.000 image=(726.7,478.9) image_dist=57.0 camera=(-0.034,-0.070,2.517) gimbal=(2.687,0.071,-0.567) world=(2.687,0.071,-0.567) gimbal_ypr=(3.9,28.7,3.3)deg world_ypr=(3.9,28.7,3.3)deg
[2026-07-21 01:49:23.973] [autoaim] [debug] [Outpost][OBS_ASSOC] seq=5571 state=2 dt=0.0038s world=(2.670,0.095,-0.561) yaw=7.1deg rho=0.285 radial_res=+0.010 raw_ang=-156.5deg pred=(-36.5,83.5,-156.5)deg err=(-120.0,+120.0,+0.0)deg chosen=2 changed=0 corrected=-156.5deg residual=+0.0deg z=(-0.665,-0.778,-0.624) seen=(1,1,1)
[2026-07-21 01:49:24.006] [autoaim] [debug] [Outpost][OBS_INPUT] seq=5781 candidates=1 confidence=0.999 image=(694.0,478.0) image_dist=77.5 camera=(-0.078,-0.071,2.493) gimbal=(2.664,0.114,-0.559) world=(2.664,0.114,-0.559) gimbal_ypr=(3.8,33.4,1.1)deg world_ypr=(3.8,33.4,1.1)deg
[2026-07-21 01:49:24.021] [autoaim] [debug] [Outpost][OBS_ASSOC] seq=5581 state=2 dt=0.0034s world=(2.687,0.130,-0.565) yaw=0.3deg rho=0.258 radial_res=-0.017 raw_ang=-162.2deg pred=(-42.1,77.9,-162.1)deg err=(-120.1,+119.9,-0.1)deg chosen=2 changed=0 corrected=-162.2deg residual=+0.0deg z=(-0.665,-0.778,-0.624) seen=(1,1,1)
[2026-07-21 01:49:24.045] [autoaim] [debug] [Outpost][SELECT_PHASE] current_angle=-0.783 target_v_yaw=-2.513 normalized_omega=-2.513 prediction_dt=0.252 future_angle=-1.415 current_plate=2 selected_plate=2 candidate_phase=-3.510 candidate_z=-0.624
[2026-07-21 01:49:24.049] [autoaim] [debug] [Outpost][OBS_INPUT] seq=5791 candidates=1 confidence=0.999 image=(669.4,478.1) image_dist=96.9 camera=(-0.114,-0.072,2.542) gimbal=(2.710,0.151,-0.571) world=(2.710,0.151,-0.571) gimbal_ypr=(4.1,1.6,-0.4)deg world_ypr=(4.1,1.6,-0.4)deg
[2026-07-21 01:49:24.083] [autoaim] [debug] [Outpost][OBS_ASSOC] seq=5591 state=2 dt=0.0061s world=(2.733,0.175,-0.578) yaw=2.7deg rho=0.202 radial_res=-0.073 raw_ang=-170.4deg pred=(-51.1,68.9,-171.1)deg err=(-119.2,+120.8,+0.8)deg chosen=2 changed=0 corrected=-170.4deg residual=+0.0deg z=(-0.665,-0.778,-0.624) seen=(1,1,1)
[2026-07-21 01:49:24.152] [autoaim] [debug] [Outpost][SELECT_PHASE] current_angle=-1.061 target_v_yaw=-2.513 normalized_omega=-2.513 prediction_dt=0.245 future_angle=-1.677 current_plate=2 selected_plate=2 candidate_phase=-3.772 candidate_z=-0.624
[2026-07-21 01:49:24.269] [autoaim] [debug] [Outpost][SELECT_PHASE] current_angle=-1.358 target_v_yaw=-2.513 normalized_omega=-2.513 prediction_dt=0.238 future_angle=-1.957 current_plate=2 selected_plate=2 candidate_phase=-4.052 candidate_z=-0.624
[2026-07-21 01:49:24.302] [autoaim] [debug] [Outpost][SELECT] mode=ROTATING selected=2 observed=2 changed=false fresh=false unseen=0.205s phase=0.0deg model_ok=false fire=false diff=-60.7deg cmd=(9.20,-7.26)
[2026-07-21 01:49:24.386] [autoaim] [debug] [Outpost][SELECT_PHASE] current_angle=-1.651 target_v_yaw=-2.513 normalized_omega=-2.513 prediction_dt=0.233 future_angle=-2.235 current_plate=2 selected_plate=2 candidate_phase=-4.330 candidate_z=-0.624
[2026-07-21 01:49:24.419] [autoaim] [debug] [Outpost][OBS_INPUT] seq=5801 candidates=1 confidence=1.000 image=(867.2,574.3) image_dist=124.2 camera=(0.174,0.065,2.710) gimbal=(2.838,-0.135,-0.750) world=(2.838,-0.135,-0.750) gimbal_ypr=(54.4,1.7,25.2)deg world_ypr=(54.4,1.7,25.2)deg
[2026-07-21 01:49:24.419] [autoaim] [debug] [Outpost][SWITCH_COMMIT] t=30709.341 from=2 phase_best=0 height_plate=1 tracked_err=+114.0deg new_phase_err=-6.0deg jump=67.8deg z=-0.750 z_err=0.028 margin=0.056 z_confident=1
[2026-07-21 01:49:24.419] [autoaim] [debug] [Outpost][OBS_ASSOC] seq=5596 state=2 dt=0.3209s world=(2.838,-0.135,-0.750) yaw=54.4deg rho=0.356 radial_res=+0.081 raw_ang=-105.2deg pred=(-99.2,20.8,140.8)deg err=(-6.0,-126.0,+114.0)deg chosen=0 changed=1 corrected=-105.2deg residual=+0.0deg z=(-0.665,-0.778,-0.624) seen=(1,1,1)
[2026-07-21 01:49:24.448] [autoaim] [debug] [Outpost][GEOM_OK] state=2 rho=0.367 res=+0.092 yaw_radial=167.1deg model_center=(2.932,0.209) center_minus=(2.600,-0.336) center_plus=(2.944,0.093)
[2026-07-21 01:49:24.448] [autoaim] [debug] [Outpost][SELECT] mode=ROTATING selected=0 observed=0 changed=true fresh=true unseen=0.000s phase=0.0deg model_ok=true fire=false diff=27.2deg cmd=(1.44,-9.08)
[2026-07-21 01:49:24.450] [autoaim] [debug] [Outpost][OBS_ASSOC] seq=5601 state=2 dt=0.0037s world=(2.808,-0.122,-0.736) yaw=50.0deg rho=0.353 radial_res=+0.078 raw_ang=-110.5deg pred=(-116.4,3.6,123.6)deg err=(+5.9,-114.1,+125.9)deg chosen=0 changed=0 corrected=-110.5deg residual=+0.0deg z=(-0.665,-0.778,-0.624) seen=(1,1,1)
[2026-07-21 01:49:24.482] [autoaim] [debug] [Outpost][OBS_INPUT] seq=5811 candidates=1 confidence=0.991 image=(850.7,569.1) image_dist=106.9 camera=(0.145,0.056,2.635) gimbal=(2.769,-0.107,-0.720) world=(2.769,-0.107,-0.720) gimbal_ypr=(46.3,5.1,22.3)deg world_ypr=(46.3,5.1,22.3)deg
[2026-07-21 01:49:24.520] [autoaim] [debug] [Outpost][OBS_ASSOC] seq=5611 state=2 dt=0.0039s world=(2.745,-0.091,-0.709) yaw=41.5deg rho=0.353 radial_res=+0.078 raw_ang=-121.9deg pred=(-125.1,-5.1,114.9)deg err=(+3.2,-116.8,+123.2)deg chosen=0 changed=0 corrected=-121.9deg residual=+0.0deg z=(-0.665,-0.778,-0.624) seen=(1,1,1)
[2026-07-21 01:49:24.520] [autoaim] [debug] [Outpost][SELECT_PHASE] current_angle=-2.128 target_v_yaw=-2.513 normalized_omega=-2.513 prediction_dt=0.226 future_angle=-2.697 current_plate=0 selected_plate=0 candidate_phase=-2.697 candidate_z=-0.665
[2026-07-21 01:49:24.551] [autoaim] [debug] [Outpost][OBS_INPUT] seq=5821 candidates=1 confidence=1.000 image=(828.7,564.1) image_dist=84.6 camera=(0.111,0.048,2.583) gimbal=(2.720,-0.074,-0.698) world=(2.720,-0.074,-0.698) gimbal_ypr=(37.9,7.1,18.3)deg world_ypr=(37.9,7.1,18.3)deg
[2026-07-21 01:49:24.593] [autoaim] [debug] [Outpost][OBS_ASSOC] seq=5621 state=2 dt=0.0223s world=(2.705,-0.052,-0.690) yaw=32.7deg rho=0.346 radial_res=+0.071 raw_ang=-131.0deg pred=(-126.0,-6.0,114.0)deg err=(-4.9,-124.9,+115.1)deg chosen=0 changed=0 corrected=-131.0deg residual=+0.0deg z=(-0.665,-0.778,-0.624) seen=(1,1,1)
[2026-07-21 01:49:24.619] [autoaim] [debug] [Outpost][OBS_INPUT] seq=5831 candidates=1 confidence=0.993 image=(801.8,559.5) image_dist=58.5 camera=(0.073,0.041,2.588) gimbal=(2.727,-0.036,-0.693) world=(2.727,-0.036,-0.693) gimbal_ypr=(27.9,11.9,14.6)deg world_ypr=(27.9,11.9,14.6)deg
[2026-07-21 01:49:24.639] [autoaim] [debug] [Outpost][OBS_ASSOC] seq=5631 state=2 dt=0.0040s world=(2.708,-0.023,-0.687) yaw=25.5deg rho=0.322 radial_res=+0.047 raw_ang=-134.0deg pred=(-133.7,-13.7,106.3)deg err=(-0.2,-120.2,+119.8)deg chosen=0 changed=0 corrected=-134.0deg residual=+0.0deg z=(-0.665,-0.778,-0.624) seen=(1,1,1)
[2026-07-21 01:49:24.639] [autoaim] [debug] [Outpost][SELECT_PHASE] current_angle=-2.338 target_v_yaw=-2.513 normalized_omega=-2.513 prediction_dt=0.225 future_angle=-2.904 current_plate=0 selected_plate=0 candidate_phase=-2.904 candidate_z=-0.665
[2026-07-21 01:49:24.670] [autoaim] [debug] [Outpost][OBS_INPUT] seq=5841 candidates=1 confidence=0.987 image=(780.4,557.0) image_dist=39.6 camera=(0.042,0.037,2.541) gimbal=(2.682,-0.005,-0.676) world=(2.682,-0.005,-0.676) gimbal_ypr=(21.5,11.5,11.5)deg world_ypr=(21.5,11.5,11.5)deg
[2026-07-21 01:49:24.701] [autoaim] [debug] [Outpost][OBS_ASSOC] seq=5641 state=2 dt=0.0040s world=(2.703,0.017,-0.681) yaw=13.5deg rho=0.299 radial_res=+0.024 raw_ang=-139.9deg pred=(-135.1,-15.1,104.9)deg err=(-4.8,-124.8,+115.2)deg chosen=0 changed=0 corrected=-139.9deg residual=+0.0deg z=(-0.665,-0.778,-0.624) seen=(1,1,1)
[2026-07-21 01:49:24.732] [autoaim] [debug] [Outpost][OBS_INPUT] seq=5851 candidates=1 confidence=0.999 image=(749.8,554.1) image_dist=23.7 camera=(-0.002,0.033,2.548) gimbal=(2.689,0.038,-0.675) world=(2.689,0.038,-0.675) gimbal_ypr=(9.4,16.8,6.4)deg world_ypr=(9.4,16.8,6.4)deg
[2026-07-21 01:49:24.765] [autoaim] [debug] [Outpost][OBS_ASSOC] seq=5651 state=2 dt=0.0120s world=(2.659,0.057,-0.665) yaw=4.9deg rho=0.313 radial_res=+0.038 raw_ang=-150.9deg pred=(-151.9,-31.9,88.1)deg err=(+1.0,-119.0,+121.0)deg chosen=0 changed=0 corrected=-150.9deg residual=+0.0deg z=(-0.665,-0.778,-0.624) seen=(1,1,1)
[2026-07-21 01:49:24.765] [autoaim] [debug] [Outpost][SELECT_PHASE] current_angle=-2.634 target_v_yaw=-2.513 normalized_omega=-2.513 prediction_dt=0.259 future_angle=-3.286 current_plate=0 selected_plate=0 candidate_phase=-3.286 candidate_z=-0.665
[2026-07-21 01:49:24.780] [autoaim] [debug] [Outpost][OBS_INPUT] seq=5861 candidates=1 confidence=0.999 image=(725.7,553.0) image_dist=34.0 camera=(-0.035,0.031,2.501) gimbal=(2.643,0.071,-0.660) world=(2.643,0.071,-0.660) gimbal_ypr=(3.6,28.4,3.5)deg world_ypr=(3.6,28.4,3.5)deg
[2026-07-21 01:49:24.808] [autoaim] [debug] [Outpost][OBS_ASSOC] seq=5661 state=2 dt=0.0037s world=(2.631,0.090,-0.655) yaw=178.2deg rho=0.324 radial_res=+0.049 raw_ang=-158.5deg pred=(-158.5,-38.5,81.5)deg err=(-0.0,-120.0,+120.0)deg chosen=0 changed=0 corrected=-158.5deg residual=+0.0deg z=(-0.665,-0.778,-0.624) seen=(1,1,1)
[2026-07-21 01:49:24.841] [autoaim] [debug] [Outpost][IMU] raw_deg=(0.00,0.00,0.00) solver_rad=(0.0000,-0.0000,0.0000)
[2026-07-21 01:49:24.848] [autoaim] [debug] [Outpost][OBS_INPUT] seq=5871 candidates=1 confidence=0.999 image=(691.1,552.2) image_dist=63.8 camera=(-0.082,0.030,2.489) gimbal=(2.632,0.118,-0.656) world=(2.632,0.118,-0.656) gimbal_ypr=(179.5,173.9,-179.8)deg world_ypr=(179.5,173.9,-179.8)deg
[2026-07-21 01:49:24.884] [autoaim] [debug] [Outpost][OBS_ASSOC] seq=5671 state=2 dt=0.0040s world=(2.648,0.144,-0.660) yaw=2.0deg rho=0.292 radial_res=+0.017 raw_ang=-167.1deg pred=(-167.2,-47.2,72.8)deg err=(+0.0,-120.0,+120.0)deg chosen=0 changed=0 corrected=-167.1deg residual=+0.0deg z=(-0.665,-0.778,-0.624) seen=(1,1,1)
[2026-07-21 01:49:24.886] [autoaim] [debug] [Outpost][SELECT_PHASE] current_angle=-2.917 target_v_yaw=-2.513 normalized_omega=-2.513 prediction_dt=0.253 future_angle=-3.553 current_plate=0 selected_plate=0 candidate_phase=-3.553 candidate_z=-0.665
[2026-07-21 01:49:24.920] [autoaim] [debug] [Outpost][OBS_INPUT] seq=5881 candidates=1 confidence=1.000 image=(654.4,552.6) image_dist=99.1 camera=(-0.134,0.031,2.525) gimbal=(2.666,0.171,-0.666) world=(2.666,0.171,-0.666) gimbal_ypr=(1.4,26.0,-1.4)deg world_ypr=(1.4,26.0,-1.4)deg
[2026-07-21 01:49:24.929] [autoaim] [debug] [Outpost][SELECT] mode=ROTATING selected=0 observed=0 changed=false fresh=true unseen=0.000s phase=0.0deg model_ok=true fire=false diff=-32.7deg cmd=(7.46,-8.97)
[2026-07-21 01:49:25.034] [autoaim] [debug] [Outpost][SELECT_PHASE] current_angle=3.000 target_v_yaw=-2.513 normalized_omega=-2.513 prediction_dt=0.245 future_angle=2.385 current_plate=0 selected_plate=0 candidate_phase=2.385 candidate_z=-0.665
[2026-07-21 01:49:25.154] [autoaim] [debug] [Outpost][SELECT_PHASE] current_angle=2.697 target_v_yaw=-2.513 normalized_omega=-2.513 prediction_dt=0.238 future_angle=2.099 current_plate=0 selected_plate=0 candidate_phase=2.099 candidate_z=-0.665
[2026-07-21 01:49:25.273] [autoaim] [debug] [Outpost][SELECT_PHASE] current_angle=2.394 target_v_yaw=-2.513 normalized_omega=-2.513 prediction_dt=0.233 future_angle=1.809 current_plate=0 selected_plate=0 candidate_phase=1.809 candidate_z=-0.665
[2026-07-21 01:49:25.304] [autoaim] [debug] [Outpost][SELECT] mode=ROTATING selected=1 observed=0 changed=true fresh=false unseen=0.349s phase=0.0deg model_ok=false fire=false diff=36.1deg cmd=(0.68,-11.21)
[2026-07-21 01:49:25.350] [autoaim] [debug] [Outpost][SWITCH_COMMIT] t=30710.272 from=0 phase_best=1 height_plate=1 tracked_err=+125.5deg new_phase_err=+5.5deg jump=67.7deg z=-0.871 z_err=0.093 margin=0.113 z_confident=0
[2026-07-21 01:49:25.350] [autoaim] [debug] [Outpost][OBS_ASSOC] seq=5680 state=2 dt=0.4014s world=(2.827,-0.108,-0.871) yaw=41.2deg rho=0.334 radial_res=+0.059 raw_ang=-108.3deg pred=(126.2,-113.8,6.2)deg err=(+125.5,+5.5,-114.5)deg chosen=1 changed=1 corrected=-108.3deg residual=+0.0deg z=(-0.665,-0.778,-0.624) seen=(1,1,1)
[2026-07-21 01:49:25.355] [autoaim] [debug] [Outpost][OBS_ASSOC] seq=5681 state=2 dt=0.0053s world=(2.849,-0.107,-0.878) yaw=39.6deg rho=0.326 radial_res=+0.051 raw_ang=-104.6deg pred=(131.0,-109.0,11.0)deg err=(+124.4,+4.4,-115.6)deg chosen=1 changed=0 corrected=-104.6deg residual=+0.0deg z=(-0.665,-0.778,-0.624) seen=(1,1,1)
[2026-07-21 01:49:25.390] [autoaim] [debug] [Outpost][OBS_INPUT] seq=5891 candidates=1 confidence=0.999 image=(833.7,651.1) image_dist=146.3 camera=(0.121,0.176,2.646) gimbal=(2.747,-0.084,-0.839) world=(2.747,-0.084,-0.839) gimbal_ypr=(36.7,9.2,18.9)deg world_ypr=(36.7,9.2,18.9)deg
[2026-07-21 01:49:25.417] [autoaim] [debug] [Outpost][SELECT_PHASE] current_angle=1.945 target_v_yaw=-2.513 normalized_omega=-2.513 prediction_dt=0.228 future_angle=1.372 current_plate=1 selected_plate=1 candidate_phase=3.466 candidate_z=-0.778
[2026-07-21 01:49:25.422] [autoaim] [debug] [Outpost][OBS_ASSOC] seq=5691 state=2 dt=0.0022s world=(2.742,-0.065,-0.834) yaw=31.8deg rho=0.334 radial_res=+0.059 raw_ang=-124.8deg pred=(114.8,-125.2,-5.2)deg err=(+120.4,+0.4,-119.6)deg chosen=1 changed=0 corrected=-124.8deg residual=+0.0deg z=(-0.665,-0.778,-0.624) seen=(1,1,1)
[2026-07-21 01:49:25.462] [autoaim] [debug] [Outpost][OBS_INPUT] seq=5901 candidates=1 confidence=0.999 image=(804.0,647.0) image_dist=128.0 camera=(0.077,0.169,2.632) gimbal=(2.734,-0.040,-0.828) world=(2.734,-0.040,-0.828) gimbal_ypr=(24.4,11.8,13.9)deg world_ypr=(24.4,11.8,13.9)deg
[2026-07-21 01:49:25.494] [autoaim] [debug] [Outpost][GEOM_OK] state=2 rho=0.349 res=+0.074 yaw_radial=161.2deg model_center=(2.932,0.209) center_minus=(2.412,-0.121) center_plus=(2.923,0.084)
[2026-07-21 01:49:25.498] [autoaim] [debug] [Outpost][OBS_ASSOC] seq=5701 state=2 dt=0.0041s world=(2.691,-0.016,-0.810) yaw=19.0deg rho=0.329 radial_res=+0.054 raw_ang=-136.9deg pred=(100.1,-139.9,-19.9)deg err=(+123.0,+3.0,-117.0)deg chosen=1 changed=0 corrected=-136.9deg residual=+0.0deg z=(-0.665,-0.778,-0.624) seen=(1,1,1)
[2026-07-21 01:49:25.530] [autoaim] [debug] [Outpost][OBS_INPUT] seq=5911 candidates=1 confidence=1.000 image=(772.3,644.1) image_dist=115.7 camera=(0.031,0.161,2.577) gimbal=(2.683,0.006,-0.806) world=(2.683,0.006,-0.806) gimbal_ypr=(13.1,13.9,8.9)deg world_ypr=(13.1,13.9,8.9)deg
[2026-07-21 01:49:25.553] [autoaim] [debug] [Outpost][SELECT_PHASE] current_angle=1.639 target_v_yaw=-2.513 normalized_omega=-2.513 prediction_dt=0.258 future_angle=0.991 current_plate=1 selected_plate=1 candidate_phase=3.085 candidate_z=-0.778
[2026-07-21 01:49:25.559] [autoaim] [debug] [Outpost][OBS_ASSOC] seq=5711 state=2 dt=0.0040s world=(2.660,0.025,-0.796) yaw=6.4deg rho=0.328 radial_res=+0.053 raw_ang=-146.0deg pred=(92.0,-148.0,-28.0)deg err=(+122.1,+2.1,-117.9)deg chosen=1 changed=0 corrected=-146.0deg residual=+0.0deg z=(-0.665,-0.778,-0.624) seen=(1,1,1)
[2026-07-21 01:49:25.592] [autoaim] [debug] [Outpost][OBS_INPUT] seq=5921 candidates=1 confidence=1.000 image=(742.5,642.3) image_dist=112.1 camera=(-0.012,0.155,2.514) gimbal=(2.623,0.047,-0.783) world=(2.623,0.047,-0.783) gimbal_ypr=(5.9,33.3,4.8)deg world_ypr=(5.9,33.3,4.8)deg
[2026-07-21 01:49:25.595] [autoaim] [debug] [Outpost][SELECT] mode=ROTATING selected=1 observed=1 changed=false fresh=true unseen=0.000s phase=0.0deg model_ok=true fire=false diff=-14.2deg cmd=(5.62,-11.61)
[2026-07-21 01:49:25.613] [autoaim] [debug] [Outpost][OBS_ASSOC] seq=5721 state=2 dt=0.0065s world=(2.591,0.060,-0.770) yaw=6.5deg rho=0.372 radial_res=+0.097 raw_ang=-156.5deg pred=(82.7,-157.3,-37.3)deg err=(+120.9,+0.9,-119.1)deg chosen=1 changed=0 corrected=-156.5deg residual=+0.0deg z=(-0.665,-0.778,-0.624) seen=(1,1,1)
[2026-07-21 01:49:25.641] [autoaim] [debug] [Outpost][OBS_INPUT] seq=5931 candidates=1 confidence=0.999 image=(717.7,641.3) image_dist=115.7 camera=(-0.044,0.149,2.448) gimbal=(2.561,0.079,-0.759) world=(2.561,0.079,-0.759) gimbal_ypr=(10.5,36.3,5.4)deg world_ypr=(10.5,36.3,5.4)deg
[2026-07-21 01:49:25.667] [autoaim] [debug] [Outpost][SELECT_PHASE] current_angle=1.350 target_v_yaw=-2.513 normalized_omega=-2.513 prediction_dt=0.252 future_angle=0.718 current_plate=1 selected_plate=1 candidate_phase=2.812 candidate_z=-0.778
[2026-07-21 01:49:25.671] [autoaim] [debug] [Outpost][OBS_ASSOC] seq=5731 state=2 dt=0.0040s world=(2.563,0.102,-0.759) yaw=6.5deg rho=0.384 radial_res=+0.109 raw_ang=-163.9deg pred=(75.5,-164.5,-44.5)deg err=(+120.6,+0.6,-119.4)deg chosen=1 changed=0 corrected=-163.9deg residual=+0.0deg z=(-0.665,-0.778,-0.624) seen=(1,1,1)
[2026-07-21 01:49:25.704] [autoaim] [debug] [Outpost][OBS_INPUT] seq=5941 candidates=1 confidence=1.000 image=(685.7,640.7) image_dist=128.2 camera=(-0.088,0.148,2.453) gimbal=(2.565,0.123,-0.760) world=(2.565,0.123,-0.760) gimbal_ypr=(5.7,38.7,2.3)deg world_ypr=(5.7,38.7,2.3)deg
[2026-07-21 01:49:25.734] [autoaim] [debug] [Outpost][OBS_ASSOC] seq=5741 state=2 dt=0.0043s world=(2.589,0.148,-0.769) yaw=4.3deg rho=0.348 radial_res=+0.073 raw_ang=-169.9deg pred=(69.8,-170.2,-50.2)deg err=(+120.2,+0.2,-119.8)deg chosen=1 changed=0 corrected=-169.9deg residual=+0.0deg z=(-0.665,-0.778,-0.624) seen=(1,1,1)
[2026-07-21 01:49:25.751] [autoaim] [debug] [Outpost][OBS_INPUT] seq=5951 candidates=1 confidence=1.000 image=(658.0,641.0) image_dist=144.5 camera=(-0.126,0.150,2.478) gimbal=(2.588,0.162,-0.768) world=(2.588,0.162,-0.768) gimbal_ypr=(5.9,-1.0,0.8)deg world_ypr=(5.9,-1.0,0.8)deg
[2026-07-21 01:49:25.772] [autoaim] [debug] [Outpost][SELECT_PHASE] current_angle=1.144 target_v_yaw=-2.513 normalized_omega=-2.513 prediction_dt=0.248 future_angle=0.520 current_plate=1 selected_plate=1 candidate_phase=2.614 candidate_z=-0.778
[2026-07-21 01:49:25.780] [autoaim] [debug] [Outpost][OBS_ASSOC] seq=5751 state=2 dt=0.0043s world=(2.643,0.186,-0.789) yaw=6.0deg rho=0.290 radial_res=+0.015 raw_ang=-175.5deg pred=(64.4,-175.6,-55.6)deg err=(+120.1,+0.1,-119.9)deg chosen=1 changed=0 corrected=-175.5deg residual=+0.0deg z=(-0.665,-0.778,-0.624) seen=(1,1,1)
[2026-07-21 01:49:25.883] [autoaim] [debug] [Outpost][SELECT_PHASE] current_angle=0.863 target_v_yaw=-2.513 normalized_omega=-2.513 prediction_dt=0.240 future_angle=0.259 current_plate=1 selected_plate=1 candidate_phase=2.353 candidate_z=-0.778
[2026-07-21 01:49:25.992] [autoaim] [debug] [Outpost][SELECT_PHASE] current_angle=0.590 target_v_yaw=-2.513 normalized_omega=-2.513 prediction_dt=0.234 future_angle=0.001 current_plate=1 selected_plate=1 candidate_phase=2.095 candidate_z=-0.778
[2026-07-21 01:49:26.067] [autoaim] [debug] [Outpost][IMU] raw_deg=(0.00,0.00,0.00) solver_rad=(0.0000,-0.0000,0.0000)
[2026-07-21 01:49:26.104] [autoaim] [debug] [Outpost][SELECT_PHASE] current_angle=0.307 target_v_yaw=-2.513 normalized_omega=-2.513 prediction_dt=0.229 future_angle=-0.270 current_plate=1 selected_plate=1 candidate_phase=1.825 candidate_z=-0.778
[2026-07-21 01:49:26.144] [autoaim] [debug] [Outpost][SELECT] mode=ROTATING selected=2 observed=1 changed=true fresh=false unseen=0.357s phase=0.0deg model_ok=false fire=false diff=34.8deg cmd=(0.78,-7.87)
[2026-07-21 01:49:26.169] [autoaim] [debug] [Outpost][SWITCH_COMMIT] t=30711.087 from=1 phase_best=2 height_plate=0 tracked_err=+160.7deg new_phase_err=+40.7deg jump=106.3deg z=-0.685 z_err=0.020 margin=0.041 z_confident=1
[2026-07-21 01:49:26.169] [autoaim] [debug] [Outpost][OBS_ASSOC] seq=5754 state=2 dt=0.3773s world=(3.047,-0.115,-0.685) yaw=41.1deg rho=0.344 radial_res=+0.069 raw_ang=-70.4deg pred=(8.9,128.9,-111.1)deg err=(-79.3,+160.7,+40.7)deg chosen=2 changed=1 corrected=-70.4deg residual=+0.0deg z=(-0.665,-0.778,-0.624) seen=(1,1,1)
[2026-07-21 01:49:26.169] [autoaim] [debug] [Outpost][SELECT] mode=ROTATING selected=2 observed=2 changed=false fresh=true unseen=0.000s phase=0.0deg model_ok=true fire=false diff=70.8deg cmd=(-1.17,-7.11)
[2026-07-21 01:49:26.172] [autoaim] [debug] [Outpost][OBS_INPUT] seq=5961 candidates=1 confidence=0.998 image=(846.8,495.8) image_dist=101.8 camera=(0.149,-0.053,2.812) gimbal=(2.968,-0.108,-0.663) world=(2.968,-0.108,-0.663) gimbal_ypr=(41.8,7.7,20.6)deg world_ypr=(41.8,7.7,20.6)deg
[2026-07-21 01:49:26.201] [autoaim] [debug] [Outpost][OBS_ASSOC] seq=5761 state=2 dt=0.0042s world=(2.907,-0.092,-0.643) yaw=38.4deg rho=0.302 radial_res=+0.027 raw_ang=-94.6deg pred=(24.3,144.3,-95.7)deg err=(-118.9,+121.1,+1.1)deg chosen=2 changed=0 corrected=-94.6deg residual=+0.0deg z=(-0.665,-0.778,-0.624) seen=(1,1,1)
[2026-07-21 01:49:26.217] [autoaim] [debug] [Outpost][SELECT_PHASE] current_angle=0.432 target_v_yaw=-2.513 normalized_omega=-2.513 prediction_dt=0.232 future_angle=-0.149 current_plate=2 selected_plate=2 candidate_phase=-2.244 candidate_z=-0.624
[2026-07-21 01:49:26.237] [autoaim] [debug] [Outpost][OBS_INPUT] seq=5971 candidates=1 confidence=0.999 image=(826.3,490.9) image_dist=85.0 camera=(0.113,-0.059,2.717) gimbal=(2.878,-0.074,-0.632) world=(2.878,-0.074,-0.632) gimbal_ypr=(33.9,9.8,17.4)deg world_ypr=(33.9,9.8,17.4)deg
[2026-07-21 01:49:26.253] [autoaim] [debug] [Outpost][OBS_ASSOC] seq=5771 state=2 dt=0.0044s world=(2.840,-0.061,-0.620) yaw=31.8deg rho=0.286 radial_res=+0.011 raw_ang=-108.7deg pred=(11.8,131.8,-108.2)deg err=(-120.6,+119.4,-0.6)deg chosen=2 changed=0 corrected=-108.7deg residual=+0.0deg z=(-0.665,-0.778,-0.624) seen=(1,1,1)
[2026-07-21 01:49:26.290] [autoaim] [debug] [Outpost][OBS_INPUT] seq=5981 candidates=1 confidence=0.999 image=(804.1,486.6) image_dist=68.8 camera=(0.077,-0.063,2.625) gimbal=(2.790,-0.039,-0.603) world=(2.790,-0.039,-0.603) gimbal_ypr=(27.8,12.3,14.2)deg world_ypr=(27.8,12.3,14.2)deg
[2026-07-21 01:49:26.325] [autoaim] [debug] [Outpost][OBS_ASSOC] seq=5781 state=2 dt=0.0042s world=(2.817,-0.017,-0.607) yaw=19.5deg rho=0.253 radial_res=-0.022 raw_ang=-117.0deg pred=(3.1,123.1,-116.9)deg err=(-120.1,+119.9,-0.1)deg chosen=2 changed=0 corrected=-117.0deg residual=+0.0deg z=(-0.665,-0.778,-0.624) seen=(1,1,1)
[2026-07-21 01:49:26.350] [autoaim] [debug] [Outpost][SELECT_PHASE] current_angle=-0.062 target_v_yaw=-2.513 normalized_omega=-2.513 prediction_dt=0.225 future_angle=-0.628 current_plate=2 selected_plate=2 candidate_phase=-2.722 candidate_z=-0.624
[2026-07-21 01:49:26.353] [autoaim] [debug] [Outpost][OBS_INPUT] seq=5991 candidates=1 confidence=1.000 image=(775.9,482.9) image_dist=53.7 camera=(0.037,-0.070,2.657) gimbal=(2.823,0.002,-0.605) world=(2.823,0.002,-0.605) gimbal_ypr=(12.4,15.8,8.5)deg world_ypr=(12.4,15.8,8.5)deg
[2026-07-21 01:49:26.382] [autoaim] [debug] [Outpost][OBS_ASSOC] seq=5791 state=2 dt=0.0025s world=(2.759,0.021,-0.588) yaw=169.5deg rho=0.255 radial_res=-0.020 raw_ang=-132.6deg pred=(-9.8,110.2,-129.8)deg err=(-122.8,+117.2,-2.8)deg chosen=2 changed=0 corrected=-132.6deg residual=+0.0deg z=(-0.665,-0.778,-0.624) seen=(1,1,1)
[2026-07-21 01:49:26.416] [autoaim] [debug] [Outpost][OBS_INPUT] seq=6001 candidates=1 confidence=0.999 image=(749.4,480.4) image_dist=50.1 camera=(-0.002,-0.070,2.552) gimbal=(2.720,0.040,-0.577) world=(2.720,0.040,-0.577) gimbal_ypr=(170.2,176.6,-179.0)deg world_ypr=(170.2,176.6,-179.0)deg
[2026-07-21 01:49:26.430] [autoaim] [debug] [Outpost][GEOM_OK] state=2 rho=0.263 res=-0.012 yaw_radial=145.4deg model_center=(2.932,0.209) center_minus=(2.445,0.045) center_plus=(2.995,0.061)
[2026-07-21 01:49:26.434] [autoaim] [debug] [Outpost][OBS_ASSOC] seq=5801 state=2 dt=0.0042s world=(2.713,0.056,-0.574) yaw=179.3deg rho=0.267 radial_res=-0.008 raw_ang=-145.0deg pred=(-24.3,95.7,-144.3)deg err=(-120.7,+119.3,-0.7)deg chosen=2 changed=0 corrected=-145.0deg residual=+0.0deg z=(-0.665,-0.778,-0.624) seen=(1,1,1)
[2026-07-21 01:49:26.466] [autoaim] [debug] [Outpost][SELECT_PHASE] current_angle=-0.544 target_v_yaw=-2.513 normalized_omega=-2.513 prediction_dt=0.257 future_angle=-1.189 current_plate=2 selected_plate=2 candidate_phase=-3.284 candidate_z=-0.624
[2026-07-21 01:49:26.470] [autoaim] [debug] [Outpost][OBS_INPUT] seq=6011 candidates=1 confidence=0.946 image=(719.9,478.5) image_dist=60.6 camera=(-0.043,-0.072,2.523) gimbal=(2.692,0.080,-0.567) world=(2.692,0.080,-0.567) gimbal_ypr=(6.5,31.1,3.6)deg world_ypr=(6.5,31.1,3.6)deg
[2026-07-21 01:49:26.525] [autoaim] [debug] [Outpost][OBS_ASSOC] seq=5811 state=2 dt=0.0195s world=(2.676,0.116,-0.562) yaw=1.5deg rho=0.272 radial_res=-0.003 raw_ang=-160.1deg pred=(-40.4,79.6,-160.4)deg err=(-119.6,+120.4,+0.4)deg chosen=2 changed=0 corrected=-160.1deg residual=+0.0deg z=(-0.665,-0.778,-0.624) seen=(1,1,1)
[2026-07-21 01:49:26.555] [autoaim] [debug] [Outpost][OBS_INPUT] seq=6021 candidates=1 confidence=0.999 image=(677.0,478.0) image_dist=90.8 camera=(-0.103,-0.072,2.516) gimbal=(2.685,0.139,-0.565) world=(2.685,0.139,-0.565) gimbal_ypr=(179.8,148.1,178.8)deg world_ypr=(179.8,148.1,178.8)deg
[2026-07-21 01:49:26.574] [autoaim] [debug] [Outpost][OBS_ASSOC] seq=5821 state=2 dt=0.0040s world=(2.671,0.152,-0.561) yaw=176.0deg rho=0.267 radial_res=-0.008 raw_ang=-167.7deg pred=(-47.7,72.3,-167.7)deg err=(-120.0,+120.0,-0.0)deg chosen=2 changed=0 corrected=-167.7deg residual=+0.0deg z=(-0.665,-0.778,-0.624) seen=(1,1,1)
[2026-07-21 01:49:26.598] [autoaim] [debug] [Outpost][SELECT_PHASE] current_angle=-0.872 target_v_yaw=-2.513 normalized_omega=-2.513 prediction_dt=0.248 future_angle=-1.496 current_plate=2 selected_plate=2 candidate_phase=-3.591 candidate_z=-0.624
[2026-07-21 01:49:26.602] [autoaim] [debug] [Outpost][OBS_INPUT] seq=6031 candidates=1 confidence=0.999 image=(652.7,478.9) image_dist=111.1 camera=(-0.140,-0.073,2.585) gimbal=(2.752,0.178,-0.582) world=(2.752,0.178,-0.582) gimbal_ypr=(2.6,3.2,-2.3)deg world_ypr=(2.6,3.2,-2.3)deg
[2026-07-21 01:49:26.707] [autoaim] [debug] [Outpost][SELECT_PHASE] current_angle=-1.165 target_v_yaw=-2.513 normalized_omega=-2.513 prediction_dt=0.243 future_angle=-1.775 current_plate=2 selected_plate=2 candidate_phase=-3.869 candidate_z=-0.624
[2026-07-21 01:49:26.770] [autoaim] [debug] [Outpost][SELECT] mode=ROTATING selected=2 observed=2 changed=false fresh=true unseen=0.141s phase=0.0deg model_ok=true fire=false diff=-54.1deg cmd=(8.87,-7.40)
[2026-07-21 01:49:26.819] [autoaim] [debug] [Outpost][SELECT_PHASE] current_angle=-1.448 target_v_yaw=-2.513 normalized_omega=-2.513 prediction_dt=0.236 future_angle=-2.042 current_plate=2 selected_plate=2 candidate_phase=-4.136 candidate_z=-0.624
[2026-07-21 01:49:26.924] [autoaim] [debug] [Outpost][SWITCH_COMMIT] t=30711.846 from=2 phase_best=0 height_plate=1 tracked_err=+107.3deg new_phase_err=-12.7deg jump=64.5deg z=-0.741 z_err=0.037 margin=0.038 z_confident=1
[2026-07-21 01:49:26.924] [autoaim] [debug] [Outpost][OBS_ASSOC] seq=5831 state=2 dt=0.2973s world=(2.801,-0.138,-0.741) yaw=56.3deg rho=0.370 radial_res=+0.095 raw_ang=-110.6deg pred=(-98.0,22.0,142.0)deg err=(-12.7,-132.7,+107.3)deg chosen=0 changed=1 corrected=-110.6deg residual=+0.0deg z=(-0.665,-0.778,-0.624) seen=(1,1,1)
[2026-07-21 01:49:26.932] [autoaim] [debug] [Outpost][SELECT] mode=ROTATING selected=0 observed=0 changed=true fresh=true unseen=0.000s phase=0.0deg model_ok=true fire=false diff=26.5deg cmd=(1.51,-9.09)
[2026-07-21 01:49:26.940] [autoaim] [debug] [Outpost][SELECT_PHASE] current_angle=-1.750 target_v_yaw=-2.513 normalized_omega=-2.513 prediction_dt=0.231 future_angle=-2.330 current_plate=0 selected_plate=0 candidate_phase=-2.330 candidate_z=-0.665
[2026-07-21 01:49:26.959] [autoaim] [debug] [Outpost][OBS_INPUT] seq=6041 candidates=1 confidence=0.857 image=(863.0,572.9) image_dist=119.7 camera=(0.165,0.062,2.673) gimbal=(2.803,-0.127,-0.737) world=(2.803,-0.127,-0.737) gimbal_ypr=(52.5,3.2,24.8)deg world_ypr=(52.5,3.2,24.8)deg
[2026-07-21 01:49:26.975] [autoaim] [debug] [Outpost][OBS_ASSOC] seq=5841 state=2 dt=0.0039s world=(2.766,-0.118,-0.722) yaw=49.7deg rho=0.366 radial_res=+0.091 raw_ang=-116.9deg pred=(-113.6,6.4,126.4)deg err=(-3.3,-123.3,+116.7)deg chosen=0 changed=0 corrected=-116.9deg residual=+0.0deg z=(-0.665,-0.778,-0.624) seen=(1,1,1)
[2026-07-21 01:49:27.003] [autoaim] [debug] [Outpost][OBS_INPUT] seq=6051 candidates=1 confidence=0.997 image=(850.1,568.5) image_dist=106.1 camera=(0.143,0.055,2.614) gimbal=(2.749,-0.105,-0.714) world=(2.749,-0.105,-0.714) gimbal_ypr=(46.2,4.7,22.0)deg world_ypr=(46.2,4.7,22.0)deg
[2026-07-21 01:49:27.035] [autoaim] [debug] [Outpost][OBS_ASSOC] seq=5851 state=2 dt=0.0018s world=(2.752,-0.091,-0.711) yaw=41.4deg rho=0.350 radial_res=+0.075 raw_ang=-120.8deg pred=(-124.9,-4.9,115.1)deg err=(+4.0,-116.0,+124.0)deg chosen=0 changed=0 corrected=-120.8deg residual=+0.0deg z=(-0.665,-0.778,-0.624) seen=(1,1,1)
[2026-07-21 01:49:27.063] [autoaim] [debug] [Outpost][SELECT_PHASE] current_angle=-2.208 target_v_yaw=-2.513 normalized_omega=-2.513 prediction_dt=0.226 future_angle=-2.775 current_plate=0 selected_plate=0 candidate_phase=-2.775 candidate_z=-0.665
[2026-07-21 01:49:27.064] [autoaim] [debug] [Outpost][OBS_INPUT] seq=6061 candidates=1 confidence=0.988 image=(830.6,564.2) image_dist=86.4 camera=(0.114,0.048,2.589) gimbal=(2.726,-0.077,-0.701) world=(2.726,-0.077,-0.701) gimbal_ypr=(37.7,5.1,19.0)deg world_ypr=(37.7,5.1,19.0)deg
[2026-07-21 01:49:27.084] [autoaim] [debug] [Outpost][OBS_ASSOC] seq=5861 state=2 dt=0.0039s world=(2.695,-0.066,-0.689) yaw=36.5deg rho=0.363 radial_res=+0.088 raw_ang=-130.8deg pred=(-131.5,-11.5,108.5)deg err=(+0.7,-119.3,+120.7)deg chosen=0 changed=0 corrected=-130.8deg residual=+0.0deg z=(-0.665,-0.778,-0.624) seen=(1,1,1)
[2026-07-21 01:49:27.116] [autoaim] [debug] [Outpost][OBS_INPUT] seq=6071 candidates=1 confidence=0.998 image=(810.9,560.7) image_dist=67.0 camera=(0.085,0.043,2.566) gimbal=(2.705,-0.048,-0.689) world=(2.705,-0.048,-0.689) gimbal_ypr=(31.3,9.0,16.2)deg world_ypr=(31.3,9.0,16.2)deg
[2026-07-21 01:49:27.148] [autoaim] [debug] [Outpost][OBS_ASSOC] seq=5871 state=2 dt=0.0038s world=(2.682,-0.029,-0.680) yaw=28.0deg rho=0.345 radial_res=+0.070 raw_ang=-136.4deg pred=(-133.6,-13.6,106.4)deg err=(-2.8,-122.8,+117.2)deg chosen=0 changed=0 corrected=-136.4deg residual=+0.0deg z=(-0.665,-0.778,-0.624) seen=(1,1,1)
[2026-07-21 01:49:27.173] [autoaim] [debug] [Outpost][SELECT_PHASE] current_angle=-2.419 target_v_yaw=-2.513 normalized_omega=-2.513 prediction_dt=0.225 future_angle=-2.985 current_plate=0 selected_plate=0 candidate_phase=-2.985 candidate_z=-0.665
[2026-07-21 01:49:27.176] [autoaim] [debug] [Outpost][OBS_INPUT] seq=6081 candidates=1 confidence=1.000 image=(784.9,557.5) image_dist=43.3 camera=(0.048,0.038,2.554) gimbal=(2.694,-0.011,-0.681) world=(2.694,-0.011,-0.681) gimbal_ypr=(22.2,11.6,12.1)deg world_ypr=(22.2,11.6,12.1)deg
[2026-07-21 01:49:27.218] [autoaim] [debug] [Outpost][OBS_ASSOC] seq=5881 state=2 dt=0.0241s world=(2.698,0.015,-0.680) yaw=14.4deg rho=0.304 radial_res=+0.029 raw_ang=-140.3deg pred=(-140.4,-20.4,99.6)deg err=(+0.1,-119.9,+120.1)deg chosen=0 changed=0 corrected=-140.3deg residual=+0.0deg z=(-0.665,-0.778,-0.624) seen=(1,1,1)
[2026-07-21 01:49:27.254] [autoaim] [debug] [Outpost][OBS_INPUT] seq=6091 candidates=1 confidence=0.998 image=(748.5,554.4) image_dist=24.1 camera=(-0.003,0.033,2.532) gimbal=(2.674,0.040,-0.671) world=(2.674,0.040,-0.671) gimbal_ypr=(8.0,9.5,6.0)deg world_ypr=(8.0,9.5,6.0)deg
[2026-07-21 01:49:27.259] [autoaim] [debug] [Outpost][IMU] raw_deg=(0.00,0.00,0.00) solver_rad=(0.0000,-0.0000,0.0000)
[2026-07-21 01:49:27.281] [autoaim] [debug] [Outpost][OBS_ASSOC] seq=5891 state=2 dt=0.0042s world=(2.660,0.059,-0.665) yaw=175.2deg rho=0.310 radial_res=+0.035 raw_ang=-151.1deg pred=(-152.1,-32.1,87.9)deg err=(+1.0,-119.0,+121.0)deg chosen=0 changed=0 corrected=-151.1deg residual=+0.0deg z=(-0.665,-0.778,-0.624) seen=(1,1,1)
[2026-07-21 01:49:27.300] [autoaim] [debug] [Outpost][SELECT_PHASE] current_angle=-2.709 target_v_yaw=-2.513 normalized_omega=-2.513 prediction_dt=0.258 future_angle=-3.356 current_plate=0 selected_plate=0 candidate_phase=-3.356 candidate_z=-0.665
[2026-07-21 01:49:27.321] [autoaim] [debug] [Outpost][OBS_INPUT] seq=6101 candidates=1 confidence=0.998 image=(716.2,552.5) image_dist=41.3 camera=(-0.048,0.031,2.488) gimbal=(2.632,0.083,-0.656) world=(2.632,0.083,-0.656) gimbal_ypr=(2.2,3.0,2.5)deg world_ypr=(2.2,3.0,2.5)deg
[2026-07-21 01:49:27.333] [autoaim] [debug] [Outpost][GEOM_OK] state=2 rho=0.339 res=+0.064 yaw_radial=-25.6deg model_center=(2.932,0.209) center_minus=(2.886,0.066) center_plus=(2.339,0.122)
[2026-07-21 01:49:27.346] [autoaim] [debug] [Outpost][OBS_ASSOC] seq=5901 state=2 dt=0.0119s world=(2.613,0.102,-0.650) yaw=8.9deg rho=0.336 radial_res=+0.061 raw_ang=-161.5deg pred=(-161.9,-41.9,78.1)deg err=(+0.4,-119.6,+120.4)deg chosen=0 changed=0 corrected=-161.5deg residual=+0.0deg z=(-0.665,-0.778,-0.624) seen=(1,1,1)
[2026-07-21 01:49:27.362] [autoaim] [debug] [Outpost][SELECT] mode=ROTATING selected=0 observed=0 changed=false fresh=true unseen=0.000s phase=0.0deg model_ok=true fire=false diff=-23.8deg cmd=(6.66,-8.94)
[2026-07-21 01:49:27.365] [autoaim] [debug] [Outpost][OBS_INPUT] seq=6111 candidates=1 confidence=0.999 image=(691.7,552.1) image_dist=63.2 camera=(-0.081,0.029,2.479) gimbal=(2.622,0.117,-0.652) world=(2.622,0.117,-0.652) gimbal_ypr=(0.7,-1.3,0.6)deg world_ypr=(0.7,-1.3,0.6)deg
[2026-07-21 01:49:27.397] [autoaim] [debug] [Outpost][OBS_ASSOC] seq=5911 state=2 dt=0.0042s world=(2.623,0.139,-0.653) yaw=2.2deg rho=0.317 radial_res=+0.042 raw_ang=-167.3deg pred=(-167.7,-47.7,72.3)deg err=(+0.4,-119.6,+120.4)deg chosen=0 changed=0 corrected=-167.3deg residual=+0.0deg z=(-0.665,-0.778,-0.624) seen=(1,1,1)
[2026-07-21 01:49:27.425] [autoaim] [debug] [Outpost][SELECT_PHASE] current_angle=-2.965 target_v_yaw=-2.513 normalized_omega=-2.513 prediction_dt=0.252 future_angle=-3.598 current_plate=0 selected_plate=0 candidate_phase=-3.598 candidate_z=-0.665
[2026-07-21 01:49:27.429] [autoaim] [debug] [Outpost][OBS_INPUT] seq=6121 candidates=1 confidence=0.998 image=(659.5,552.5) image_dist=94.2 camera=(-0.128,0.031,2.524) gimbal=(2.664,0.164,-0.666) world=(2.664,0.164,-0.666) gimbal_ypr=(178.4,149.5,178.0)deg world_ypr=(178.4,149.5,178.0)deg
[2026-07-21 01:49:27.457] [autoaim] [debug] [Outpost][OBS_ASSOC] seq=5921 state=2 dt=0.0041s world=(2.656,0.182,-0.664) yaw=172.4deg rho=0.277 radial_res=+0.002 raw_ang=-174.5deg pred=(-174.5,-54.5,65.5)deg err=(+0.0,-120.0,+120.0)deg chosen=0 changed=0 corrected=-174.5deg residual=+0.0deg z=(-0.665,-0.778,-0.624) seen=(1,1,1)
[2026-07-21 01:49:27.530] [autoaim] [debug] [Outpost][SELECT_PHASE] current_angle=3.054 target_v_yaw=-2.513 normalized_omega=-2.513 prediction_dt=0.248 future_angle=2.430 current_plate=0 selected_plate=0 candidate_phase=2.430 candidate_z=-0.665
[2026-07-21 01:49:27.642] [autoaim] [debug] [Outpost][SELECT_PHASE] current_angle=2.774 target_v_yaw=-2.513 normalized_omega=-2.513 prediction_dt=0.240 future_angle=2.172 current_plate=0 selected_plate=0 candidate_phase=2.172 candidate_z=-0.665
[2026-07-21 01:49:27.750] [autoaim] [debug] [Outpost][SELECT_PHASE] current_angle=2.501 target_v_yaw=-2.513 normalized_omega=-2.513 prediction_dt=0.235 future_angle=1.912 current_plate=0 selected_plate=0 candidate_phase=1.912 candidate_z=-0.665
[2026-07-21 01:49:27.831] [autoaim] [debug] [Outpost][SELECT] mode=ROTATING selected=1 observed=0 changed=true fresh=false unseen=0.362s phase=0.0deg model_ok=false fire=false diff=34.2deg cmd=(0.83,-11.26)
[2026-07-21 01:49:27.855] [autoaim] [debug] [Outpost][SWITCH_COMMIT] t=30712.777 from=0 phase_best=1 height_plate=1 tracked_err=+127.3deg new_phase_err=+7.3deg jump=71.8deg z=-0.880 z_err=0.102 margin=0.113 z_confident=0
[2026-07-21 01:49:27.855] [autoaim] [debug] [Outpost][OBS_ASSOC] seq=5925 state=2 dt=0.3856s world=(2.848,-0.116,-0.880) yaw=43.1deg rho=0.335 radial_res=+0.060 raw_ang=-104.4deg pred=(128.3,-111.7,8.3)deg err=(+127.3,+7.3,-112.7)deg chosen=1 changed=1 corrected=-104.4deg residual=+0.0deg z=(-0.665,-0.778,-0.624) seen=(1,1,1)
[2026-07-21 01:49:27.859] [autoaim] [debug] [Outpost][OBS_INPUT] seq=6131 candidates=1 confidence=1.000 image=(851.4,654.4) image_dist=159.5 camera=(0.154,0.189,2.772) gimbal=(2.865,-0.115,-0.885) world=(2.865,-0.115,-0.885) gimbal_ypr=(42.1,7.1,21.4)deg world_ypr=(42.1,7.1,21.4)deg
[2026-07-21 01:49:27.859] [autoaim] [debug] [Outpost][SELECT_PHASE] current_angle=2.414 target_v_yaw=-2.513 normalized_omega=-2.513 prediction_dt=0.233 future_angle=1.828 current_plate=1 selected_plate=1 candidate_phase=3.923 candidate_z=-0.778
[2026-07-21 01:49:27.898] [autoaim] [debug] [Outpost][OBS_ASSOC] seq=5931 state=2 dt=0.0063s world=(2.813,-0.094,-0.863) yaw=37.5deg rho=0.326 radial_res=+0.051 raw_ang=-111.4deg pred=(127.6,-112.4,7.6)deg err=(+121.0,+1.0,-119.0)deg chosen=1 changed=0 corrected=-111.4deg residual=+0.0deg z=(-0.665,-0.778,-0.624) seen=(1,1,1)
[2026-07-21 01:49:27.919] [autoaim] [debug] [Outpost][SELECT] mode=ROTATING selected=1 observed=1 changed=false fresh=true unseen=0.000s phase=0.0deg model_ok=true fire=false diff=19.6deg cmd=(2.17,-11.51)
[2026-07-21 01:49:27.923] [autoaim] [debug] [Outpost][OBS_INPUT] seq=6141 candidates=1 confidence=1.000 image=(828.7,650.9) image_dist=143.3 camera=(0.114,0.175,2.652) gimbal=(2.752,-0.077,-0.840) world=(2.752,-0.077,-0.840) gimbal_ypr=(35.1,11.5,18.7)deg world_ypr=(35.1,11.5,18.7)deg
[2026-07-21 01:49:27.951] [autoaim] [debug] [Outpost][OBS_ASSOC] seq=5941 state=2 dt=0.0040s world=(2.731,-0.059,-0.830) yaw=29.3deg rho=0.335 radial_res=+0.060 raw_ang=-126.8deg pred=(114.0,-126.0,-6.0)deg err=(+119.2,-0.8,-120.8)deg chosen=1 changed=0 corrected=-126.8deg residual=+0.0deg z=(-0.665,-0.778,-0.624) seen=(1,1,1)
[2026-07-21 01:49:27.963] [autoaim] [debug] [Outpost][SELECT_PHASE] current_angle=1.871 target_v_yaw=-2.513 normalized_omega=-2.513 prediction_dt=0.228 future_angle=1.298 current_plate=1 selected_plate=1 candidate_phase=3.393 candidate_z=-0.778
[2026-07-21 01:49:27.971] [autoaim] [debug] [Outpost][OBS_INPUT] seq=6151 candidates=1 confidence=1.000 image=(808.9,647.8) image_dist=130.8 camera=(0.085,0.171,2.658) gimbal=(2.759,-0.048,-0.838) world=(2.759,-0.048,-0.838) gimbal_ypr=(25.3,11.1,14.7)deg world_ypr=(25.3,11.1,14.7)deg
[2026-07-21 01:49:28.000] [autoaim] [debug] [Outpost][OBS_ASSOC] seq=5951 state=2 dt=0.0039s world=(2.671,-0.028,-0.805) yaw=24.0deg rho=0.353 radial_res=+0.078 raw_ang=-137.8deg pred=(106.3,-133.7,-13.7)deg err=(+116.0,-4.0,-124.0)deg chosen=1 changed=0 corrected=-137.8deg residual=+0.0deg z=(-0.665,-0.778,-0.624) seen=(1,1,1)
[2026-07-21 01:49:28.033] [autoaim] [debug] [Outpost][OBS_INPUT] seq=6161 candidates=1 confidence=1.000 image=(781.2,644.9) image_dist=118.3 camera=(0.043,0.162,2.579) gimbal=(2.684,-0.007,-0.807) world=(2.684,-0.007,-0.807) gimbal_ypr=(17.7,15.0,10.5)deg world_ypr=(17.7,15.0,10.5)deg
[2026-07-21 01:49:28.065] [autoaim] [debug] [Outpost][OBS_ASSOC] seq=5961 state=2 dt=0.0078s world=(2.666,0.016,-0.799) yaw=10.0deg rho=0.328 radial_res=+0.053 raw_ang=-144.0deg pred=(91.8,-148.2,-28.2)deg err=(+124.2,+4.2,-115.8)deg chosen=1 changed=0 corrected=-144.0deg residual=+0.0deg z=(-0.665,-0.778,-0.624) seen=(1,1,1)
[2026-07-21 01:49:28.076] [autoaim] [debug] [Outpost][SELECT_PHASE] current_angle=1.676 target_v_yaw=-2.513 normalized_omega=-2.513 prediction_dt=0.259 future_angle=1.026 current_plate=1 selected_plate=1 candidate_phase=3.121 candidate_z=-0.778
[2026-07-21 01:49:28.096] [autoaim] [debug] [Outpost][OBS_INPUT] seq=6171 candidates=1 confidence=1.000 image=(751.2,642.9) image_dist=112.4 camera=(0.000,0.157,2.542) gimbal=(2.650,0.036,-0.792) world=(2.650,0.036,-0.792) gimbal_ypr=(179.4,150.3,-176.8)deg world_ypr=(179.4,150.3,-176.8)deg
[2026-07-21 01:49:28.112] [autoaim] [debug] [Outpost][OBS_ASSOC] seq=5971 state=2 dt=0.0012s world=(2.602,0.049,-0.775) yaw=6.9deg rho=0.367 radial_res=+0.092 raw_ang=-154.1deg pred=(86.2,-153.8,-33.8)deg err=(+119.7,-0.3,-120.3)deg chosen=1 changed=0 corrected=-154.1deg residual=+0.0deg z=(-0.665,-0.778,-0.624) seen=(1,1,1)
[2026-07-21 01:49:28.140] [autoaim] [debug] [Outpost][OBS_INPUT] seq=6181 candidates=1 confidence=1.000 image=(726.4,641.6) image_dist=113.9 camera=(-0.033,0.151,2.465) gimbal=(2.576,0.068,-0.765) world=(2.576,0.068,-0.765) gimbal_ypr=(9.0,34.9,5.5)deg world_ypr=(9.0,34.9,5.5)deg
[2026-07-21 01:49:28.172] [autoaim] [debug] [Outpost][OBS_ASSOC] seq=5981 state=2 dt=0.0039s world=(2.558,0.090,-0.758) yaw=8.4deg rho=0.393 radial_res=+0.118 raw_ang=-162.4deg pred=(77.5,-162.5,-42.5)deg err=(+120.1,+0.1,-119.9)deg chosen=1 changed=0 corrected=-162.4deg residual=+0.0deg z=(-0.665,-0.778,-0.624) seen=(1,1,1)
[2026-07-21 01:49:28.184] [autoaim] [debug] [Outpost][SELECT_PHASE] current_angle=1.334 target_v_yaw=-2.513 normalized_omega=-2.513 prediction_dt=0.248 future_angle=0.710 current_plate=1 selected_plate=1 candidate_phase=2.805 candidate_z=-0.778
[2026-07-21 01:49:28.202] [autoaim] [debug] [Outpost][OBS_INPUT] seq=6191 candidates=1 confidence=0.999 image=(694.6,640.5) image_dist=123.7 camera=(-0.076,0.148,2.450) gimbal=(2.563,0.111,-0.759) world=(2.563,0.111,-0.759) gimbal_ypr=(6.7,36.4,2.9)deg world_ypr=(6.7,36.4,2.9)deg
[2026-07-21 01:49:28.220] [autoaim] [debug] [Outpost][OBS_ASSOC] seq=5991 state=2 dt=0.0039s world=(2.565,0.126,-0.760) yaw=5.8deg rho=0.377 radial_res=+0.102 raw_ang=-167.2deg pred=(72.3,-167.7,-47.7)deg err=(+120.5,+0.5,-119.5)deg chosen=1 changed=0 corrected=-167.2deg residual=+0.0deg z=(-0.665,-0.778,-0.624) seen=(1,1,1)
[2026-07-21 01:49:28.248] [autoaim] [debug] [Outpost][OBS_INPUT] seq=6201 candidates=1 confidence=0.963 image=(669.1,640.8) image_dist=137.4 camera=(-0.112,0.150,2.479) gimbal=(2.589,0.147,-0.769) world=(2.589,0.147,-0.769) gimbal_ypr=(4.2,4.2,0.8)deg world_ypr=(4.2,4.2,0.8)deg
[2026-07-21 01:49:28.283] [autoaim] [debug] [Outpost][GEOM_OK] state=2 rho=0.329 res=+0.054 yaw_radial=177.4deg model_center=(2.932,0.209) center_minus=(2.331,0.146) center_plus=(2.879,0.190)
[2026-07-21 01:49:28.285] [autoaim] [debug] [Outpost][OBS_ASSOC] seq=6001 state=2 dt=0.0081s world=(2.605,0.173,-0.775) yaw=3.1deg rho=0.328 radial_res=+0.053 raw_ang=-173.8deg pred=(66.0,-174.0,-54.0)deg err=(+120.2,+0.2,-119.8)deg chosen=1 changed=0 corrected=-173.8deg residual=+0.0deg z=(-0.665,-0.778,-0.624) seen=(1,1,1)
[2026-07-21 01:49:28.318] [autoaim] [debug] [Outpost][SELECT_PHASE] current_angle=1.079 target_v_yaw=-2.513 normalized_omega=-2.513 prediction_dt=0.248 future_angle=0.455 current_plate=1 selected_plate=1 candidate_phase=2.549 candidate_z=-0.778
[2026-07-21 01:49:28.393] [autoaim] [debug] [Outpost][IMU] raw_deg=(0.00,0.00,0.00) solver_rad=(0.0000,-0.0000,0.0000)
[2026-07-21 01:49:28.437] [autoaim] [debug] [Outpost][SELECT_PHASE] current_angle=0.776 target_v_yaw=-2.513 normalized_omega=-2.513 prediction_dt=0.238 future_angle=0.177 current_plate=1 selected_plate=1 candidate_phase=2.271 candidate_z=-0.778
[2026-07-21 01:49:28.541] [autoaim] [debug] [Outpost][SELECT] mode=ROTATING selected=1 observed=1 changed=false fresh=false unseen=0.248s phase=0.0deg model_ok=false fire=false diff=-68.3deg cmd=(9.51,-10.26)
[2026-07-21 01:49:28.600] [autoaim] [debug] [Outpost][SELECT_PHASE] current_angle=0.372 target_v_yaw=-2.513 normalized_omega=-2.513 prediction_dt=0.230 future_angle=-0.207 current_plate=1 selected_plate=1 candidate_phase=1.887 candidate_z=-0.778
[2026-07-21 01:49:28.653] [autoaim] [debug] [Outpost][SELECT] mode=ROTATING selected=2 observed=1 changed=true fresh=false unseen=0.361s phase=0.0deg model_ok=false fire=false diff=36.1deg cmd=(0.67,-7.85)
[2026-07-21 01:49:28.670] [autoaim] [debug] [Outpost][SWITCH_COMMIT] t=30713.592 from=1 phase_best=2 height_plate=0 tracked_err=+157.3deg new_phase_err=+37.3deg jump=103.0deg z=-0.686 z_err=0.020 margin=0.041 z_confident=1
[2026-07-21 01:49:28.670] [autoaim] [debug] [Outpost][OBS_ASSOC] seq=6004 state=2 dt=0.3769s world=(3.041,-0.120,-0.686) yaw=43.9deg rho=0.347 radial_res=+0.072 raw_ang=-71.8deg pred=(11.0,131.0,-109.0)deg err=(-82.7,+157.3,+37.3)deg chosen=2 changed=1 corrected=-71.8deg residual=+0.0deg z=(-0.665,-0.778,-0.624) seen=(1,1,1)
[2026-07-21 01:49:28.678] [autoaim] [debug] [Outpost][OBS_INPUT] seq=6211 candidates=1 confidence=0.998 image=(850.7,496.9) image_dist=105.1 camera=(0.153,-0.051,2.774) gimbal=(2.932,-0.112,-0.655) world=(2.932,-0.112,-0.655) gimbal_ypr=(44.4,5.9,21.5)deg world_ypr=(44.4,5.9,21.5)deg
[2026-07-21 01:49:28.686] [autoaim] [debug] [Outpost][IDENTITY_LOCK] t=30713.608 tracked=2 phase_best=2 height_candidate=0 tracked_err=-3.7deg new_phase_err=-3.7deg jump=4.3deg z=-0.665 z_err=0.001 margin=0.040
[2026-07-21 01:49:28.713] [autoaim] [debug] [Outpost][OBS_ASSOC] seq=6011 state=2 dt=0.0070s world=(2.918,-0.097,-0.648) yaw=39.5deg rho=0.306 radial_res=+0.031 raw_ang=-92.6deg pred=(33.3,153.3,-86.7)deg err=(-125.8,+114.2,-5.8)deg chosen=2 changed=0 corrected=-92.6deg residual=+0.0deg z=(-0.665,-0.778,-0.624) seen=(1,1,1)
[2026-07-21 01:49:28.739] [autoaim] [debug] [Outpost][SELECT_PHASE] current_angle=0.216 target_v_yaw=-2.513 normalized_omega=-2.513 prediction_dt=0.228 future_angle=-0.357 current_plate=2 selected_plate=2 candidate_phase=-2.452 candidate_z=-0.624
[2026-07-21 01:49:28.743] [autoaim] [debug] [Outpost][OBS_INPUT] seq=6221 candidates=1 confidence=0.997 image=(829.7,491.6) image_dist=87.7 camera=(0.118,-0.058,2.711) gimbal=(2.872,-0.079,-0.631) world=(2.872,-0.079,-0.631) gimbal_ypr=(36.2,11.0,18.0)deg world_ypr=(36.2,11.0,18.0)deg
[2026-07-21 01:49:28.778] [autoaim] [debug] [Outpost][OBS_ASSOC] seq=6021 state=2 dt=0.0160s world=(2.843,-0.060,-0.620) yaw=31.5deg rho=0.284 radial_res=+0.009 raw_ang=-108.3deg pred=(16.6,136.6,-103.4)deg err=(-125.0,+115.0,-5.0)deg chosen=2 changed=0 corrected=-108.3deg residual=+0.0deg z=(-0.665,-0.778,-0.624) seen=(1,1,1)
[2026-07-21 01:49:28.794] [autoaim] [debug] [Outpost][OBS_INPUT] seq=6231 candidates=1 confidence=0.988 image=(810.0,487.5) image_dist=72.9 camera=(0.088,-0.063,2.677) gimbal=(2.840,-0.049,-0.617) world=(2.840,-0.049,-0.617) gimbal_ypr=(27.8,11.0,14.4)deg world_ypr=(27.8,11.0,14.4)deg
[2026-07-21 01:49:28.831] [autoaim] [debug] [Outpost][OBS_ASSOC] seq=6031 state=2 dt=0.0040s world=(2.790,-0.026,-0.601) yaw=23.6deg rho=0.274 radial_res=-0.001 raw_ang=-121.1deg pred=(2.9,122.9,-117.1)deg err=(-124.0,+116.0,-4.0)deg chosen=2 changed=0 corrected=-121.1deg residual=+0.0deg z=(-0.665,-0.778,-0.624) seen=(1,1,1)
[2026-07-21 01:49:28.859] [autoaim] [debug] [Outpost][SELECT_PHASE] current_angle=0.052 target_v_yaw=-2.513 normalized_omega=-2.513 prediction_dt=0.226 future_angle=-0.517 current_plate=2 selected_plate=2 candidate_phase=-2.611 candidate_z=-0.624
[2026-07-21 01:49:28.863] [autoaim] [debug] [Outpost][OBS_INPUT] seq=6241 candidates=1 confidence=0.988 image=(781.2,483.4) image_dist=55.9 camera=(0.042,-0.067,2.587) gimbal=(2.754,-0.005,-0.589) world=(2.754,-0.005,-0.589) gimbal_ypr=(159.4,166.8,-179.0)deg world_ypr=(159.4,166.8,-179.0)deg
[2026-07-21 01:49:28.899] [autoaim] [debug] [Outpost][OBS_ASSOC] seq=6041 state=2 dt=0.0041s world=(2.746,0.018,-0.585) yaw=14.5deg rho=0.266 radial_res=-0.009 raw_ang=-134.2deg pred=(-10.4,109.6,-130.4)deg err=(-123.8,+116.2,-3.8)deg chosen=2 changed=0 corrected=-134.2deg residual=+0.0deg z=(-0.665,-0.778,-0.624) seen=(1,1,1)
[2026-07-21 01:49:28.926] [autoaim] [debug] [Outpost][OBS_INPUT] seq=6251 candidates=1 confidence=0.996 image=(751.2,480.5) image_dist=49.9 camera=(0.000,-0.070,2.586) gimbal=(2.753,0.037,-0.585) world=(2.753,0.037,-0.585) gimbal_ypr=(176.7,176.3,-177.0)deg world_ypr=(176.7,176.3,-177.0)deg
[2026-07-21 01:49:28.960] [autoaim] [debug] [Outpost][OBS_ASSOC] seq=6051 state=2 dt=0.0041s world=(2.706,0.059,-0.572) yaw=7.6deg rho=0.271 radial_res=-0.004 raw_ang=-146.5deg pred=(-26.2,93.8,-146.2)deg err=(-120.2,+119.8,-0.2)deg chosen=2 changed=0 corrected=-146.5deg residual=+0.0deg z=(-0.665,-0.778,-0.624) seen=(1,1,1)
[2026-07-21 01:49:28.977] [autoaim] [debug] [Outpost][SELECT_PHASE] current_angle=-0.512 target_v_yaw=-2.513 normalized_omega=-2.513 prediction_dt=0.258 future_angle=-1.159 current_plate=2 selected_plate=2 candidate_phase=-3.254 candidate_z=-0.624
[2026-07-21 01:49:28.999] [autoaim] [debug] [Outpost][OBS_INPUT] seq=6261 candidates=1 confidence=0.999 image=(716.8,478.6) image_dist=62.1 camera=(-0.047,-0.071,2.508) gimbal=(2.678,0.084,-0.564) world=(2.678,0.084,-0.564) gimbal_ypr=(1.8,1.8,1.7)deg world_ypr=(1.8,1.8,1.7)deg
[2026-07-21 01:49:29.025] [autoaim] [debug] [Outpost][OBS_ASSOC] seq=6061 state=2 dt=0.0121s world=(2.675,0.104,-0.562) yaw=4.9deg rho=0.278 radial_res=+0.003 raw_ang=-157.7deg pred=(-38.2,81.8,-158.2)deg err=(-119.5,+120.5,+0.5)deg chosen=2 changed=0 corrected=-157.7deg residual=+0.0deg z=(-0.665,-0.778,-0.624) seen=(1,1,1)
[2026-07-21 01:49:29.048] [autoaim] [debug] [Outpost][OBS_INPUT] seq=6271 candidates=1 confidence=0.998 image=(691.8,478.1) image_dist=79.1 camera=(-0.082,-0.072,2.506) gimbal=(2.676,0.118,-0.562) world=(2.676,0.118,-0.562) gimbal_ypr=(3.9,32.6,1.1)deg world_ypr=(3.9,32.6,1.1)deg
[2026-07-21 01:49:29.101] [autoaim] [debug] [Outpost][OBS_ASSOC] seq=6071 state=2 dt=0.0154s world=(2.693,0.156,-0.567) yaw=6.2deg rho=0.245 radial_res=-0.030 raw_ang=-167.5deg pred=(-47.8,72.2,-167.8)deg err=(-119.7,+120.3,+0.3)deg chosen=2 changed=0 corrected=-167.5deg residual=+0.0deg z=(-0.665,-0.778,-0.624) seen=(1,1,1)
[2026-07-21 01:49:29.112] [autoaim] [debug] [Outpost][SELECT_PHASE] current_angle=-0.856 target_v_yaw=-2.513 normalized_omega=-2.513 prediction_dt=0.248 future_angle=-1.480 current_plate=2 selected_plate=2 candidate_phase=-3.574 candidate_z=-0.624
[2026-07-21 01:49:29.132] [autoaim] [debug] [Outpost][OBS_INPUT] seq=6281 candidates=1 confidence=0.999 image=(646.9,479.2) image_dist=116.1 camera=(-0.149,-0.073,2.595) gimbal=(2.760,0.187,-0.585) world=(2.760,0.187,-0.585) gimbal_ypr=(0.5,23.3,-3.5)deg world_ypr=(0.5,23.3,-3.5)deg
[2026-07-21 01:49:29.212] [autoaim] [debug] [Outpost][SELECT] mode=ROTATING selected=2 observed=2 changed=false fresh=true unseen=0.068s phase=0.0deg model_ok=true fire=false diff=-44.2deg cmd=(8.29,-7.68)
[2026-07-21 01:49:29.256] [autoaim] [debug] [Outpost][SELECT_PHASE] current_angle=-1.244 target_v_yaw=-2.513 normalized_omega=-2.513 prediction_dt=0.241 future_angle=-1.850 current_plate=2 selected_plate=2 candidate_phase=-3.944 candidate_z=-0.624
[2026-07-21 01:49:29.377] [autoaim] [debug] [Outpost][SELECT_PHASE] current_angle=-1.537 target_v_yaw=-2.513 normalized_omega=-2.513 prediction_dt=0.235 future_angle=-2.127 current_plate=2 selected_plate=2 candidate_phase=-4.221 candidate_z=-0.624
[2026-07-21 01:49:29.457] [autoaim] [debug] [Outpost][SWITCH_COMMIT] t=30714.379 from=2 phase_best=0 height_plate=1 tracked_err=+114.9deg new_phase_err=-5.1deg jump=69.8deg z=-0.750 z_err=0.028 margin=0.056 z_confident=1
[2026-07-21 01:49:29.457] [autoaim] [debug] [Outpost][OBS_ASSOC] seq=6080 state=2 dt=0.3132s world=(2.838,-0.135,-0.750) yaw=54.8deg rho=0.356 radial_res=+0.081 raw_ang=-105.3deg pred=(-100.2,19.8,139.8)deg err=(-5.1,-125.1,+114.9)deg chosen=0 changed=1 corrected=-105.3deg residual=+0.0deg z=(-0.665,-0.778,-0.624) seen=(1,1,1)
[2026-07-21 01:49:29.461] [autoaim] [debug] [Outpost][OBS_ASSOC] seq=6081 state=2 dt=0.0043s world=(2.802,-0.132,-0.738) yaw=54.2deg rho=0.365 radial_res=+0.090 raw_ang=-110.8deg pred=(-106.0,14.0,134.0)deg err=(-4.9,-124.9,+115.1)deg chosen=0 changed=0 corrected=-110.8deg residual=+0.0deg z=(-0.665,-0.778,-0.624) seen=(1,1,1)
[2026-07-21 01:49:29.493] [autoaim] [debug] [Outpost][SELECT] mode=ROTATING selected=0 observed=0 changed=true fresh=true unseen=0.000s phase=0.0deg model_ok=true fire=false diff=26.8deg cmd=(1.48,-9.08)
[2026-07-21 01:49:29.501] [autoaim] [debug] [Outpost][OBS_INPUT] seq=6291 candidates=1 confidence=1.000 image=(856.2,570.5) image_dist=112.5 camera=(0.150,0.057,2.580) gimbal=(2.715,-0.113,-0.706) world=(2.715,-0.113,-0.706) gimbal_ypr=(49.1,1.9,22.9)deg world_ypr=(49.1,1.9,22.9)deg
[2026-07-21 01:49:29.520] [autoaim] [debug] [Outpost][SELECT_PHASE] current_angle=-2.093 target_v_yaw=-2.513 normalized_omega=-2.513 prediction_dt=0.227 future_angle=-2.663 current_plate=0 selected_plate=0 candidate_phase=-2.663 candidate_z=-0.665
[2026-07-21 01:49:29.533] [autoaim] [debug] [Outpost][OBS_ASSOC] seq=6091 state=2 dt=0.0041s world=(2.749,-0.101,-0.713) yaw=45.0deg rho=0.360 radial_res=+0.085 raw_ang=-120.5deg pred=(-120.7,-0.7,119.3)deg err=(+0.2,-119.8,+120.2)deg chosen=0 changed=0 corrected=-120.5deg residual=+0.0deg z=(-0.665,-0.778,-0.624) seen=(1,1,1)
[2026-07-21 01:49:29.565] [autoaim] [debug] [Outpost][OBS_INPUT] seq=6301 candidates=1 confidence=0.999 image=(836.8,565.6) image_dist=92.7 camera=(0.122,0.050,2.560) gimbal=(2.698,-0.085,-0.694) world=(2.698,-0.085,-0.694) gimbal_ypr=(41.1,5.1,20.0)deg world_ypr=(41.1,5.1,20.0)deg
[2026-07-21 01:49:29.593] [autoaim] [debug] [Outpost][GEOM_OK] state=2 rho=0.337 res=+0.062 yaw_radial=159.2deg model_center=(2.932,0.209) center_minus=(2.524,-0.234) center_plus=(2.969,0.089)
[2026-07-21 01:49:29.597] [autoaim] [debug] [Outpost][OBS_ASSOC] seq=6101 state=2 dt=0.0042s world=(2.712,-0.069,-0.695) yaw=36.5deg rho=0.355 radial_res=+0.080 raw_ang=-128.4deg pred=(-124.0,-4.0,116.0)deg err=(-4.4,-124.4,+115.6)deg chosen=0 changed=0 corrected=-128.4deg residual=+0.0deg z=(-0.665,-0.778,-0.624) seen=(1,1,1)
[2026-07-21 01:49:29.628] [autoaim] [debug] [Outpost][OBS_INPUT] seq=6311 candidates=1 confidence=0.993 image=(814.8,561.5) image_dist=70.9 camera=(0.091,0.044,2.589) gimbal=(2.727,-0.054,-0.697) world=(2.727,-0.054,-0.697) gimbal_ypr=(32.5,8.8,16.8)deg world_ypr=(32.5,8.8,16.8)deg
[2026-07-21 01:49:29.631] [autoaim] [debug] [Outpost][SELECT_PHASE] current_angle=-2.235 target_v_yaw=-2.513 normalized_omega=-2.513 prediction_dt=0.226 future_angle=-2.802 current_plate=0 selected_plate=0 candidate_phase=-2.802 candidate_z=-0.665
[2026-07-21 01:49:29.660] [autoaim] [debug] [Outpost][OBS_ASSOC] seq=6111 state=2 dt=0.0131s world=(2.728,-0.036,-0.694) yaw=27.5deg rho=0.318 radial_res=+0.043 raw_ang=-129.8deg pred=(-128.9,-8.9,111.1)deg err=(-0.9,-120.9,+119.1)deg chosen=0 changed=0 corrected=-129.8deg residual=+0.0deg z=(-0.665,-0.778,-0.624) seen=(1,1,1)
[2026-07-21 01:49:29.699] [autoaim] [debug] [Outpost][OBS_INPUT] seq=6321 candidates=1 confidence=0.999 image=(783.8,557.4) image_dist=42.4 camera=(0.047,0.038,2.561) gimbal=(2.701,-0.010,-0.683) world=(2.701,-0.010,-0.683) gimbal_ypr=(22.1,11.1,12.0)deg world_ypr=(22.1,11.1,12.0)deg
[2026-07-21 01:49:29.730] [autoaim] [debug] [Outpost][IMU] raw_deg=(0.00,0.00,0.00) solver_rad=(0.0000,-0.0000,0.0000)
[2026-07-21 01:49:29.736] [autoaim] [debug] [Outpost][OBS_ASSOC] seq=6121 state=2 dt=0.0052s world=(2.714,0.014,-0.684) yaw=13.5deg rho=0.292 radial_res=+0.017 raw_ang=-138.2deg pred=(-140.4,-20.4,99.6)deg err=(+2.2,-117.8,+122.2)deg chosen=0 changed=0 corrected=-138.2deg residual=+0.0deg z=(-0.665,-0.778,-0.624) seen=(1,1,1)
[2026-07-21 01:49:29.769] [autoaim] [debug] [Outpost][OBS_INPUT] seq=6331 candidates=1 confidence=0.999 image=(749.5,554.2) image_dist=23.9 camera=(-0.002,0.033,2.534) gimbal=(2.676,0.038,-0.671) world=(2.676,0.038,-0.671) gimbal_ypr=(10.1,9.6,6.6)deg world_ypr=(10.1,9.6,6.6)deg
[2026-07-21 01:49:29.774] [autoaim] [debug] [Outpost][SELECT_PHASE] current_angle=-2.536 target_v_yaw=-2.513 normalized_omega=-2.513 prediction_dt=0.261 future_angle=-3.192 current_plate=0 selected_plate=0 candidate_phase=-3.192 candidate_z=-0.665
[2026-07-21 01:49:29.799] [autoaim] [debug] [Outpost][OBS_ASSOC] seq=6131 state=2 dt=0.0053s world=(2.635,0.057,-0.658) yaw=9.2deg rho=0.334 radial_res=+0.059 raw_ang=-152.9deg pred=(-151.7,-31.7,88.3)deg err=(-1.2,-121.2,+118.8)deg chosen=0 changed=0 corrected=-152.9deg residual=+0.0deg z=(-0.665,-0.778,-0.624) seen=(1,1,1)
[2026-07-21 01:49:29.822] [autoaim] [debug] [Outpost][OBS_INPUT] seq=6341 candidates=1 confidence=0.998 image=(725.5,553.0) image_dist=34.1 camera=(-0.035,0.031,2.465) gimbal=(2.609,0.071,-0.650) world=(2.609,0.071,-0.650) gimbal_ypr=(171.3,176.6,179.6)deg world_ypr=(171.3,176.6,179.6)deg
[2026-07-21 01:49:29.851] [autoaim] [debug] [Outpost][SELECT] mode=ROTATING selected=0 observed=0 changed=false fresh=true unseen=0.000s phase=0.0deg model_ok=true fire=false diff=-20.6deg cmd=(6.31,-9.05)
[2026-07-21 01:49:29.854] [autoaim] [debug] [Outpost][OBS_ASSOC] seq=6141 state=2 dt=0.0041s world=(2.624,0.096,-0.653) yaw=9.1deg rho=0.328 radial_res=+0.053 raw_ang=-159.8deg pred=(-160.1,-40.1,79.9)deg err=(+0.3,-119.7,+120.3)deg chosen=0 changed=0 corrected=-159.8deg residual=+0.0deg z=(-0.665,-0.778,-0.624) seen=(1,1,1)
[2026-07-21 01:49:29.883] [autoaim] [debug] [Outpost][OBS_INPUT] seq=6351 candidates=1 confidence=1.000 image=(693.0,552.1) image_dist=62.0 camera=(-0.080,0.030,2.489) gimbal=(2.632,0.115,-0.656) world=(2.632,0.115,-0.656) gimbal_ypr=(179.4,173.9,-179.8)deg world_ypr=(179.4,173.9,-179.8)deg
[2026-07-21 01:49:29.887] [autoaim] [debug] [Outpost][SELECT_PHASE] current_angle=-2.848 target_v_yaw=-2.513 normalized_omega=-2.513 prediction_dt=0.255 future_angle=-3.487 current_plate=0 selected_plate=0 candidate_phase=-3.487 candidate_z=-0.665
[2026-07-21 01:49:29.912] [autoaim] [debug] [Outpost][OBS_ASSOC] seq=6151 state=2 dt=0.0051s world=(2.624,0.134,-0.653) yaw=3.1deg rho=0.317 radial_res=+0.042 raw_ang=-166.4deg pred=(-166.6,-46.6,73.4)deg err=(+0.3,-119.7,+120.3)deg chosen=0 changed=0 corrected=-166.4deg residual=+0.0deg z=(-0.665,-0.778,-0.624) seen=(1,1,1)
[2026-07-21 01:49:29.942] [autoaim] [debug] [Outpost][OBS_INPUT] seq=6361 candidates=1 confidence=0.998 image=(664.6,552.6) image_dist=89.3 camera=(-0.119,0.030,2.500) gimbal=(2.642,0.155,-0.659) world=(2.642,0.155,-0.659) gimbal_ypr=(178.9,147.5,178.2)deg world_ypr=(178.9,147.5,178.2)deg
[2026-07-21 01:49:29.961] [autoaim] [debug] [Outpost][OBS_ASSOC] seq=6161 state=2 dt=0.0039s world=(2.668,0.171,-0.667) yaw=3.4deg rho=0.267 radial_res=-0.008 raw_ang=-171.8deg pred=(-171.8,-51.8,68.2)deg err=(-0.0,-120.0,+120.0)deg chosen=0 changed=0 corrected=-171.8deg residual=+0.0deg z=(-0.665,-0.778,-0.624) seen=(1,1,1)
[2026-07-21 01:49:29.995] [autoaim] [debug] [Outpost][SELECT_PHASE] current_angle=-3.093 target_v_yaw=-2.513 normalized_omega=-2.513 prediction_dt=0.248 future_angle=-3.717 current_plate=0 selected_plate=0 candidate_phase=-3.717 candidate_z=-0.665
[2026-07-21 01:49:30.099] [autoaim] [debug] [Outpost][SELECT_PHASE] current_angle=2.930 target_v_yaw=-2.513 normalized_omega=-2.513 prediction_dt=0.243 future_angle=2.319 current_plate=0 selected_plate=0 candidate_phase=2.319 candidate_z=-0.665
[2026-07-21 01:49:30.207] [autoaim] [debug] [Outpost][SELECT_PHASE] current_angle=2.657 target_v_yaw=-2.513 normalized_omega=-2.513 prediction_dt=0.237 future_angle=2.060 current_plate=0 selected_plate=0 candidate_phase=2.060 candidate_z=-0.665
[2026-07-21 01:49:30.336] [autoaim] [debug] [Outpost][SELECT] mode=ROTATING selected=1 observed=0 changed=true fresh=false unseen=0.350s phase=0.0deg model_ok=false fire=false diff=36.1deg cmd=(0.68,-11.21)
[2026-07-21 01:49:30.348] [autoaim] [debug] [Outpost][SELECT_PHASE] current_angle=2.304 target_v_yaw=-2.513 normalized_omega=-2.513 prediction_dt=0.232 future_angle=1.722 current_plate=0 selected_plate=1 candidate_phase=3.816 candidate_z=-0.778
[2026-07-21 01:49:30.371] [autoaim] [debug] [Outpost][OBS_INPUT] seq=6371 candidates=1 confidence=0.999 image=(854.7,655.2) image_dist=162.2 camera=(0.162,0.194,2.829) gimbal=(2.918,-0.122,-0.906) world=(2.918,-0.122,-0.906) gimbal_ypr=(42.7,7.6,22.3)deg world_ypr=(42.7,7.6,22.3)deg
[2026-07-21 01:49:30.371] [autoaim] [debug] [Outpost][SWITCH_COMMIT] t=30715.290 from=0 phase_best=1 height_plate=1 tracked_err=+138.5deg new_phase_err=+18.5deg jump=83.6deg z=-0.906 z_err=0.128 margin=0.113 z_confident=0
[2026-07-21 01:49:30.371] [autoaim] [debug] [Outpost][OBS_ASSOC] seq=6166 state=2 dt=0.3815s world=(2.918,-0.122,-0.906) yaw=42.7deg rho=0.331 radial_res=+0.056 raw_ang=-92.4deg pred=(129.1,-110.9,9.1)deg err=(+138.5,+18.5,-101.5)deg chosen=1 changed=1 corrected=-92.4deg residual=+0.0deg z=(-0.665,-0.778,-0.624) seen=(1,1,1)
[2026-07-21 01:49:30.413] [autoaim] [debug] [Outpost][OBS_ASSOC] seq=6171 state=2 dt=0.0050s world=(2.796,-0.094,-0.858) yaw=38.1deg rho=0.332 radial_res=+0.057 raw_ang=-114.2deg pred=(122.8,-117.2,2.8)deg err=(+123.0,+3.0,-117.0)deg chosen=1 changed=0 corrected=-114.2deg residual=+0.0deg z=(-0.665,-0.778,-0.624) seen=(1,1,1)
[2026-07-21 01:49:30.446] [autoaim] [debug] [Outpost][SELECT] mode=ROTATING selected=1 observed=1 changed=false fresh=true unseen=0.000s phase=0.0deg model_ok=true fire=false diff=20.3deg cmd=(2.10,-11.53)
[2026-07-21 01:49:30.453] [autoaim] [debug] [Outpost][OBS_INPUT] seq=6381 candidates=1 confidence=0.998 image=(826.0,650.0) image_dist=141.1 camera=(0.110,0.175,2.658) gimbal=(2.758,-0.073,-0.841) world=(2.758,-0.073,-0.841) gimbal_ypr=(33.0,10.3,17.7)deg world_ypr=(33.0,10.3,17.7)deg
[2026-07-21 01:49:30.485] [autoaim] [debug] [Outpost][OBS_ASSOC] seq=6181 state=2 dt=0.0041s world=(2.737,-0.050,-0.830) yaw=26.7deg rho=0.324 radial_res=+0.049 raw_ang=-126.9deg pred=(108.7,-131.3,-11.3)deg err=(+124.4,+4.4,-115.6)deg chosen=1 changed=0 corrected=-126.9deg residual=+0.0deg z=(-0.665,-0.778,-0.624) seen=(1,1,1)
[2026-07-21 01:49:30.485] [autoaim] [debug] [Outpost][SELECT_PHASE] current_angle=1.974 target_v_yaw=-2.513 normalized_omega=-2.513 prediction_dt=0.228 future_angle=1.400 current_plate=1 selected_plate=1 candidate_phase=3.495 candidate_z=-0.778
[2026-07-21 01:49:30.517] [autoaim] [debug] [Outpost][OBS_INPUT] seq=6391 candidates=1 confidence=1.000 image=(796.4,646.3) image_dist=124.4 camera=(0.066,0.166,2.605) gimbal=(2.708,-0.029,-0.818) world=(2.708,-0.029,-0.818) gimbal_ypr=(22.4,11.8,13.0)deg world_ypr=(22.4,11.8,13.0)deg
[2026-07-21 01:49:30.545] [autoaim] [debug] [Outpost][OBS_ASSOC] seq=6191 state=2 dt=0.0039s world=(2.707,-0.010,-0.816) yaw=16.2deg rho=0.314 radial_res=+0.039 raw_ang=-135.8deg pred=(104.6,-135.4,-15.4)deg err=(+119.5,-0.5,-120.5)deg chosen=1 changed=0 corrected=-135.8deg residual=+0.0deg z=(-0.665,-0.778,-0.624) seen=(1,1,1)
[2026-07-21 01:49:30.564] [autoaim] [debug] [Outpost][OBS_INPUT] seq=6401 candidates=1 confidence=0.998 image=(773.6,644.2) image_dist=116.0 camera=(0.032,0.159,2.548) gimbal=(2.656,0.004,-0.796) world=(2.656,0.004,-0.796) gimbal_ypr=(15.1,8.8,9.6)deg world_ypr=(15.1,8.8,9.6)deg
[2026-07-21 01:49:30.589] [autoaim] [debug] [Outpost][GEOM_OK] state=2 rho=0.340 res=+0.065 yaw_radial=157.0deg model_center=(2.932,0.209) center_minus=(2.379,-0.030) center_plus=(2.919,0.071)
[2026-07-21 01:49:30.593] [autoaim] [debug] [Outpost][OBS_ASSOC] seq=6201 state=2 dt=0.0041s world=(2.658,0.024,-0.796) yaw=9.7deg rho=0.331 radial_res=+0.056 raw_ang=-145.9deg pred=(93.0,-147.0,-27.0)deg err=(+121.1,+1.1,-118.9)deg chosen=1 changed=0 corrected=-145.9deg residual=+0.0deg z=(-0.665,-0.778,-0.624) seen=(1,1,1)
[2026-07-21 01:49:30.593] [autoaim] [debug] [Outpost][SELECT_PHASE] current_angle=1.642 target_v_yaw=-2.513 normalized_omega=-2.513 prediction_dt=0.258 future_angle=0.994 current_plate=1 selected_plate=1 candidate_phase=3.088 candidate_z=-0.778
[2026-07-21 01:49:30.625] [autoaim] [debug] [Outpost][OBS_INPUT] seq=6411 candidates=1 confidence=0.999 image=(743.8,642.1) image_dist=111.9 camera=(-0.010,0.154,2.508) gimbal=(2.618,0.046,-0.780) world=(2.618,0.046,-0.780) gimbal_ypr=(8.8,30.1,6.0)deg world_ypr=(8.8,30.1,6.0)deg
[2026-07-21 01:49:30.664] [autoaim] [debug] [Outpost][OBS_ASSOC] seq=6211 state=2 dt=0.0103s world=(2.562,0.066,-0.760) yaw=12.5deg rho=0.396 radial_res=+0.121 raw_ang=-158.9deg pred=(80.5,-159.5,-39.5)deg err=(+120.7,+0.7,-119.3)deg chosen=1 changed=0 corrected=-158.9deg residual=+0.0deg z=(-0.665,-0.778,-0.624) seen=(1,1,1)
[2026-07-21 01:49:30.702] [autoaim] [debug] [Outpost][OBS_INPUT] seq=6421 candidates=1 confidence=1.000 image=(704.9,641.1) image_dist=119.9 camera=(-0.062,0.149,2.449) gimbal=(2.561,0.097,-0.759) world=(2.561,0.097,-0.759) gimbal_ypr=(7.1,38.9,3.4)deg world_ypr=(7.1,38.9,3.4)deg
[2026-07-21 01:49:30.729] [autoaim] [debug] [Outpost][OBS_ASSOC] seq=6221 state=2 dt=0.0028s world=(2.563,0.117,-0.759) yaw=6.9deg rho=0.381 radial_res=+0.106 raw_ang=-166.1deg pred=(73.6,-166.4,-46.4)deg err=(+120.3,+0.3,-119.7)deg chosen=1 changed=0 corrected=-166.1deg residual=+0.0deg z=(-0.665,-0.778,-0.624) seen=(1,1,1)
[2026-07-21 01:49:30.730] [autoaim] [debug] [Outpost][SELECT_PHASE] current_angle=1.290 target_v_yaw=-2.513 normalized_omega=-2.513 prediction_dt=0.248 future_angle=0.666 current_plate=1 selected_plate=1 candidate_phase=2.761 candidate_z=-0.778
[2026-07-21 01:49:30.763] [autoaim] [debug] [Outpost][OBS_INPUT] seq=6431 candidates=1 confidence=0.998 image=(673.0,640.5) image_dist=134.9 camera=(-0.106,0.150,2.467) gimbal=(2.577,0.141,-0.765) world=(2.577,0.141,-0.765) gimbal_ypr=(4.1,3.2,0.7)deg world_ypr=(4.1,3.2,0.7)deg
[2026-07-21 01:49:30.782] [autoaim] [debug] [Outpost][OBS_ASSOC] seq=6231 state=2 dt=0.0042s world=(2.589,0.156,-0.769) yaw=4.4deg rho=0.346 radial_res=+0.071 raw_ang=-171.3deg pred=(68.8,-171.2,-51.2)deg err=(+119.9,-0.1,-120.1)deg chosen=1 changed=0 corrected=-171.3deg residual=+0.0deg z=(-0.665,-0.778,-0.624) seen=(1,1,1)
[2026-07-21 01:49:30.814] [autoaim] [debug] [Outpost][OBS_INPUT] seq=6441 candidates=1 confidence=0.996 image=(645.5,641.2) image_dist=153.0 camera=(-0.147,0.154,2.533) gimbal=(2.640,0.183,-0.787) world=(2.640,0.183,-0.787) gimbal_ypr=(7.3,35.1,0.6)deg world_ypr=(7.3,35.1,0.6)deg
[2026-07-21 01:49:30.850] [autoaim] [debug] [Outpost][SELECT_PHASE] current_angle=1.045 target_v_yaw=-2.513 normalized_omega=-2.513 prediction_dt=0.245 future_angle=0.431 current_plate=1 selected_plate=1 candidate_phase=2.525 candidate_z=-0.778
[2026-07-21 01:49:30.921] [autoaim] [debug] [Outpost][IMU] raw_deg=(0.00,0.00,0.00) solver_rad=(0.0000,-0.0000,0.0000)
[2026-07-21 01:49:30.977] [autoaim] [debug] [Outpost][SELECT_PHASE] current_angle=0.733 target_v_yaw=-2.513 normalized_omega=-2.513 prediction_dt=0.237 future_angle=0.136 current_plate=1 selected_plate=1 candidate_phase=2.230 candidate_z=-0.778
[2026-07-21 01:49:31.054] [autoaim] [debug] [Outpost][SELECT] mode=ROTATING selected=1 observed=1 changed=false fresh=false unseen=0.237s phase=0.0deg model_ok=false fire=false diff=-67.4deg cmd=(9.46,-10.31)
[2026-07-21 01:49:31.090] [autoaim] [debug] [Outpost][SELECT_PHASE] current_angle=0.440 target_v_yaw=-2.513 normalized_omega=-2.513 prediction_dt=0.232 future_angle=-0.142 current_plate=1 selected_plate=1 candidate_phase=1.952 candidate_z=-0.778
[2026-07-21 01:49:31.175] [autoaim] [debug] [Outpost][SELECT] mode=ROTATING selected=2 observed=1 changed=true fresh=false unseen=0.357s phase=0.0deg model_ok=false fire=false diff=36.0deg cmd=(0.68,-7.85)
[2026-07-21 01:49:31.193] [autoaim] [debug] [Outpost][SWITCH_COMMIT] t=30716.113 from=1 phase_best=2 height_plate=0 tracked_err=+162.1deg new_phase_err=+42.1deg jump=108.4deg z=-0.694 z_err=0.028 margin=0.041 z_confident=1
[2026-07-21 01:49:31.193] [autoaim] [debug] [Outpost][OBS_ASSOC] seq=6238 state=2 dt=0.3734s world=(3.072,-0.121,-0.694) yaw=42.6deg rho=0.359 radial_res=+0.084 raw_ang=-67.1deg pred=(10.8,130.8,-109.2)deg err=(-77.9,+162.1,+42.1)deg chosen=2 changed=1 corrected=-67.1deg residual=+0.0deg z=(-0.665,-0.778,-0.624) seen=(1,1,1)
[2026-07-21 01:49:31.204] [autoaim] [debug] [Outpost][OBS_ASSOC] seq=6241 state=2 dt=0.0043s world=(2.990,-0.112,-0.670) yaw=43.0deg rho=0.326 radial_res=+0.051 raw_ang=-79.8deg pred=(34.8,154.8,-85.2)deg err=(-114.6,+125.4,+5.4)deg chosen=2 changed=0 corrected=-79.8deg residual=+0.0deg z=(-0.665,-0.778,-0.624) seen=(1,1,1)
[2026-07-21 01:49:31.209] [autoaim] [debug] [Outpost][SELECT_PHASE] current_angle=0.565 target_v_yaw=-2.513 normalized_omega=-2.513 prediction_dt=0.234 future_angle=-0.023 current_plate=2 selected_plate=2 candidate_phase=-2.117 candidate_z=-0.624
[2026-07-21 01:49:31.239] [autoaim] [debug] [Outpost][OBS_INPUT] seq=6451 candidates=1 confidence=0.995 image=(837.7,493.0) image_dist=94.3 camera=(0.132,-0.056,2.748) gimbal=(2.907,-0.092,-0.643) world=(2.907,-0.092,-0.643) gimbal_ypr=(38.1,7.7,19.0)deg world_ypr=(38.1,7.7,19.0)deg
[2026-07-21 01:49:31.267] [autoaim] [debug] [Outpost][OBS_ASSOC] seq=6251 state=2 dt=0.0042s world=(2.877,-0.076,-0.632) yaw=35.1deg rho=0.290 radial_res=+0.015 raw_ang=-100.9deg pred=(21.2,141.2,-98.8)deg err=(-122.1,+117.9,-2.1)deg chosen=2 changed=0 corrected=-100.9deg residual=+0.0deg z=(-0.665,-0.778,-0.624) seen=(1,1,1)
[2026-07-21 01:49:31.296] [autoaim] [debug] [Outpost][OBS_INPUT] seq=6461 candidates=1 confidence=0.998 image=(817.2,488.8) image_dist=78.2 camera=(0.098,-0.061,2.677) gimbal=(2.840,-0.059,-0.619) world=(2.840,-0.059,-0.619) gimbal_ypr=(31.1,11.0,15.8)deg world_ypr=(31.1,11.0,15.8)deg
[2026-07-21 01:49:31.329] [autoaim] [debug] [Outpost][OBS_ASSOC] seq=6261 state=2 dt=0.0074s world=(2.839,-0.047,-0.617) yaw=28.1deg rho=0.272 radial_res=-0.003 raw_ang=-109.8deg pred=(10.2,130.2,-109.8)deg err=(-120.0,+120.0,-0.0)deg chosen=2 changed=0 corrected=-109.8deg residual=+0.0deg z=(-0.665,-0.778,-0.624) seen=(1,1,1)
[2026-07-21 01:49:31.331] [autoaim] [debug] [Outpost][SELECT_PHASE] current_angle=0.180 target_v_yaw=-2.513 normalized_omega=-2.513 prediction_dt=0.228 future_angle=-0.392 current_plate=2 selected_plate=2 candidate_phase=-2.487 candidate_z=-0.624
[2026-07-21 01:49:31.344] [autoaim] [debug] [Outpost][OBS_INPUT] seq=6471 candidates=1 confidence=0.999 image=(797.4,485.4) image_dist=64.6 camera=(0.067,-0.065,2.648) gimbal=(2.812,-0.028,-0.607) world=(2.812,-0.028,-0.607) gimbal_ypr=(154.7,167.7,-179.3)deg world_ypr=(154.7,167.7,-179.3)deg
[2026-07-21 01:49:31.383] [autoaim] [debug] [Outpost][OBS_ASSOC] seq=6271 state=2 dt=0.0076s world=(2.787,-0.006,-0.597) yaw=17.9deg rho=0.259 radial_res=-0.016 raw_ang=-124.0deg pred=(1.2,121.2,-118.8)deg err=(-125.1,+114.9,-5.1)deg chosen=2 changed=0 corrected=-124.0deg residual=+0.0deg z=(-0.665,-0.778,-0.624) seen=(1,1,1)
[2026-07-21 01:49:31.412] [autoaim] [debug] [Outpost][OBS_INPUT] seq=6481 candidates=1 confidence=0.999 image=(766.4,481.6) image_dist=51.2 camera=(0.022,-0.070,2.610) gimbal=(2.777,0.016,-0.593) world=(2.777,0.016,-0.593) gimbal_ypr=(11.7,19.9,7.9)deg world_ypr=(11.7,19.9,7.9)deg
[2026-07-21 01:49:31.445] [autoaim] [debug] [Outpost][OBS_ASSOC] seq=6281 state=2 dt=0.0041s world=(2.754,0.037,-0.585) yaw=176.8deg rho=0.247 radial_res=-0.028 raw_ang=-136.1deg pred=(-14.8,105.2,-134.8)deg err=(-121.3,+118.7,-1.3)deg chosen=2 changed=0 corrected=-136.1deg residual=+0.0deg z=(-0.665,-0.778,-0.624) seen=(1,1,1)
[2026-07-21 01:49:31.448] [autoaim] [debug] [Outpost][SELECT_PHASE] current_angle=-0.325 target_v_yaw=-2.513 normalized_omega=-2.513 prediction_dt=0.224 future_angle=-0.888 current_plate=2 selected_plate=2 candidate_phase=-2.983 candidate_z=-0.624
[2026-07-21 01:49:31.476] [autoaim] [debug] [Outpost][OBS_INPUT] seq=6491 candidates=1 confidence=0.980 image=(737.2,479.7) image_dist=52.6 camera=(-0.019,-0.071,2.546) gimbal=(2.715,0.056,-0.574) world=(2.715,0.056,-0.574) gimbal_ypr=(7.0,31.7,4.7)deg world_ypr=(7.0,31.7,4.7)deg
[2026-07-21 01:49:31.492] [autoaim] [debug] [Outpost][OBS_ASSOC] seq=6291 state=2 dt=0.0042s world=(2.688,0.070,-0.567) yaw=177.6deg rho=0.281 radial_res=+0.006 raw_ang=-150.2deg pred=(-30.2,89.8,-150.2)deg err=(-120.0,+120.0,+0.0)deg chosen=2 changed=0 corrected=-150.2deg residual=+0.0deg z=(-0.665,-0.778,-0.624) seen=(1,1,1)
[2026-07-21 01:49:31.521] [autoaim] [debug] [Outpost][OBS_INPUT] seq=6501 candidates=1 confidence=0.998 image=(713.2,478.5) image_dist=64.3 camera=(-0.052,-0.071,2.493) gimbal=(2.663,0.088,-0.560) world=(2.663,0.088,-0.560) gimbal_ypr=(176.0,179.8,-179.7)deg world_ypr=(176.0,179.8,-179.7)deg
[2026-07-21 01:49:31.544] [autoaim] [debug] [Outpost][GEOM_OK] state=2 rho=0.289 res=+0.014 yaw_radial=163.7deg model_center=(2.932,0.209) center_minus=(2.389,0.082) center_plus=(2.937,0.128)
[2026-07-21 01:49:31.548] [autoaim] [debug] [Outpost][OBS_ASSOC] seq=6301 state=2 dt=0.0041s world=(2.664,0.108,-0.559) yaw=3.7deg rho=0.287 radial_res=+0.012 raw_ang=-159.3deg pred=(-39.4,80.6,-159.4)deg err=(-119.9,+120.1,+0.1)deg chosen=2 changed=0 corrected=-159.3deg residual=+0.0deg z=(-0.665,-0.778,-0.624) seen=(1,1,1)
[2026-07-21 01:49:31.552] [autoaim] [debug] [Outpost][SELECT_PHASE] current_angle=-0.682 target_v_yaw=-2.513 normalized_omega=-2.513 prediction_dt=0.254 future_angle=-1.320 current_plate=2 selected_plate=2 candidate_phase=-3.415 candidate_z=-0.624
[2026-07-21 01:49:31.580] [autoaim] [debug] [Outpost][OBS_INPUT] seq=6511 candidates=1 confidence=0.999 image=(684.4,478.1) image_dist=84.8 camera=(-0.092,-0.072,2.506) gimbal=(2.675,0.129,-0.562) world=(2.675,0.129,-0.562) gimbal_ypr=(1.4,26.8,-0.2)deg world_ypr=(1.4,26.8,-0.2)deg
[2026-07-21 01:49:31.596] [autoaim] [debug] [Outpost][OBS_ASSOC] seq=6311 state=2 dt=0.0041s world=(2.673,0.142,-0.562) yaw=0.1deg rho=0.267 radial_res=-0.008 raw_ang=-165.5deg pred=(-45.6,74.4,-165.6)deg err=(-120.0,+120.0,+0.0)deg chosen=2 changed=0 corrected=-165.5deg residual=+0.0deg z=(-0.665,-0.778,-0.624) seen=(1,1,1)
[2026-07-21 01:49:31.627] [autoaim] [debug] [Outpost][OBS_INPUT] seq=6521 candidates=1 confidence=0.994 image=(660.2,478.4) image_dist=104.7 camera=(-0.128,-0.073,2.552) gimbal=(2.719,0.165,-0.574) world=(2.719,0.165,-0.574) gimbal_ypr=(180.0,-179.7,177.6)deg world_ypr=(180.0,-179.7,177.6)deg
[2026-07-21 01:49:31.634] [autoaim] [debug] [Outpost][SELECT] mode=ROTATING selected=2 observed=2 changed=false fresh=true unseen=0.000s phase=0.0deg model_ok=true fire=false diff=-28.7deg cmd=(7.07,-8.02)
[2026-07-21 01:49:31.669] [autoaim] [debug] [Outpost][SELECT_PHASE] current_angle=-0.972 target_v_yaw=-2.513 normalized_omega=-2.513 prediction_dt=0.248 future_angle=-1.596 current_plate=2 selected_plate=2 candidate_phase=-3.690 candidate_z=-0.624
[2026-07-21 01:49:31.788] [autoaim] [debug] [Outpost][SELECT_PHASE] current_angle=-1.265 target_v_yaw=-2.513 normalized_omega=-2.513 prediction_dt=0.240 future_angle=-1.869 current_plate=2 selected_plate=2 candidate_phase=-3.964 candidate_z=-0.624
[2026-07-21 01:49:31.881] [autoaim] [debug] [Outpost][SELECT_PHASE] current_angle=-1.507 target_v_yaw=-2.513 normalized_omega=-2.513 prediction_dt=0.235 future_angle=-2.098 current_plate=2 selected_plate=2 candidate_phase=-4.192 candidate_z=-0.624
[2026-07-21 01:49:31.966] [autoaim] [debug] [Outpost][SWITCH_COMMIT] t=30716.884 from=2 phase_best=0 height_plate=1 tracked_err=+115.3deg new_phase_err=-4.7deg jump=72.0deg z=-0.756 z_err=0.022 margin=0.069 z_confident=1
[2026-07-21 01:49:31.966] [autoaim] [debug] [Outpost][OBS_ASSOC] seq=6321 state=2 dt=0.3010s world=(2.854,-0.140,-0.756) yaw=56.0deg rho=0.357 radial_res=+0.082 raw_ang=-102.6deg pred=(-97.9,22.1,142.1)deg err=(-4.7,-124.7,+115.3)deg chosen=0 changed=1 corrected=-102.6deg residual=+0.0deg z=(-0.665,-0.778,-0.624) seen=(1,1,1)
[2026-07-21 01:49:31.974] [autoaim] [debug] [Outpost][SELECT] mode=ROTATING selected=0 observed=0 changed=true fresh=true unseen=0.000s phase=0.0deg model_ok=true fire=false diff=30.5deg cmd=(1.15,-9.02)
[2026-07-21 01:49:32.008] [autoaim] [debug] [Outpost][OBS_INPUT] seq=6531 candidates=1 confidence=1.000 image=(859.8,571.2) image_dist=116.2 camera=(0.161,0.060,2.684) gimbal=(2.815,-0.123,-0.738) world=(2.815,-0.123,-0.738) gimbal_ypr=(50.6,4.6,23.8)deg world_ypr=(50.6,4.6,23.8)deg
[2026-07-21 01:49:32.009] [autoaim] [debug] [Outpost][SELECT_PHASE] current_angle=-1.911 target_v_yaw=-2.513 normalized_omega=-2.513 prediction_dt=0.229 future_angle=-2.485 current_plate=0 selected_plate=0 candidate_phase=-2.485 candidate_z=-0.665
[2026-07-21 01:49:32.042] [autoaim] [debug] [Outpost][OBS_ASSOC] seq=6331 state=2 dt=0.0162s world=(2.733,-0.106,-0.709) yaw=46.9deg rho=0.373 radial_res=+0.098 raw_ang=-122.2deg pred=(-119.3,0.7,120.7)deg err=(-2.8,-122.8,+117.2)deg chosen=0 changed=0 corrected=-122.2deg residual=+0.0deg z=(-0.665,-0.778,-0.624) seen=(1,1,1)
[2026-07-21 01:49:32.058] [autoaim] [debug] [Outpost][OBS_INPUT] seq=6541 candidates=1 confidence=0.969 image=(844.9,567.7) image_dist=100.9 camera=(0.136,0.054,2.615) gimbal=(2.750,-0.098,-0.713) world=(2.750,-0.098,-0.713) gimbal_ypr=(44.0,5.5,21.4)deg world_ypr=(44.0,5.5,21.4)deg
[2026-07-21 01:49:32.077] [autoaim] [debug] [Outpost][IMU] raw_deg=(0.00,0.00,0.00) solver_rad=(0.0000,-0.0000,0.0000)
[2026-07-21 01:49:32.086] [autoaim] [debug] [Outpost][OBS_ASSOC] seq=6341 state=2 dt=0.0040s world=(2.753,-0.085,-0.710) yaw=39.6deg rho=0.344 radial_res=+0.069 raw_ang=-121.3deg pred=(-129.2,-9.2,110.8)deg err=(+7.9,-112.1,+127.9)deg chosen=0 changed=0 corrected=-121.3deg residual=+0.0deg z=(-0.665,-0.778,-0.624) seen=(1,1,1)
[2026-07-21 01:49:32.114] [autoaim] [debug] [Outpost][OBS_INPUT] seq=6551 candidates=1 confidence=0.992 image=(826.0,563.5) image_dist=81.9 camera=(0.107,0.047,2.582) gimbal=(2.719,-0.070,-0.697) world=(2.719,-0.070,-0.697) gimbal_ypr=(36.5,6.8,18.5)deg world_ypr=(36.5,6.8,18.5)deg
[2026-07-21 01:49:32.114] [autoaim] [debug] [Outpost][SELECT_PHASE] current_angle=-2.221 target_v_yaw=-2.513 normalized_omega=-2.513 prediction_dt=0.226 future_angle=-2.788 current_plate=0 selected_plate=0 candidate_phase=-2.788 candidate_z=-0.665
[2026-07-21 01:49:32.146] [autoaim] [debug] [Outpost][OBS_ASSOC] seq=6351 state=2 dt=0.0119s world=(2.693,-0.055,-0.687) yaw=33.3deg rho=0.356 radial_res=+0.081 raw_ang=-132.2deg pred=(-131.1,-11.1,108.9)deg err=(-1.1,-121.1,+118.9)deg chosen=0 changed=0 corrected=-132.2deg residual=+0.0deg z=(-0.665,-0.778,-0.624) seen=(1,1,1)
[2026-07-21 01:49:32.163] [autoaim] [debug] [Outpost][OBS_INPUT] seq=6561 candidates=1 confidence=0.999 image=(807.5,560.4) image_dist=63.9 camera=(0.080,0.042,2.568) gimbal=(2.707,-0.043,-0.689) world=(2.707,-0.043,-0.689) gimbal_ypr=(30.6,10.1,15.4)deg world_ypr=(30.6,10.1,15.4)deg
[2026-07-21 01:49:32.191] [autoaim] [debug] [Outpost][OBS_ASSOC] seq=6361 state=2 dt=0.0039s world=(2.707,-0.026,-0.687) yaw=26.2deg rho=0.325 radial_res=+0.050 raw_ang=-133.7deg pred=(-137.5,-17.5,102.5)deg err=(+3.9,-116.1,+123.9)deg chosen=0 changed=0 corrected=-133.7deg residual=+0.0deg z=(-0.665,-0.778,-0.624) seen=(1,1,1)
[2026-07-21 01:49:32.195] [autoaim] [debug] [Outpost][SELECT] mode=ROTATING selected=0 observed=0 changed=false fresh=true unseen=0.000s phase=0.0deg model_ok=true fire=false diff=9.1deg cmd=(3.18,-9.07)
[2026-07-21 01:49:32.227] [autoaim] [debug] [Outpost][OBS_INPUT] seq=6571 candidates=1 confidence=1.000 image=(779.3,557.0) image_dist=38.8 camera=(0.040,0.037,2.527) gimbal=(2.669,-0.004,-0.673) world=(2.669,-0.004,-0.673) gimbal_ypr=(21.5,10.7,11.5)deg world_ypr=(21.5,10.7,11.5)deg
[2026-07-21 01:49:32.227] [autoaim] [debug] [Outpost][SELECT_PHASE] current_angle=-2.462 target_v_yaw=-2.513 normalized_omega=-2.513 prediction_dt=0.263 future_angle=-3.123 current_plate=0 selected_plate=0 candidate_phase=-3.123 candidate_z=-0.665
[2026-07-21 01:49:32.269] [autoaim] [debug] [Outpost][OBS_ASSOC] seq=6371 state=2 dt=0.0079s world=(2.748,0.021,-0.694) yaw=8.4deg rho=0.263 radial_res=-0.012 raw_ang=-134.4deg pred=(-141.1,-21.1,98.9)deg err=(+6.6,-113.4,+126.6)deg chosen=0 changed=0 corrected=-134.4deg residual=+0.0deg z=(-0.665,-0.778,-0.624) seen=(1,1,1)
[2026-07-21 01:49:32.307] [autoaim] [debug] [Outpost][OBS_INPUT] seq=6581 candidates=1 confidence=0.992 image=(740.4,553.6) image_dist=25.5 camera=(-0.015,0.032,2.509) gimbal=(2.652,0.051,-0.663) world=(2.652,0.051,-0.663) gimbal_ypr=(171.2,174.7,-179.5)deg world_ypr=(171.2,174.7,-179.5)deg
[2026-07-21 01:49:32.339] [autoaim] [debug] [Outpost][OBS_ASSOC] seq=6381 state=2 dt=0.0039s world=(2.627,0.072,-0.655) yaw=6.7deg rho=0.334 radial_res=+0.059 raw_ang=-155.8deg pred=(-155.1,-35.1,84.9)deg err=(-0.7,-120.7,+119.3)deg chosen=0 changed=0 corrected=-155.8deg residual=+0.0deg z=(-0.665,-0.778,-0.624) seen=(1,1,1)
[2026-07-21 01:49:32.367] [autoaim] [debug] [Outpost][OBS_INPUT] seq=6591 candidates=1 confidence=1.000 image=(709.7,552.6) image_dist=46.9 camera=(-0.056,0.030,2.459) gimbal=(2.604,0.091,-0.648) world=(2.604,0.091,-0.648) gimbal_ypr=(174.7,177.1,180.0)deg world_ypr=(174.7,177.1,180.0)deg
[2026-07-21 01:49:32.368] [autoaim] [debug] [Outpost][SELECT_PHASE] current_angle=-2.798 target_v_yaw=-2.513 normalized_omega=-2.513 prediction_dt=0.256 future_angle=-3.440 current_plate=0 selected_plate=0 candidate_phase=-3.440 candidate_z=-0.665
[2026-07-21 01:49:32.396] [autoaim] [debug] [Outpost][OBS_ASSOC] seq=6391 state=2 dt=0.0040s world=(2.631,0.113,-0.655) yaw=179.0deg rho=0.316 radial_res=+0.041 raw_ang=-162.2deg pred=(-162.8,-42.8,77.2)deg err=(+0.6,-119.4,+120.6)deg chosen=0 changed=0 corrected=-162.2deg residual=+0.0deg z=(-0.665,-0.778,-0.624) seen=(1,1,1)
[2026-07-21 01:49:32.415] [autoaim] [debug] [Outpost][OBS_INPUT] seq=6601 candidates=1 confidence=1.000 image=(684.9,552.1) image_dist=69.6 camera=(-0.091,0.030,2.493) gimbal=(2.635,0.126,-0.657) world=(2.635,0.126,-0.657) gimbal_ypr=(4.6,30.1,1.4)deg world_ypr=(4.6,30.1,1.4)deg
[2026-07-21 01:49:32.444] [autoaim] [debug] [Outpost][GEOM_OK] state=2 rho=0.296 res=+0.021 yaw_radial=175.1deg model_center=(2.932,0.209) center_minus=(2.370,0.111) center_plus=(2.915,0.181)
[2026-07-21 01:49:32.448] [autoaim] [debug] [Outpost][OBS_ASSOC] seq=6401 state=2 dt=0.0040s world=(2.642,0.149,-0.659) yaw=7.4deg rho=0.296 radial_res=+0.021 raw_ang=-168.3deg pred=(-168.4,-48.4,71.6)deg err=(+0.1,-119.9,+120.1)deg chosen=0 changed=0 corrected=-168.3deg residual=+0.0deg z=(-0.665,-0.778,-0.624) seen=(1,1,1)
[2026-07-21 01:49:32.484] [autoaim] [debug] [Outpost][OBS_INPUT] seq=6611 candidates=1 confidence=0.997 image=(650.9,552.6) image_dist=102.6 camera=(-0.140,0.031,2.538) gimbal=(2.677,0.176,-0.670) world=(2.677,0.176,-0.670) gimbal_ypr=(0.5,24.2,-1.7)deg world_ypr=(0.5,24.2,-1.7)deg
[2026-07-21 01:49:32.484] [autoaim] [debug] [Outpost][SELECT_PHASE] current_angle=-3.013 target_v_yaw=-2.513 normalized_omega=-2.513 prediction_dt=0.248 future_angle=-3.637 current_plate=0 selected_plate=0 candidate_phase=-3.637 candidate_z=-0.665
[2026-07-21 01:49:32.620] [autoaim] [debug] [Outpost][SELECT_PHASE] current_angle=2.925 target_v_yaw=-2.513 normalized_omega=-2.513 prediction_dt=0.243 future_angle=2.314 current_plate=0 selected_plate=0 candidate_phase=2.314 candidate_z=-0.665
[2026-07-21 01:49:32.733] [autoaim] [debug] [Outpost][SELECT_PHASE] current_angle=2.642 target_v_yaw=-2.513 normalized_omega=-2.513 prediction_dt=0.237 future_angle=2.046 current_plate=0 selected_plate=0 candidate_phase=2.046 candidate_z=-0.665
[2026-07-21 01:49:32.833] [autoaim] [debug] [Outpost][SELECT] mode=ROTATING selected=0 observed=0 changed=false fresh=false unseen=0.320s phase=0.0deg model_ok=false fire=false diff=-80.3deg cmd=(9.70,-7.63)
[2026-07-21 01:49:32.845] [autoaim] [debug] [Outpost][SELECT_PHASE] current_angle=2.359 target_v_yaw=-2.513 normalized_omega=-2.513 prediction_dt=0.232 future_angle=1.776 current_plate=0 selected_plate=0 candidate_phase=1.776 candidate_z=-0.665
[2026-07-21 01:49:32.863] [autoaim] [debug] [Outpost][SELECT] mode=ROTATING selected=1 observed=0 changed=true fresh=false unseen=0.352s phase=0.0deg model_ok=false fire=false diff=35.3deg cmd=(0.74,-11.23)
[2026-07-21 01:49:32.903] [autoaim] [debug] [Outpost][SWITCH_COMMIT] t=30717.825 from=0 phase_best=1 height_plate=1 tracked_err=+125.2deg new_phase_err=+5.2deg jump=68.6deg z=-0.873 z_err=0.095 margin=0.113 z_confident=0
[2026-07-21 01:49:32.903] [autoaim] [debug] [Outpost][OBS_ASSOC] seq=6410 state=2 dt=0.3935s world=(2.828,-0.110,-0.873) yaw=42.5deg rho=0.336 radial_res=+0.061 raw_ang=-107.9deg pred=(126.8,-113.2,6.8)deg err=(+125.2,+5.2,-114.8)deg chosen=1 changed=1 corrected=-107.9deg residual=+0.0deg z=(-0.665,-0.778,-0.624) seen=(1,1,1)
[2026-07-21 01:49:32.906] [autoaim] [debug] [Outpost][OBS_ASSOC] seq=6411 state=2 dt=0.0031s world=(2.820,-0.108,-0.869) yaw=42.0deg rho=0.336 radial_res=+0.061 raw_ang=-109.4deg pred=(131.6,-108.4,11.6)deg err=(+118.9,-1.1,-121.1)deg chosen=1 changed=0 corrected=-109.4deg residual=+0.0deg z=(-0.665,-0.778,-0.624) seen=(1,1,1)
[2026-07-21 01:49:32.938] [autoaim] [debug] [Outpost][OBS_INPUT] seq=6621 candidates=1 confidence=1.000 image=(837.4,651.9) image_dist=149.0 camera=(0.127,0.178,2.663) gimbal=(2.763,-0.089,-0.845) world=(2.763,-0.089,-0.845) gimbal_ypr=(37.7,7.8,19.5)deg world_ypr=(37.7,7.8,19.5)deg
[2026-07-21 01:49:32.953] [autoaim] [debug] [Outpost][SELECT_PHASE] current_angle=2.046 target_v_yaw=-2.513 normalized_omega=-2.513 prediction_dt=0.229 future_angle=1.471 current_plate=1 selected_plate=1 candidate_phase=3.566 candidate_z=-0.778
[2026-07-21 01:49:32.957] [autoaim] [debug] [Outpost][OBS_ASSOC] seq=6421 state=2 dt=0.0040s world=(2.737,-0.078,-0.834) yaw=34.5deg rho=0.347 radial_res=+0.072 raw_ang=-124.2deg pred=(116.7,-123.3,-3.3)deg err=(+119.1,-0.9,-120.9)deg chosen=1 changed=0 corrected=-124.2deg residual=+0.0deg z=(-0.665,-0.778,-0.624) seen=(1,1,1)
[2026-07-21 01:49:32.990] [autoaim] [debug] [Outpost][OBS_INPUT] seq=6631 candidates=1 confidence=1.000 image=(817.2,648.8) image_dist=135.5 camera=(0.097,0.173,2.655) gimbal=(2.755,-0.060,-0.838) world=(2.755,-0.060,-0.838) gimbal_ypr=(29.0,9.7,15.8)deg world_ypr=(29.0,9.7,15.8)deg
[2026-07-21 01:49:33.022] [autoaim] [debug] [Outpost][OBS_ASSOC] seq=6431 state=2 dt=0.0029s world=(2.734,-0.039,-0.828) yaw=24.4deg rho=0.317 radial_res=+0.042 raw_ang=-128.6deg pred=(107.2,-132.8,-12.8)deg err=(+124.2,+4.2,-115.8)deg chosen=1 changed=0 corrected=-128.6deg residual=+0.0deg z=(-0.665,-0.778,-0.624) seen=(1,1,1)
[2026-07-21 01:49:33.054] [autoaim] [debug] [Outpost][OBS_INPUT] seq=6641 candidates=1 confidence=1.000 image=(788.6,645.7) image_dist=121.3 camera=(0.054,0.163,2.574) gimbal=(2.679,-0.017,-0.807) world=(2.679,-0.017,-0.807) gimbal_ypr=(21.5,15.1,12.2)deg world_ypr=(21.5,15.1,12.2)deg
[2026-07-21 01:49:33.097] [autoaim] [debug] [Outpost][SELECT_PHASE] current_angle=1.703 target_v_yaw=-2.513 normalized_omega=-2.513 prediction_dt=0.259 future_angle=1.052 current_plate=1 selected_plate=1 candidate_phase=3.146 candidate_z=-0.778
[2026-07-21 01:49:33.098] [autoaim] [debug] [Outpost][OBS_ASSOC] seq=6441 state=2 dt=0.0084s world=(2.677,0.010,-0.803) yaw=10.6deg rho=0.323 radial_res=+0.048 raw_ang=-142.1deg pred=(96.4,-143.6,-23.6)deg err=(+121.5,+1.5,-118.5)deg chosen=1 changed=0 corrected=-142.1deg residual=+0.0deg z=(-0.665,-0.778,-0.624) seen=(1,1,1)
[2026-07-21 01:49:33.126] [autoaim] [debug] [Outpost][OBS_INPUT] seq=6651 candidates=1 confidence=0.999 image=(753.1,642.9) image_dist=112.5 camera=(0.003,0.156,2.530) gimbal=(2.638,0.033,-0.788) world=(2.638,0.033,-0.788) gimbal_ypr=(8.5,31.6,6.3)deg world_ypr=(8.5,31.6,6.3)deg
[2026-07-21 01:49:33.154] [autoaim] [debug] [Outpost][OBS_ASSOC] seq=6451 state=2 dt=0.0037s world=(2.586,0.052,-0.769) yaw=9.8deg rho=0.380 radial_res=+0.105 raw_ang=-155.6deg pred=(86.0,-154.0,-34.0)deg err=(+118.4,-1.6,-121.6)deg chosen=1 changed=0 corrected=-155.6deg residual=+0.0deg z=(-0.665,-0.778,-0.624) seen=(1,1,1)
[2026-07-21 01:49:33.174] [autoaim] [debug] [Outpost][OBS_INPUT] seq=6661 candidates=1 confidence=0.999 image=(728.1,641.5) image_dist=113.4 camera=(-0.031,0.151,2.470) gimbal=(2.581,0.066,-0.767) world=(2.581,0.066,-0.767) gimbal_ypr=(5.3,4.0,4.2)deg world_ypr=(5.3,4.0,4.2)deg
[2026-07-21 01:49:33.202] [autoaim] [debug] [Outpost][SELECT_PHASE] current_angle=1.390 target_v_yaw=-2.513 normalized_omega=-2.513 prediction_dt=0.253 future_angle=0.756 current_plate=1 selected_plate=1 candidate_phase=2.850 candidate_z=-0.778
[2026-07-21 01:49:33.203] [autoaim] [debug] [Outpost][OBS_ASSOC] seq=6461 state=2 dt=0.0042s world=(2.572,0.086,-0.763) yaw=4.4deg rho=0.380 radial_res=+0.105 raw_ang=-161.1deg pred=(79.1,-160.9,-40.9)deg err=(+119.8,-0.2,-120.2)deg chosen=1 changed=0 corrected=-161.1deg residual=+0.0deg z=(-0.665,-0.778,-0.624) seen=(1,1,1)
[2026-07-21 01:49:33.230] [autoaim] [debug] [Outpost][OBS_INPUT] seq=6671 candidates=1 confidence=0.999 image=(698.5,640.6) image_dist=122.1 camera=(-0.070,0.148,2.450) gimbal=(2.563,0.105,-0.759) world=(2.563,0.105,-0.759) gimbal_ypr=(6.6,36.4,2.8)deg world_ypr=(6.6,36.4,2.8)deg
[2026-07-21 01:49:33.264] [autoaim] [debug] [Outpost][OBS_ASSOC] seq=6471 state=2 dt=0.0162s world=(2.565,0.128,-0.760) yaw=5.8deg rho=0.376 radial_res=+0.101 raw_ang=-167.6deg pred=(71.6,-168.4,-48.4)deg err=(+120.8,+0.8,-119.2)deg chosen=1 changed=0 corrected=-167.6deg residual=+0.0deg z=(-0.665,-0.778,-0.624) seen=(1,1,1)
[2026-07-21 01:49:33.269] [autoaim] [debug] [Outpost][IMU] raw_deg=(0.00,0.00,0.00) solver_rad=(0.0000,-0.0000,0.0000)
[2026-07-21 01:49:33.283] [autoaim] [debug] [Outpost][OBS_INPUT] seq=6681 candidates=1 confidence=0.997 image=(671.0,640.6) image_dist=136.2 camera=(-0.109,0.150,2.467) gimbal=(2.577,0.144,-0.765) world=(2.577,0.144,-0.765) gimbal_ypr=(4.1,3.2,0.8)deg world_ypr=(4.1,3.2,0.8)deg
[2026-07-21 01:49:33.307] [autoaim] [debug] [Outpost][SELECT_PHASE] current_angle=1.187 target_v_yaw=-2.513 normalized_omega=-2.513 prediction_dt=0.248 future_angle=0.563 current_plate=1 selected_plate=1 candidate_phase=2.657 candidate_z=-0.778
[2026-07-21 01:49:33.312] [autoaim] [debug] [Outpost][OBS_ASSOC] seq=6481 state=2 dt=0.0040s world=(2.598,0.165,-0.773) yaw=7.1deg rho=0.337 radial_res=+0.062 raw_ang=-172.5deg pred=(67.4,-172.6,-52.6)deg err=(+120.1,+0.1,-119.9)deg chosen=1 changed=0 corrected=-172.5deg residual=+0.0deg z=(-0.665,-0.778,-0.624) seen=(1,1,1)
[2026-07-21 01:49:33.347] [autoaim] [debug] [Outpost][OBS_INPUT] seq=6691 candidates=1 confidence=0.996 image=(638.0,641.9) image_dist=158.7 camera=(-0.160,0.157,2.571) gimbal=(2.675,0.196,-0.801) world=(2.675,0.196,-0.801) gimbal_ypr=(176.8,139.6,175.9)deg world_ypr=(176.8,139.6,175.9)deg
[2026-07-21 01:49:33.410] [autoaim] [debug] [Outpost][SELECT] mode=ROTATING selected=1 observed=1 changed=false fresh=true unseen=0.061s phase=0.0deg model_ok=true fire=false diff=-45.1deg cmd=(8.37,-11.07)
[2026-07-21 01:49:33.419] [autoaim] [debug] [Outpost][SELECT_PHASE] current_angle=0.915 target_v_yaw=-2.513 normalized_omega=-2.513 prediction_dt=0.242 future_angle=0.308 current_plate=1 selected_plate=1 candidate_phase=2.402 candidate_z=-0.778
[2026-07-21 01:49:33.527] [autoaim] [debug] [Outpost][SELECT_PHASE] current_angle=0.642 target_v_yaw=-2.513 normalized_omega=-2.513 prediction_dt=0.236 future_angle=0.050 current_plate=1 selected_plate=1 candidate_phase=2.145 candidate_z=-0.778
[2026-07-21 01:49:33.636] [autoaim] [debug] [Outpost][SELECT_PHASE] current_angle=0.370 target_v_yaw=-2.513 normalized_omega=-2.513 prediction_dt=0.230 future_angle=-0.209 current_plate=1 selected_plate=1 candidate_phase=1.885 candidate_z=-0.778
[2026-07-21 01:49:33.697] [autoaim] [debug] [Outpost][SELECT] mode=ROTATING selected=2 observed=1 changed=true fresh=false unseen=0.349s phase=0.0deg model_ok=false fire=false diff=35.4deg cmd=(0.73,-7.86)
[2026-07-21 01:49:33.710] [autoaim] [debug] [Outpost][SWITCH_COMMIT] t=30718.632 from=1 phase_best=2 height_plate=0 tracked_err=+156.3deg new_phase_err=+36.3deg jump=104.0deg z=-0.683 z_err=0.018 margin=0.041 z_confident=1
[2026-07-21 01:49:33.710] [autoaim] [debug] [Outpost][OBS_ASSOC] seq=6487 state=2 dt=0.3630s world=(3.032,-0.120,-0.683) yaw=44.3deg rho=0.344 radial_res=+0.069 raw_ang=-73.2deg pred=(10.6,130.6,-109.4)deg err=(-83.7,+156.3,+36.3)deg chosen=2 changed=1 corrected=-73.2deg residual=+0.0deg z=(-0.665,-0.778,-0.624) seen=(1,1,1)
[2026-07-21 01:49:33.740] [autoaim] [debug] [Outpost][OBS_ASSOC] seq=6491 state=2 dt=0.0041s world=(2.908,-0.102,-0.647) yaw=42.0deg rho=0.312 radial_res=+0.037 raw_ang=-94.4deg pred=(29.5,149.5,-90.5)deg err=(-123.8,+116.2,-3.8)deg chosen=2 changed=0 corrected=-94.4deg residual=+0.0deg z=(-0.665,-0.778,-0.624) seen=(1,1,1)
[2026-07-21 01:49:33.748] [autoaim] [debug] [Outpost][SELECT_PHASE] current_angle=0.447 target_v_yaw=-2.513 normalized_omega=-2.513 prediction_dt=0.232 future_angle=-0.135 current_plate=2 selected_plate=2 candidate_phase=-2.230 candidate_z=-0.624
[2026-07-21 01:49:33.769] [autoaim] [debug] [Outpost][OBS_INPUT] seq=6701 candidates=1 confidence=0.945 image=(834.0,492.2) image_dist=91.3 camera=(0.125,-0.056,2.716) gimbal=(2.877,-0.085,-0.634) world=(2.877,-0.085,-0.634) gimbal_ypr=(37.3,8.1,18.4)deg world_ypr=(37.3,8.1,18.4)deg
[2026-07-21 01:49:33.784] [autoaim] [debug] [Outpost][GEOM_OK] state=2 rho=0.287 res=+0.012 yaw_radial=126.4deg model_center=(2.932,0.209) center_minus=(2.690,-0.230) center_plus=(3.148,0.075)
[2026-07-21 01:49:33.788] [autoaim] [debug] [Outpost][OBS_ASSOC] seq=6501 state=2 dt=0.0040s world=(2.845,-0.073,-0.624) yaw=34.9deg rho=0.295 radial_res=+0.020 raw_ang=-107.2deg pred=(26.8,146.8,-93.2)deg err=(-134.0,+106.0,-14.0)deg chosen=2 changed=0 corrected=-107.2deg residual=+0.0deg z=(-0.665,-0.778,-0.624) seen=(1,1,1)
[2026-07-21 01:49:33.820] [autoaim] [debug] [Outpost][OBS_INPUT] seq=6711 candidates=1 confidence=0.997 image=(814.4,488.4) image_dist=76.0 camera=(0.095,-0.062,2.716) gimbal=(2.878,-0.056,-0.628) world=(2.878,-0.056,-0.628) gimbal_ypr=(28.8,12.3,15.1)deg world_ypr=(28.8,12.3,15.1)deg
[2026-07-21 01:49:33.851] [autoaim] [debug] [Outpost][OBS_ASSOC] seq=6511 state=2 dt=0.0040s world=(2.819,-0.038,-0.610) yaw=25.8deg rho=0.271 radial_res=-0.004 raw_ang=-114.5deg pred=(-1.4,118.6,-121.4)deg err=(-113.1,+126.9,+6.9)deg chosen=2 changed=0 corrected=-114.5deg residual=+0.0deg z=(-0.665,-0.778,-0.624) seen=(1,1,1)
[2026-07-21 01:49:33.881] [autoaim] [debug] [Outpost][SELECT_PHASE] current_angle=0.041 target_v_yaw=-2.513 normalized_omega=-2.513 prediction_dt=0.226 future_angle=-0.527 current_plate=2 selected_plate=2 candidate_phase=-2.621 candidate_z=-0.624
[2026-07-21 01:49:33.894] [autoaim] [debug] [Outpost][OBS_INPUT] seq=6721 candidates=1 confidence=0.990 image=(785.6,484.0) image_dist=57.9 camera=(0.050,-0.068,2.651) gimbal=(2.816,-0.011,-0.606) world=(2.816,-0.011,-0.606) gimbal_ypr=(161.3,166.5,-178.4)deg world_ypr=(161.3,166.5,-178.4)deg
[2026-07-21 01:49:33.929] [autoaim] [debug] [Outpost][OBS_ASSOC] seq=6521 state=2 dt=0.0041s world=(2.814,0.015,-0.602) yaw=173.1deg rho=0.227 radial_res=-0.048 raw_ang=-121.2deg pred=(-6.0,114.0,-126.0)deg err=(-115.2,+124.8,+4.8)deg chosen=2 changed=0 corrected=-121.2deg residual=+0.0deg z=(-0.665,-0.778,-0.624) seen=(1,1,1)
[2026-07-21 01:49:33.965] [autoaim] [debug] [Outpost][OBS_INPUT] seq=6731 candidates=1 confidence=0.988 image=(750.6,480.5) image_dist=49.9 camera=(-0.001,-0.070,2.565) gimbal=(2.734,0.038,-0.580) world=(2.734,0.038,-0.580) gimbal_ypr=(173.0,175.6,-178.2)deg world_ypr=(173.0,175.6,-178.2)deg
[2026-07-21 01:49:34.000] [autoaim] [debug] [Outpost][OBS_ASSOC] seq=6531 state=2 dt=0.0056s world=(2.686,0.059,-0.566) yaw=172.6deg rho=0.288 radial_res=+0.013 raw_ang=-148.6deg pred=(-30.0,90.0,-150.0)deg err=(-118.6,+121.4,+1.4)deg chosen=2 changed=0 corrected=-148.6deg residual=+0.0deg z=(-0.665,-0.778,-0.624) seen=(1,1,1)
[2026-07-21 01:49:34.017] [autoaim] [debug] [Outpost][SELECT] mode=ROTATING selected=2 observed=2 changed=false fresh=true unseen=0.000s phase=0.0deg model_ok=true fire=false diff=-10.1deg cmd=(5.33,-8.25)
[2026-07-21 01:49:34.021] [autoaim] [debug] [Outpost][SELECT_PHASE] current_angle=-0.535 target_v_yaw=-2.513 normalized_omega=-2.513 prediction_dt=0.257 future_angle=-1.181 current_plate=2 selected_plate=2 candidate_phase=-3.275 candidate_z=-0.624
[2026-07-21 01:49:34.030] [autoaim] [debug] [Outpost][OBS_INPUT] seq=6741 candidates=1 confidence=0.997 image=(719.1,478.6) image_dist=60.9 camera=(-0.044,-0.071,2.513) gimbal=(2.683,0.080,-0.565) world=(2.683,0.080,-0.565) gimbal_ypr=(3.3,-0.7,2.5)deg world_ypr=(3.3,-0.7,2.5)deg
[2026-07-21 01:49:34.065] [autoaim] [debug] [Outpost][OBS_ASSOC] seq=6541 state=2 dt=0.0040s world=(2.663,0.105,-0.559) yaw=4.8deg rho=0.288 radial_res=+0.013 raw_ang=-159.0deg pred=(-39.1,80.9,-159.1)deg err=(-119.9,+120.1,+0.1)deg chosen=2 changed=0 corrected=-159.0deg residual=+0.0deg z=(-0.665,-0.778,-0.624) seen=(1,1,1)
[2026-07-21 01:49:34.102] [autoaim] [debug] [Outpost][OBS_INPUT] seq=6751 candidates=1 confidence=0.925 image=(681.9,478.1) image_dist=86.7 camera=(-0.096,-0.073,2.524) gimbal=(2.693,0.133,-0.566) world=(2.693,0.133,-0.566) gimbal_ypr=(4.4,28.3,0.3)deg world_ypr=(4.4,28.3,0.3)deg
[2026-07-21 01:49:34.146] [autoaim] [debug] [Outpost][OBS_ASSOC] seq=6551 state=2 dt=0.0031s world=(2.710,0.162,-0.571) yaw=5.8deg rho=0.227 radial_res=-0.048 raw_ang=-168.1deg pred=(-47.8,72.2,-167.8)deg err=(-120.2,+119.8,-0.2)deg chosen=2 changed=0 corrected=-168.1deg residual=+0.0deg z=(-0.665,-0.778,-0.624) seen=(1,1,1)
[2026-07-21 01:49:34.163] [autoaim] [debug] [Outpost][SELECT_PHASE] current_angle=-0.907 target_v_yaw=-2.513 normalized_omega=-2.513 prediction_dt=0.248 future_angle=-1.531 current_plate=2 selected_plate=2 candidate_phase=-3.625 candidate_z=-0.624
[2026-07-21 01:49:34.175] [autoaim] [debug] [Outpost][OBS_INPUT] seq=6761 candidates=1 confidence=0.998 image=(645.0,479.2) image_dist=117.8 camera=(-0.152,-0.073,2.613) gimbal=(2.778,0.190,-0.590) world=(2.778,0.190,-0.590) gimbal_ypr=(5.2,7.2,-2.4)deg world_ypr=(5.2,7.2,-2.4)deg
[2026-07-21 01:49:34.274] [autoaim] [debug] [Outpost][SELECT_PHASE] current_angle=-1.196 target_v_yaw=-2.513 normalized_omega=-2.513 prediction_dt=0.242 future_angle=-1.804 current_plate=2 selected_plate=2 candidate_phase=-3.898 candidate_z=-0.624
[2026-07-21 01:49:34.386] [autoaim] [debug] [Outpost][SELECT_PHASE] current_angle=-1.478 target_v_yaw=-2.513 normalized_omega=-2.513 prediction_dt=0.236 future_angle=-2.071 current_plate=2 selected_plate=2 candidate_phase=-4.165 candidate_z=-0.624
[2026-07-21 01:49:34.458] [autoaim] [debug] [Outpost][IMU] raw_deg=(0.00,0.00,0.00) solver_rad=(0.0000,-0.0000,0.0000)
[2026-07-21 01:49:34.483] [autoaim] [debug] [Outpost][SWITCH_COMMIT] t=30719.405 from=2 phase_best=0 height_plate=1 tracked_err=+107.6deg new_phase_err=-12.4deg jump=64.2deg z=-0.740 z_err=0.038 margin=0.036 z_confident=1
[2026-07-21 01:49:34.483] [autoaim] [debug] [Outpost][OBS_ASSOC] seq=6559 state=2 dt=0.3011s world=(2.799,-0.137,-0.740) yaw=56.6deg rho=0.370 radial_res=+0.095 raw_ang=-111.0deg pred=(-98.6,21.4,141.4)deg err=(-12.4,-132.4,+107.6)deg chosen=0 changed=1 corrected=-111.0deg residual=+0.0deg z=(-0.665,-0.778,-0.624) seen=(1,1,1)
[2026-07-21 01:49:34.483] [autoaim] [debug] [Outpost][SELECT] mode=ROTATING selected=0 observed=0 changed=true fresh=true unseen=0.000s phase=0.0deg model_ok=true fire=false diff=31.9deg cmd=(1.03,-8.99)
[2026-07-21 01:49:34.487] [autoaim] [debug] [Outpost][IDENTITY_LOCK] t=30719.409 tracked=0 phase_best=0 height_candidate=1 tracked_err=+12.0deg new_phase_err=+12.0deg jump=11.4deg z=-0.761 z_err=0.017 margin=0.079
[2026-07-21 01:49:34.495] [autoaim] [debug] [Outpost][OBS_ASSOC] seq=6561 state=2 dt=0.0082s world=(2.837,-0.135,-0.750) yaw=54.6deg rho=0.357 radial_res=+0.082 raw_ang=-105.4deg pred=(-100.8,19.2,139.2)deg err=(-4.6,-124.6,+115.4)deg chosen=0 changed=0 corrected=-105.4deg residual=+0.0deg z=(-0.665,-0.778,-0.624) seen=(1,1,1)
[2026-07-21 01:49:34.495] [autoaim] [debug] [Outpost][SELECT_PHASE] current_angle=-1.839 target_v_yaw=-2.513 normalized_omega=-2.513 prediction_dt=0.230 future_angle=-2.416 current_plate=0 selected_plate=0 candidate_phase=-2.416 candidate_z=-0.665
[2026-07-21 01:49:34.531] [autoaim] [debug] [Outpost][OBS_INPUT] seq=6771 candidates=1 confidence=0.998 image=(858.5,571.1) image_dist=114.9 camera=(0.155,0.058,2.604) gimbal=(2.738,-0.117,-0.714) world=(2.738,-0.117,-0.714) gimbal_ypr=(50.3,2.6,23.6)deg world_ypr=(50.3,2.6,23.6)deg
[2026-07-21 01:49:34.595] [autoaim] [debug] [Outpost][OBS_ASSOC] seq=6571 state=2 dt=0.0038s world=(2.724,-0.089,-0.702) yaw=41.8deg rho=0.364 radial_res=+0.089 raw_ang=-124.8deg pred=(-121.4,-1.4,118.6)deg err=(-3.5,-123.5,+116.5)deg chosen=0 changed=0 corrected=-124.8deg residual=+0.0deg z=(-0.665,-0.778,-0.624) seen=(1,1,1)
[2026-07-21 01:49:34.628] [autoaim] [debug] [Outpost][OBS_INPUT] seq=6781 candidates=1 confidence=0.984 image=(828.2,563.9) image_dist=84.1 camera=(0.112,0.048,2.619) gimbal=(2.755,-0.074,-0.708) world=(2.755,-0.074,-0.708) gimbal_ypr=(36.8,7.7,18.4)deg world_ypr=(36.8,7.7,18.4)deg
[2026-07-21 01:49:34.654] [autoaim] [debug] [Outpost][SELECT] mode=ROTATING selected=0 observed=0 changed=false fresh=true unseen=0.000s phase=0.0deg model_ok=true fire=false diff=12.4deg cmd=(2.90,-8.99)
[2026-07-21 01:49:34.655] [autoaim] [debug] [Outpost][OBS_ASSOC] seq=6581 state=2 dt=0.0037s world=(2.697,-0.058,-0.688) yaw=33.7deg rho=0.355 radial_res=+0.080 raw_ang=-131.3deg pred=(-131.5,-11.5,108.5)deg err=(+0.2,-119.8,+120.2)deg chosen=0 changed=0 corrected=-131.3deg residual=+0.0deg z=(-0.665,-0.778,-0.624) seen=(1,1,1)
[2026-07-21 01:49:34.655] [autoaim] [debug] [Outpost][SELECT_PHASE] current_angle=-2.292 target_v_yaw=-2.513 normalized_omega=-2.513 prediction_dt=0.225 future_angle=-2.858 current_plate=0 selected_plate=0 candidate_phase=-2.858 candidate_z=-0.665
[2026-07-21 01:49:34.676] [autoaim] [debug] [Outpost][OBS_INPUT] seq=6791 candidates=1 confidence=0.998 image=(809.5,560.7) image_dist=65.8 camera=(0.083,0.043,2.561) gimbal=(2.700,-0.046,-0.687) world=(2.700,-0.046,-0.687) gimbal_ypr=(31.8,10.1,16.3)deg world_ypr=(31.8,10.1,16.3)deg
[2026-07-21 01:49:34.708] [autoaim] [debug] [Outpost][OBS_ASSOC] seq=6591 state=2 dt=0.0041s world=(2.676,-0.027,-0.678) yaw=27.4deg rho=0.348 radial_res=+0.073 raw_ang=-137.3deg pred=(-137.0,-17.0,103.0)deg err=(-0.4,-120.4,+119.6)deg chosen=0 changed=0 corrected=-137.3deg residual=+0.0deg z=(-0.665,-0.778,-0.624) seen=(1,1,1)
[2026-07-21 01:49:34.760] [autoaim] [debug] [Outpost][OBS_INPUT] seq=6801 candidates=1 confidence=0.994 image=(772.3,556.1) image_dist=33.3 camera=(0.030,0.036,2.545) gimbal=(2.686,0.007,-0.677) world=(2.686,0.007,-0.677) gimbal_ypr=(19.2,14.5,10.4)deg world_ypr=(19.2,14.5,10.4)deg
[2026-07-21 01:49:34.789] [autoaim] [debug] [Outpost][GEOM_OK] state=2 rho=0.304 res=+0.029 yaw_radial=157.1deg model_center=(2.932,0.209) center_minus=(2.423,-0.043) center_plus=(2.956,0.093)
[2026-07-21 01:49:34.792] [autoaim] [debug] [Outpost][OBS_ASSOC] seq=6601 state=2 dt=0.0028s world=(2.682,0.028,-0.674) yaw=12.8deg rho=0.309 radial_res=+0.034 raw_ang=-144.1deg pred=(-143.3,-23.3,96.7)deg err=(-0.8,-120.8,+119.2)deg chosen=0 changed=0 corrected=-144.1deg residual=+0.0deg z=(-0.665,-0.778,-0.624) seen=(1,1,1)
[2026-07-21 01:49:34.792] [autoaim] [debug] [Outpost][SELECT_PHASE] current_angle=-2.515 target_v_yaw=-2.513 normalized_omega=-2.513 prediction_dt=0.262 future_angle=-3.172 current_plate=0 selected_plate=0 candidate_phase=-3.172 candidate_z=-0.665
[2026-07-21 01:49:34.820] [autoaim] [debug] [Outpost][OBS_INPUT] seq=6811 candidates=1 confidence=0.999 image=(743.4,554.2) image_dist=25.0 camera=(-0.011,0.033,2.517) gimbal=(2.659,0.047,-0.666) world=(2.659,0.047,-0.666) gimbal_ypr=(171.9,160.2,-178.9)deg world_ypr=(171.9,160.2,-178.9)deg
[2026-07-21 01:49:34.859] [autoaim] [debug] [Outpost][OBS_ASSOC] seq=6611 state=2 dt=0.0054s world=(2.614,0.070,-0.651) yaw=13.2deg rho=0.347 radial_res=+0.072 raw_ang=-156.4deg pred=(-156.8,-36.8,83.2)deg err=(+0.4,-119.6,+120.4)deg chosen=0 changed=0 corrected=-156.4deg residual=+0.0deg z=(-0.665,-0.778,-0.624) seen=(1,1,1)
[2026-07-21 01:49:34.888] [autoaim] [debug] [Outpost][OBS_INPUT] seq=6821 candidates=1 confidence=1.000 image=(709.1,552.4) image_dist=47.3 camera=(-0.057,0.030,2.469) gimbal=(2.613,0.093,-0.650) world=(2.613,0.093,-0.650) gimbal_ypr=(174.2,176.2,179.8)deg world_ypr=(174.2,176.2,179.8)deg
[2026-07-21 01:49:34.917] [autoaim] [debug] [Outpost][OBS_ASSOC] seq=6621 state=2 dt=0.0039s world=(2.631,0.113,-0.655) yaw=179.0deg rho=0.316 radial_res=+0.041 raw_ang=-162.2deg pred=(-162.3,-42.3,77.7)deg err=(+0.1,-119.9,+120.1)deg chosen=0 changed=0 corrected=-162.2deg residual=+0.0deg z=(-0.665,-0.778,-0.624) seen=(1,1,1)
[2026-07-21 01:49:34.917] [autoaim] [debug] [Outpost][SELECT_PHASE] current_angle=-2.831 target_v_yaw=-2.513 normalized_omega=-2.513 prediction_dt=0.255 future_angle=-3.472 current_plate=0 selected_plate=0 candidate_phase=-3.472 candidate_z=-0.665
[2026-07-21 01:49:34.936] [autoaim] [debug] [Outpost][OBS_INPUT] seq=6831 candidates=1 confidence=1.000 image=(684.8,552.2) image_dist=69.8 camera=(-0.090,0.030,2.480) gimbal=(2.623,0.126,-0.653) world=(2.623,0.126,-0.653) gimbal_ypr=(4.5,31.3,1.4)deg world_ypr=(4.5,31.3,1.4)deg
[2026-07-21 01:49:34.969] [autoaim] [debug] [Outpost][OBS_ASSOC] seq=6631 state=2 dt=0.0039s world=(2.632,0.149,-0.656) yaw=180.0deg rho=0.306 radial_res=+0.031 raw_ang=-168.7deg pred=(-168.7,-48.7,71.3)deg err=(+0.1,-119.9,+120.1)deg chosen=0 changed=0 corrected=-168.7deg residual=+0.0deg z=(-0.665,-0.778,-0.624) seen=(1,1,1)
[2026-07-21 01:49:34.997] [autoaim] [debug] [Outpost][OBS_INPUT] seq=6841 candidates=1 confidence=1.000 image=(654.3,552.6) image_dist=99.3 camera=(-0.134,0.031,2.512) gimbal=(2.653,0.170,-0.663) world=(2.653,0.170,-0.663) gimbal_ypr=(11.2,4.6,1.4)deg world_ypr=(11.2,4.6,1.4)deg
[2026-07-21 01:49:35.031] [autoaim] [debug] [Outpost][SELECT_PHASE] current_angle=-3.086 target_v_yaw=-2.513 normalized_omega=-2.513 prediction_dt=0.248 future_angle=-3.710 current_plate=0 selected_plate=0 candidate_phase=-3.710 candidate_z=-0.665
[2026-07-21 01:49:35.143] [autoaim] [debug] [Outpost][SELECT_PHASE] current_angle=2.915 target_v_yaw=-2.513 normalized_omega=-2.513 prediction_dt=0.243 future_angle=2.305 current_plate=0 selected_plate=0 candidate_phase=2.305 candidate_z=-0.665
[2026-07-21 01:49:35.251] [autoaim] [debug] [Outpost][SELECT] mode=ROTATING selected=0 observed=0 changed=false fresh=false unseen=0.226s phase=0.0deg model_ok=false fire=false diff=-66.9deg cmd=(9.44,-8.11)
[2026-07-21 01:49:35.256] [autoaim] [debug] [Outpost][SELECT_PHASE] current_angle=2.630 target_v_yaw=-2.513 normalized_omega=-2.513 prediction_dt=0.237 future_angle=2.035 current_plate=0 selected_plate=0 candidate_phase=2.035 candidate_z=-0.665
[2026-07-21 01:49:35.384] [autoaim] [debug] [Outpost][SELECT] mode=ROTATING selected=1 observed=0 changed=true fresh=false unseen=0.354s phase=0.0deg model_ok=false fire=false diff=35.4deg cmd=(0.73,-11.23)
[2026-07-21 01:49:35.388] [autoaim] [debug] [Outpost][SELECT_PHASE] current_angle=2.299 target_v_yaw=-2.513 normalized_omega=-2.513 prediction_dt=0.231 future_angle=1.717 current_plate=0 selected_plate=1 candidate_phase=3.811 candidate_z=-0.778
[2026-07-21 01:49:35.426] [autoaim] [debug] [Outpost][SWITCH_COMMIT] t=30720.345 from=0 phase_best=1 height_plate=1 tracked_err=+125.1deg new_phase_err=+5.1deg jump=67.9deg z=-0.872 z_err=0.094 margin=0.113 z_confident=0
[2026-07-21 01:49:35.426] [autoaim] [debug] [Outpost][OBS_ASSOC] seq=6641 state=2 dt=0.3974s world=(2.828,-0.110,-0.872) yaw=42.2deg rho=0.336 radial_res=+0.061 raw_ang=-108.1deg pred=(126.8,-113.2,6.8)deg err=(+125.1,+5.1,-114.9)deg chosen=1 changed=1 corrected=-108.1deg residual=+0.0deg z=(-0.665,-0.778,-0.624) seen=(1,1,1)
[2026-07-21 01:49:35.459] [autoaim] [debug] [Outpost][OBS_INPUT] seq=6851 candidates=1 confidence=1.000 image=(838.3,651.9) image_dist=149.6 camera=(0.128,0.177,2.655) gimbal=(2.754,-0.091,-0.843) world=(2.754,-0.091,-0.843) gimbal_ypr=(38.6,8.6,19.6)deg world_ypr=(38.6,8.6,19.6)deg
[2026-07-21 01:49:35.474] [autoaim] [debug] [Outpost][OBS_ASSOC] seq=6651 state=2 dt=0.0041s world=(2.764,-0.080,-0.844) yaw=35.3deg rho=0.334 radial_res=+0.059 raw_ang=-120.1deg pred=(121.0,-119.0,1.0)deg err=(+118.9,-1.1,-121.1)deg chosen=1 changed=0 corrected=-120.1deg residual=+0.0deg z=(-0.665,-0.778,-0.624) seen=(1,1,1)
[2026-07-21 01:49:35.503] [autoaim] [debug] [Outpost][SELECT_PHASE] current_angle=1.898 target_v_yaw=-2.513 normalized_omega=-2.513 prediction_dt=0.228 future_angle=1.325 current_plate=1 selected_plate=1 candidate_phase=3.419 candidate_z=-0.778
[2026-07-21 01:49:35.507] [autoaim] [debug] [Outpost][OBS_INPUT] seq=6861 candidates=1 confidence=1.000 image=(817.8,649.0) image_dist=136.1 camera=(0.097,0.171,2.619) gimbal=(2.721,-0.060,-0.826) world=(2.721,-0.060,-0.826) gimbal_ypr=(30.6,9.9,16.5)deg world_ypr=(30.6,9.9,16.5)deg
[2026-07-21 01:49:35.539] [autoaim] [debug] [Outpost][OBS_ASSOC] seq=6661 state=2 dt=0.0041s world=(2.696,-0.039,-0.815) yaw=26.4deg rho=0.343 radial_res=+0.068 raw_ang=-133.5deg pred=(110.6,-129.4,-9.4)deg err=(+115.8,-4.2,-124.2)deg chosen=1 changed=0 corrected=-133.5deg residual=+0.0deg z=(-0.665,-0.778,-0.624) seen=(1,1,1)
[2026-07-21 01:49:35.575] [autoaim] [debug] [Outpost][OBS_INPUT] seq=6871 candidates=1 confidence=0.999 image=(787.3,645.3) image_dist=120.4 camera=(0.052,0.163,2.592) gimbal=(2.697,-0.016,-0.812) world=(2.697,-0.016,-0.812) gimbal_ypr=(18.7,11.6,11.1)deg world_ypr=(18.7,11.6,11.1)deg
[2026-07-21 01:49:35.611] [autoaim] [debug] [Outpost][OBS_ASSOC] seq=6671 state=2 dt=0.0039s world=(2.678,0.009,-0.804) yaw=12.0deg rho=0.323 radial_res=+0.048 raw_ang=-141.9deg pred=(96.3,-143.7,-23.7)deg err=(+121.9,+1.9,-118.1)deg chosen=1 changed=0 corrected=-141.9deg residual=+0.0deg z=(-0.665,-0.778,-0.624) seen=(1,1,1)
[2026-07-21 01:49:35.641] [autoaim] [debug] [Outpost][SELECT_PHASE] current_angle=1.602 target_v_yaw=-2.513 normalized_omega=-2.513 prediction_dt=0.257 future_angle=0.956 current_plate=1 selected_plate=1 candidate_phase=3.051 candidate_z=-0.778
[2026-07-21 01:49:35.644] [autoaim] [debug] [Outpost][OBS_INPUT] seq=6881 candidates=1 confidence=0.998 image=(754.0,643.0) image_dist=112.6 camera=(0.004,0.158,2.548) gimbal=(2.655,0.032,-0.794) world=(2.655,0.032,-0.794) gimbal_ypr=(3.0,9.6,4.4)deg world_ypr=(3.0,9.6,4.4)deg
[2026-07-21 01:49:35.677] [autoaim] [debug] [Outpost][OBS_ASSOC] seq=6681 state=2 dt=0.0053s world=(2.607,0.054,-0.777) yaw=1.8deg rho=0.360 radial_res=+0.085 raw_ang=-154.5deg pred=(85.6,-154.4,-34.4)deg err=(+119.9,-0.1,-120.1)deg chosen=1 changed=0 corrected=-154.5deg residual=+0.0deg z=(-0.665,-0.778,-0.624) seen=(1,1,1)
[2026-07-21 01:49:35.705] [autoaim] [debug] [Outpost][OBS_INPUT] seq=6891 candidates=1 confidence=0.997 image=(723.3,641.4) image_dist=114.4 camera=(-0.038,0.150,2.468) gimbal=(2.580,0.073,-0.766) world=(2.580,0.073,-0.766) gimbal_ypr=(2.7,3.7,2.7)deg world_ypr=(2.7,3.7,2.7)deg
[2026-07-21 01:49:35.710] [autoaim] [debug] [Outpost][IMU] raw_deg=(0.00,0.00,0.00) solver_rad=(0.0000,-0.0000,0.0000)
[2026-07-21 01:49:35.723] [autoaim] [debug] [Outpost][OBS_ASSOC] seq=6691 state=2 dt=0.0040s world=(2.569,0.087,-0.762) yaw=8.6deg rho=0.383 radial_res=+0.108 raw_ang=-161.4deg pred=(78.5,-161.5,-41.5)deg err=(+120.1,+0.1,-119.9)deg chosen=1 changed=0 corrected=-161.4deg residual=+0.0deg z=(-0.665,-0.778,-0.624) seen=(1,1,1)
[2026-07-21 01:49:35.748] [autoaim] [debug] [Outpost][SELECT_PHASE] current_angle=1.329 target_v_yaw=-2.513 normalized_omega=-2.513 prediction_dt=0.248 future_angle=0.705 current_plate=1 selected_plate=1 candidate_phase=2.799 candidate_z=-0.778
[2026-07-21 01:49:35.755] [autoaim] [debug] [Outpost][OBS_INPUT] seq=6901 candidates=1 confidence=1.000 image=(697.9,640.9) image_dist=122.5 camera=(-0.072,0.149,2.449) gimbal=(2.561,0.106,-0.759) world=(2.561,0.106,-0.759) gimbal_ypr=(7.4,38.9,3.5)deg world_ypr=(7.4,38.9,3.5)deg
[2026-07-21 01:49:35.781] [autoaim] [debug] [Outpost][GEOM_OK] state=2 rho=0.377 res=+0.102 yaw_radial=173.1deg model_center=(2.932,0.209) center_minus=(2.291,0.099) center_plus=(2.838,0.154)
[2026-07-21 01:49:35.784] [autoaim] [debug] [Outpost][OBS_ASSOC] seq=6701 state=2 dt=0.0025s world=(2.576,0.130,-0.764) yaw=5.9deg rho=0.364 radial_res=+0.089 raw_ang=-167.5deg pred=(72.3,-167.7,-47.7)deg err=(+120.2,+0.2,-119.8)deg chosen=1 changed=0 corrected=-167.5deg residual=+0.0deg z=(-0.665,-0.778,-0.624) seen=(1,1,1)
[2026-07-21 01:49:35.811] [autoaim] [debug] [Outpost][OBS_INPUT] seq=6911 candidates=1 confidence=0.999 image=(666.1,640.6) image_dist=139.1 camera=(-0.116,0.150,2.479) gimbal=(2.589,0.151,-0.769) world=(2.589,0.151,-0.769) gimbal_ypr=(4.3,4.2,0.8)deg world_ypr=(4.3,4.2,0.8)deg
[2026-07-21 01:49:35.843] [autoaim] [debug] [Outpost][OBS_ASSOC] seq=6711 state=2 dt=0.0113s world=(2.620,0.173,-0.780) yaw=8.1deg rho=0.314 radial_res=+0.039 raw_ang=-173.5deg pred=(66.4,-173.6,-53.6)deg err=(+120.2,+0.2,-119.8)deg chosen=1 changed=0 corrected=-173.5deg residual=+0.0deg z=(-0.665,-0.778,-0.624) seen=(1,1,1)
[2026-07-21 01:49:35.856] [autoaim] [debug] [Outpost][SELECT_PHASE] current_angle=1.125 target_v_yaw=-2.513 normalized_omega=-2.513 prediction_dt=0.248 future_angle=0.501 current_plate=1 selected_plate=1 candidate_phase=2.596 candidate_z=-0.778
[2026-07-21 01:49:35.856] [autoaim] [debug] [Outpost][SELECT] mode=ROTATING selected=1 observed=1 changed=false fresh=true unseen=0.000s phase=0.0deg model_ok=true fire=false diff=-35.5deg cmd=(7.66,-11.24)
[2026-07-21 01:49:35.860] [autoaim] [debug] [Outpost][OBS_INPUT] seq=6921 candidates=1 confidence=1.000 image=(641.3,641.4) image_dist=156.1 camera=(-0.153,0.155,2.535) gimbal=(2.641,0.189,-0.788) world=(2.641,0.189,-0.788) gimbal_ypr=(9.4,0.2,1.0)deg world_ypr=(9.4,0.2,1.0)deg
[2026-07-21 01:49:35.967] [autoaim] [debug] [Outpost][SELECT_PHASE] current_angle=0.846 target_v_yaw=-2.513 normalized_omega=-2.513 prediction_dt=0.240 future_angle=0.243 current_plate=1 selected_plate=1 candidate_phase=2.338 candidate_z=-0.778
[2026-07-21 01:49:36.072] [autoaim] [debug] [Outpost][SELECT_PHASE] current_angle=0.580 target_v_yaw=-2.513 normalized_omega=-2.513 prediction_dt=0.234 future_angle=-0.009 current_plate=1 selected_plate=1 candidate_phase=2.085 candidate_z=-0.778
[2026-07-21 01:49:36.181] [autoaim] [debug] [Outpost][SELECT_PHASE] current_angle=0.307 target_v_yaw=-2.513 normalized_omega=-2.513 prediction_dt=0.229 future_angle=-0.269 current_plate=1 selected_plate=1 candidate_phase=1.825 candidate_z=-0.778
[2026-07-21 01:49:36.217] [autoaim] [debug] [Outpost][SELECT] mode=ROTATING selected=2 observed=1 changed=true fresh=false unseen=0.353s phase=0.0deg model_ok=false fire=false diff=35.4deg cmd=(0.74,-7.86)
[2026-07-21 01:49:36.242] [autoaim] [debug] [Outpost][SWITCH_COMMIT] t=30721.164 from=1 phase_best=2 height_plate=0 tracked_err=+148.6deg new_phase_err=+28.6deg jump=94.3deg z=-0.666 z_err=0.000 margin=0.041 z_confident=1
[2026-07-21 01:49:36.243] [autoaim] [debug] [Outpost][OBS_ASSOC] seq=6718 state=2 dt=0.3773s world=(2.974,-0.111,-0.666) yaw=42.1deg rho=0.323 radial_res=+0.048 raw_ang=-82.5deg pred=(8.9,128.9,-111.1)deg err=(-91.4,+148.6,+28.6)deg chosen=2 changed=1 corrected=-82.5deg residual=+0.0deg z=(-0.665,-0.778,-0.624) seen=(1,1,1)
[2026-07-21 01:49:36.254] [autoaim] [debug] [Outpost][OBS_ASSOC] seq=6721 state=2 dt=0.0040s world=(2.921,-0.104,-0.650) yaw=41.9deg rho=0.313 radial_res=+0.038 raw_ang=-92.0deg pred=(37.4,157.4,-82.6)deg err=(-129.3,+110.7,-9.3)deg chosen=2 changed=0 corrected=-92.0deg residual=+0.0deg z=(-0.665,-0.778,-0.624) seen=(1,1,1)
[2026-07-21 01:49:36.288] [autoaim] [debug] [Outpost][OBS_INPUT] seq=6931 candidates=1 confidence=0.999 image=(834.6,492.4) image_dist=91.8 camera=(0.125,-0.056,2.696) gimbal=(2.857,-0.086,-0.629) world=(2.857,-0.086,-0.629) gimbal_ypr=(38.1,7.3,18.7)deg world_ypr=(38.1,7.3,18.7)deg
[2026-07-21 01:49:36.362] [autoaim] [debug] [Outpost][SELECT_PHASE] current_angle=0.216 target_v_yaw=-2.513 normalized_omega=-2.513 prediction_dt=0.228 future_angle=-0.358 current_plate=2 selected_plate=2 candidate_phase=-2.452 candidate_z=-0.624
[2026-07-21 01:49:36.364] [autoaim] [debug] [Outpost][OBS_ASSOC] seq=6731 state=2 dt=0.0052s world=(2.821,-0.043,-0.612) yaw=27.5deg rho=0.275 radial_res=-0.000 raw_ang=-113.9deg pred=(11.6,131.6,-108.4)deg err=(-125.5,+114.5,-5.5)deg chosen=2 changed=0 corrected=-113.9deg residual=+0.0deg z=(-0.665,-0.778,-0.624) seen=(1,1,1)
[2026-07-21 01:49:36.392] [autoaim] [debug] [Outpost][OBS_INPUT] seq=6941 candidates=1 confidence=0.999 image=(794.3,485.1) image_dist=62.6 camera=(0.063,-0.065,2.619) gimbal=(2.785,-0.025,-0.600) world=(2.785,-0.025,-0.600) gimbal_ypr=(24.1,12.2,12.7)deg world_ypr=(24.1,12.2,12.7)deg
[2026-07-21 01:49:36.430] [autoaim] [debug] [Outpost][OBS_ASSOC] seq=6741 state=2 dt=0.0038s world=(2.753,0.002,-0.588) yaw=161.1deg rho=0.274 radial_res=-0.001 raw_ang=-130.9deg pred=(-5.9,114.1,-125.9)deg err=(-125.0,+115.0,-5.0)deg chosen=2 changed=0 corrected=-130.9deg residual=+0.0deg z=(-0.665,-0.778,-0.624) seen=(1,1,1)
[2026-07-21 01:49:36.462] [autoaim] [debug] [Outpost][OBS_INPUT] seq=6951 candidates=1 confidence=0.999 image=(761.2,481.3) image_dist=50.2 camera=(0.014,-0.071,2.621) gimbal=(2.788,0.024,-0.595) world=(2.788,0.024,-0.595) gimbal_ypr=(177.5,169.4,-176.1)deg world_ypr=(177.5,169.4,-176.1)deg
[2026-07-21 01:49:36.478] [autoaim] [debug] [Outpost][SELECT_PHASE] current_angle=-0.323 target_v_yaw=-2.513 normalized_omega=-2.513 prediction_dt=0.224 future_angle=-0.886 current_plate=2 selected_plate=2 candidate_phase=-2.980 candidate_z=-0.624
[2026-07-21 01:49:36.493] [autoaim] [debug] [Outpost][OBS_ASSOC] seq=6751 state=2 dt=0.0121s world=(2.745,0.043,-0.583) yaw=176.9deg rho=0.250 radial_res=-0.025 raw_ang=-138.4deg pred=(-20.2,99.8,-140.2)deg err=(-118.2,+121.8,+1.8)deg chosen=2 changed=0 corrected=-138.4deg residual=+0.0deg z=(-0.665,-0.778,-0.624) seen=(1,1,1)
[2026-07-21 01:49:36.493] [autoaim] [debug] [Outpost][SELECT] mode=ROTATING selected=2 observed=2 changed=false fresh=true unseen=0.000s phase=0.0deg model_ok=true fire=false diff=5.1deg cmd=(3.68,-8.26)
[2026-07-21 01:49:36.510] [autoaim] [debug] [Outpost][OBS_INPUT] seq=6961 candidates=1 confidence=0.989 image=(737.4,479.4) image_dist=52.9 camera=(-0.019,-0.071,2.540) gimbal=(2.709,0.056,-0.573) world=(2.709,0.056,-0.573) gimbal_ypr=(8.7,29.3,5.4)deg world_ypr=(8.7,29.3,5.4)deg
[2026-07-21 01:49:36.543] [autoaim] [debug] [Outpost][OBS_ASSOC] seq=6761 state=2 dt=0.0040s world=(2.686,0.078,-0.566) yaw=2.7deg rho=0.278 radial_res=+0.003 raw_ang=-151.9deg pred=(-31.8,88.2,-151.8)deg err=(-120.1,+119.9,-0.1)deg chosen=2 changed=0 corrected=-151.9deg residual=+0.0deg z=(-0.665,-0.778,-0.624) seen=(1,1,1)
[2026-07-21 01:49:36.574] [autoaim] [debug] [Outpost][OBS_INPUT] seq=6971 candidates=1 confidence=1.000 image=(704.3,478.2) image_dist=70.1 camera=(-0.064,-0.072,2.505) gimbal=(2.675,0.101,-0.562) world=(2.675,0.101,-0.562) gimbal_ypr=(4.8,30.0,1.6)deg world_ypr=(4.8,30.0,1.6)deg
[2026-07-21 01:49:36.602] [autoaim] [debug] [Outpost][SELECT_PHASE] current_angle=-0.704 target_v_yaw=-2.513 normalized_omega=-2.513 prediction_dt=0.253 future_angle=-1.340 current_plate=2 selected_plate=2 candidate_phase=-3.435 candidate_z=-0.624
[2026-07-21 01:49:36.603] [autoaim] [debug] [Outpost][OBS_ASSOC] seq=6771 state=2 dt=0.0038s world=(2.664,0.120,-0.559) yaw=2.9deg rho=0.283 radial_res=+0.008 raw_ang=-161.7deg pred=(-40.9,79.1,-160.9)deg err=(-120.8,+119.2,-0.8)deg chosen=2 changed=0 corrected=-161.7deg residual=+0.0deg z=(-0.665,-0.778,-0.624) seen=(1,1,1)
[2026-07-21 01:49:36.623] [autoaim] [debug] [Outpost][OBS_INPUT] seq=6981 candidates=1 confidence=0.998 image=(679.6,478.1) image_dist=88.6 camera=(-0.099,-0.072,2.516) gimbal=(2.685,0.136,-0.565) world=(2.685,0.136,-0.565) gimbal_ypr=(179.8,148.1,178.8)deg world_ypr=(179.8,148.1,178.8)deg
[2026-07-21 01:49:36.651] [autoaim] [debug] [Outpost][OBS_ASSOC] seq=6781 state=2 dt=0.0040s world=(2.711,0.157,-0.572) yaw=5.3deg rho=0.227 radial_res=-0.048 raw_ang=-166.6deg pred=(-46.8,73.2,-166.8)deg err=(-119.9,+120.1,+0.1)deg chosen=2 changed=0 corrected=-166.6deg residual=+0.0deg z=(-0.665,-0.778,-0.624) seen=(1,1,1)
[2026-07-21 01:49:36.679] [autoaim] [debug] [Outpost][OBS_INPUT] seq=6991 candidates=1 confidence=1.000 image=(651.4,478.8) image_dist=112.3 camera=(-0.141,-0.073,2.573) gimbal=(2.740,0.179,-0.579) world=(2.740,0.179,-0.579) gimbal_ypr=(3.9,26.0,-2.0)deg world_ypr=(3.9,26.0,-2.0)deg
[2026-07-21 01:49:36.696] [autoaim] [debug] [Outpost][SELECT_PHASE] current_angle=-0.939 target_v_yaw=-2.513 normalized_omega=-2.513 prediction_dt=0.248 future_angle=-1.563 current_plate=2 selected_plate=2 candidate_phase=-3.657 candidate_z=-0.624
[2026-07-21 01:49:36.806] [autoaim] [debug] [Outpost][SELECT_PHASE] current_angle=-1.217 target_v_yaw=-2.513 normalized_omega=-2.513 prediction_dt=0.241 future_angle=-1.824 current_plate=2 selected_plate=2 candidate_phase=-3.918 candidate_z=-0.624
[2026-07-21 01:49:36.866] [autoaim] [debug] [Outpost][IMU] raw_deg=(0.00,0.00,0.00) solver_rad=(0.0000,-0.0000,0.0000)
[2026-07-21 01:49:36.904] [autoaim] [debug] [Outpost][SELECT_PHASE] current_angle=-1.463 target_v_yaw=-2.513 normalized_omega=-2.513 prediction_dt=0.236 future_angle=-2.056 current_plate=2 selected_plate=2 candidate_phase=-4.151 candidate_z=-0.624
[2026-07-21 01:49:37.002] [autoaim] [debug] [Outpost][SWITCH_COMMIT] t=30721.924 from=2 phase_best=0 height_plate=1 tracked_err=+112.6deg new_phase_err=-7.4deg jump=68.4deg z=-0.751 z_err=0.027 margin=0.059 z_confident=1
[2026-07-21 01:49:37.002] [autoaim] [debug] [Outpost][OBS_ASSOC] seq=6791 state=2 dt=0.3068s world=(2.836,-0.139,-0.751) yaw=56.2deg rho=0.361 radial_res=+0.086 raw_ang=-105.3deg pred=(-98.0,22.0,142.0)deg err=(-7.4,-127.4,+112.6)deg chosen=0 changed=1 corrected=-105.3deg residual=+0.0deg z=(-0.665,-0.778,-0.624) seen=(1,1,1)
[2026-07-21 01:49:37.008] [autoaim] [debug] [Outpost][SELECT_PHASE] current_angle=-1.742 target_v_yaw=-2.513 normalized_omega=-2.513 prediction_dt=0.231 future_angle=-2.323 current_plate=0 selected_plate=2 candidate_phase=-4.417 candidate_z=-0.624
[2026-07-21 01:49:37.012] [autoaim] [debug] [Outpost][SELECT] mode=ROTATING selected=0 observed=0 changed=true fresh=true unseen=0.000s phase=0.0deg model_ok=true fire=false diff=31.8deg cmd=(1.04,-8.99)
[2026-07-21 01:49:37.016] [autoaim] [debug] [Outpost][SELECT] mode=ROTATING selected=0 observed=0 changed=false fresh=true unseen=0.000s phase=0.0deg model_ok=true fire=false diff=29.6deg cmd=(1.23,-8.99)
[2026-07-21 01:49:37.038] [autoaim] [debug] [Outpost][OBS_INPUT] seq=7001 candidates=1 confidence=0.999 image=(862.7,572.6) image_dist=119.3 camera=(0.163,0.061,2.642) gimbal=(2.774,-0.125,-0.727) world=(2.774,-0.125,-0.727) gimbal_ypr=(52.3,2.5,24.4)deg world_ypr=(52.3,2.5,24.4)deg
[2026-07-21 01:49:37.070] [autoaim] [debug] [Outpost][GEOM_OK] state=2 rho=0.369 res=+0.094 yaw_radial=168.3deg model_center=(2.932,0.209) center_minus=(2.562,-0.314) center_plus=(2.930,0.095)
[2026-07-21 01:49:37.072] [autoaim] [debug] [Outpost][OBS_ASSOC] seq=6801 state=2 dt=0.0039s world=(2.747,-0.108,-0.714) yaw=47.3deg rho=0.367 radial_res=+0.092 raw_ang=-120.3deg pred=(-120.8,-0.8,119.2)deg err=(+0.5,-119.5,+120.5)deg chosen=0 changed=0 corrected=-120.3deg residual=+0.0deg z=(-0.665,-0.778,-0.624) seen=(1,1,1)
[2026-07-21 01:49:37.108] [autoaim] [debug] [Outpost][OBS_INPUT] seq=7011 candidates=1 confidence=0.996 image=(842.1,567.1) image_dist=98.1 camera=(0.130,0.052,2.580) gimbal=(2.716,-0.093,-0.701) world=(2.716,-0.093,-0.701) gimbal_ypr=(43.3,5.9,20.9)deg world_ypr=(43.3,5.9,20.9)deg
[2026-07-21 01:49:37.124] [autoaim] [debug] [Outpost][OBS_ASSOC] seq=6811 state=2 dt=0.0040s world=(2.753,-0.085,-0.710) yaw=39.2deg rho=0.344 radial_res=+0.069 raw_ang=-121.3deg pred=(-121.8,-1.8,118.2)deg err=(+0.4,-119.6,+120.4)deg chosen=0 changed=0 corrected=-121.3deg residual=+0.0deg z=(-0.665,-0.778,-0.624) seen=(1,1,1)
[2026-07-21 01:49:37.141] [autoaim] [debug] [Outpost][SELECT_PHASE] current_angle=-2.194 target_v_yaw=-2.513 normalized_omega=-2.513 prediction_dt=0.226 future_angle=-2.761 current_plate=0 selected_plate=0 candidate_phase=-2.761 candidate_z=-0.665
[2026-07-21 01:49:37.153] [autoaim] [debug] [Outpost][OBS_INPUT] seq=7021 candidates=1 confidence=1.000 image=(825.7,563.2) image_dist=81.5 camera=(0.106,0.046,2.553) gimbal=(2.692,-0.069,-0.689) world=(2.692,-0.069,-0.689) gimbal_ypr=(36.9,6.0,18.3)deg world_ypr=(36.9,6.0,18.3)deg
[2026-07-21 01:49:37.184] [autoaim] [debug] [Outpost][OBS_ASSOC] seq=6821 state=2 dt=0.0026s world=(2.733,-0.053,-0.698) yaw=31.4deg rho=0.329 radial_res=+0.054 raw_ang=-127.2deg pred=(-132.5,-12.5,107.5)deg err=(+5.4,-114.6,+125.4)deg chosen=0 changed=0 corrected=-127.2deg residual=+0.0deg z=(-0.665,-0.778,-0.624) seen=(1,1,1)
[2026-07-21 01:49:37.214] [autoaim] [debug] [Outpost][OBS_INPUT] seq=7031 candidates=1 confidence=0.996 image=(802.3,559.5) image_dist=58.9 camera=(0.074,0.041,2.591) gimbal=(2.729,-0.036,-0.694) world=(2.729,-0.036,-0.694) gimbal_ypr=(27.4,10.2,14.4)deg world_ypr=(27.4,10.2,14.4)deg
[2026-07-21 01:49:37.237] [autoaim] [debug] [Outpost][OBS_ASSOC] seq=6831 state=2 dt=0.0076s world=(2.724,-0.024,-0.692) yaw=24.0deg rho=0.312 radial_res=+0.037 raw_ang=-131.7deg pred=(-138.4,-18.4,101.6)deg err=(+6.7,-113.3,+126.7)deg chosen=0 changed=0 corrected=-131.7deg residual=+0.0deg z=(-0.665,-0.778,-0.624) seen=(1,1,1)
[2026-07-21 01:49:37.256] [autoaim] [debug] [Outpost][SELECT_PHASE] current_angle=-2.381 target_v_yaw=-2.513 normalized_omega=-2.513 prediction_dt=0.225 future_angle=-2.947 current_plate=0 selected_plate=0 candidate_phase=-2.947 candidate_z=-0.665
[2026-07-21 01:49:37.273] [autoaim] [debug] [Outpost][OBS_INPUT] seq=7041 candidates=1 confidence=0.998 image=(775.9,556.6) image_dist=36.1 camera=(0.035,0.037,2.531) gimbal=(2.672,0.001,-0.673) world=(2.672,0.001,-0.673) gimbal_ypr=(20.4,12.7,11.2)deg world_ypr=(20.4,12.7,11.2)deg
[2026-07-21 01:49:37.301] [autoaim] [debug] [Outpost][OBS_ASSOC] seq=6841 state=2 dt=0.0040s world=(2.717,0.020,-0.685) yaw=12.2deg rho=0.286 radial_res=+0.011 raw_ang=-138.7deg pred=(-139.1,-19.1,100.9)deg err=(+0.4,-119.6,+120.4)deg chosen=0 changed=0 corrected=-138.7deg residual=+0.0deg z=(-0.665,-0.778,-0.624) seen=(1,1,1)
[2026-07-21 01:49:37.341] [autoaim] [debug] [Outpost][OBS_INPUT] seq=7051 candidates=1 confidence=0.999 image=(742.9,554.0) image_dist=24.9 camera=(-0.011,0.033,2.517) gimbal=(2.659,0.048,-0.666) world=(2.659,0.048,-0.666) gimbal_ypr=(10.5,17.7,6.3)deg world_ypr=(10.5,17.7,6.3)deg
[2026-07-21 01:49:37.375] [autoaim] [debug] [Outpost][OBS_ASSOC] seq=6851 state=2 dt=0.0021s world=(2.644,0.070,-0.660) yaw=0.3deg rho=0.319 radial_res=+0.044 raw_ang=-154.2deg pred=(-153.9,-33.9,86.1)deg err=(-0.3,-120.3,+119.7)deg chosen=0 changed=0 corrected=-154.2deg residual=+0.0deg z=(-0.665,-0.778,-0.624) seen=(1,1,1)
[2026-07-21 01:49:37.375] [autoaim] [debug] [Outpost][SELECT_PHASE] current_angle=-2.691 target_v_yaw=-2.513 normalized_omega=-2.513 prediction_dt=0.258 future_angle=-3.339 current_plate=0 selected_plate=0 candidate_phase=-3.339 candidate_z=-0.665
[2026-07-21 01:49:37.406] [autoaim] [debug] [Outpost][OBS_INPUT] seq=7061 candidates=1 confidence=0.972 image=(709.9,552.5) image_dist=46.7 camera=(-0.056,0.030,2.459) gimbal=(2.604,0.091,-0.648) world=(2.604,0.091,-0.648) gimbal_ypr=(174.7,177.1,180.0)deg world_ypr=(174.7,177.1,180.0)deg
[2026-07-21 01:49:37.438] [autoaim] [debug] [Outpost][OBS_ASSOC] seq=6861 state=2 dt=0.0040s world=(2.631,0.115,-0.655) yaw=179.1deg rho=0.315 radial_res=+0.040 raw_ang=-162.7deg pred=(-163.3,-43.3,76.7)deg err=(+0.6,-119.4,+120.6)deg chosen=0 changed=0 corrected=-162.7deg residual=+0.0deg z=(-0.665,-0.778,-0.624) seen=(1,1,1)
[2026-07-21 01:49:37.469] [autoaim] [debug] [Outpost][OBS_INPUT] seq=7071 candidates=1 confidence=1.000 image=(676.6,552.0) image_dist=77.5 camera=(-0.102,0.030,2.494) gimbal=(2.636,0.138,-0.657) world=(2.636,0.138,-0.657) gimbal_ypr=(3.2,6.7,0.7)deg world_ypr=(3.2,6.7,0.7)deg
[2026-07-21 01:49:37.510] [autoaim] [debug] [Outpost][OBS_ASSOC] seq=6871 state=2 dt=0.0041s world=(2.642,0.160,-0.659) yaw=179.0deg rho=0.294 radial_res=+0.019 raw_ang=-170.5deg pred=(-170.5,-50.5,69.5)deg err=(+0.1,-119.9,+120.1)deg chosen=0 changed=0 corrected=-170.5deg residual=+0.0deg z=(-0.665,-0.778,-0.624) seen=(1,1,1)
[2026-07-21 01:49:37.510] [autoaim] [debug] [Outpost][SELECT_PHASE] current_angle=-2.975 target_v_yaw=-2.513 normalized_omega=-2.513 prediction_dt=0.252 future_angle=-3.608 current_plate=0 selected_plate=0 candidate_phase=-3.608 candidate_z=-0.665
[2026-07-21 01:49:37.642] [autoaim] [debug] [Outpost][SELECT_PHASE] current_angle=2.981 target_v_yaw=-2.513 normalized_omega=-2.513 prediction_dt=0.244 future_angle=2.368 current_plate=0 selected_plate=0 candidate_phase=2.368 candidate_z=-0.665
[2026-07-21 01:49:37.645] [autoaim] [debug] [Outpost][SELECT] mode=ROTATING selected=0 observed=0 changed=false fresh=true unseen=0.102s phase=0.0deg model_ok=true fire=false diff=-49.8deg cmd=(8.64,-8.58)
[2026-07-21 01:49:37.754] [autoaim] [debug] [Outpost][SELECT_PHASE] current_angle=2.689 target_v_yaw=-2.513 normalized_omega=-2.513 prediction_dt=0.238 future_angle=2.091 current_plate=0 selected_plate=0 candidate_phase=2.091 candidate_z=-0.665
[2026-07-21 01:49:37.859] [autoaim] [debug] [Outpost][SELECT_PHASE] current_angle=2.416 target_v_yaw=-2.513 normalized_omega=-2.513 prediction_dt=0.233 future_angle=1.831 current_plate=0 selected_plate=0 candidate_phase=1.831 candidate_z=-0.665
[2026-07-21 01:49:37.891] [autoaim] [debug] [Outpost][SELECT] mode=ROTATING selected=1 observed=0 changed=true fresh=false unseen=0.349s phase=0.0deg model_ok=false fire=false diff=36.2deg cmd=(0.67,-11.21)
[2026-07-21 01:49:37.928] [autoaim] [debug] [Outpost][OBS_INPUT] seq=7081 candidates=1 confidence=0.999 image=(853.4,654.8) image_dist=161.1 camera=(0.161,0.194,2.848) gimbal=(2.936,-0.121,-0.911) world=(2.936,-0.121,-0.911) gimbal_ypr=(42.3,8.8,21.7)deg world_ypr=(42.3,8.8,21.7)deg
[2026-07-21 01:49:37.928] [autoaim] [debug] [Outpost][SWITCH_COMMIT] t=30722.850 from=0 phase_best=1 height_plate=1 tracked_err=+142.1deg new_phase_err=+22.1deg jump=86.6deg z=-0.911 z_err=0.133 margin=0.113 z_confident=0
[2026-07-21 01:49:37.928] [autoaim] [debug] [Outpost][OBS_ASSOC] seq=6876 state=2 dt=0.3853s world=(2.936,-0.121,-0.911) yaw=42.3deg rho=0.330 radial_res=+0.055 raw_ang=-89.3deg pred=(128.6,-111.4,8.6)deg err=(+142.1,+22.1,-97.9)deg chosen=1 changed=1 corrected=-89.3deg residual=+0.0deg z=(-0.665,-0.778,-0.624) seen=(1,1,1)
[2026-07-21 01:49:37.963] [autoaim] [debug] [Outpost][OBS_ASSOC] seq=6881 state=2 dt=0.0037s world=(2.768,-0.096,-0.848) yaw=39.2deg rho=0.346 radial_res=+0.071 raw_ang=-118.2deg pred=(123.7,-116.3,3.7)deg err=(+118.1,-1.9,-121.9)deg chosen=1 changed=0 corrected=-118.2deg residual=+0.0deg z=(-0.665,-0.778,-0.624) seen=(1,1,1)
[2026-07-21 01:49:37.968] [autoaim] [debug] [Outpost][SELECT_PHASE] current_angle=2.176 target_v_yaw=-2.513 normalized_omega=-2.513 prediction_dt=0.230 future_angle=1.598 current_plate=1 selected_plate=1 candidate_phase=3.692 candidate_z=-0.778
[2026-07-21 01:49:37.999] [autoaim] [debug] [Outpost][OBS_INPUT] seq=7091 candidates=1 confidence=0.999 image=(829.9,650.4) image_dist=143.5 camera=(0.116,0.175,2.654) gimbal=(2.754,-0.078,-0.840) world=(2.754,-0.078,-0.840) gimbal_ypr=(34.2,7.7,18.0)deg world_ypr=(34.2,7.7,18.0)deg
[2026-07-21 01:49:38.016] [autoaim] [debug] [Outpost][OBS_ASSOC] seq=6891 state=2 dt=0.0041s world=(2.744,-0.066,-0.835) yaw=31.2deg rho=0.334 radial_res=+0.059 raw_ang=-124.4deg pred=(115.0,-125.0,-5.0)deg err=(+120.6,+0.6,-119.4)deg chosen=1 changed=0 corrected=-124.4deg residual=+0.0deg z=(-0.665,-0.778,-0.624) seen=(1,1,1)
[2026-07-21 01:49:38.043] [autoaim] [debug] [Outpost][IMU] raw_deg=(0.00,0.00,0.00) solver_rad=(0.0000,-0.0000,0.0000)
[2026-07-21 01:49:38.048] [autoaim] [debug] [Outpost][OBS_INPUT] seq=7101 candidates=1 confidence=1.000 image=(808.5,647.7) image_dist=130.6 camera=(0.083,0.166,2.586) gimbal=(2.691,-0.046,-0.813) world=(2.691,-0.046,-0.813) gimbal_ypr=(28.4,11.4,15.1)deg world_ypr=(28.4,11.4,15.1)deg
[2026-07-21 01:49:38.081] [autoaim] [debug] [Outpost][GEOM_OK] state=2 rho=0.326 res=+0.051 yaw_radial=155.1deg model_center=(2.932,0.209) center_minus=(2.448,-0.124) center_plus=(2.961,0.073)
[2026-07-21 01:49:38.088] [autoaim] [debug] [Outpost][OBS_ASSOC] seq=6901 state=2 dt=0.0038s world=(2.687,-0.023,-0.810) yaw=21.5deg rho=0.337 radial_res=+0.062 raw_ang=-136.6deg pred=(105.3,-134.7,-14.7)deg err=(+118.1,-1.9,-121.9)deg chosen=1 changed=0 corrected=-136.6deg residual=+0.0deg z=(-0.665,-0.778,-0.624) seen=(1,1,1)
[2026-07-21 01:49:38.110] [autoaim] [debug] [Outpost][SELECT_PHASE] current_angle=1.819 target_v_yaw=-2.513 normalized_omega=-2.513 prediction_dt=0.228 future_angle=1.246 current_plate=1 selected_plate=1 candidate_phase=3.341 candidate_z=-0.778
[2026-07-21 01:49:38.124] [autoaim] [debug] [Outpost][OBS_INPUT] seq=7111 candidates=1 confidence=1.000 image=(773.2,644.1) image_dist=115.8 camera=(0.031,0.159,2.545) gimbal=(2.652,0.005,-0.795) world=(2.652,0.005,-0.795) gimbal_ypr=(15.2,8.4,9.2)deg world_ypr=(15.2,8.4,9.2)deg
[2026-07-21 01:49:38.153] [autoaim] [debug] [Outpost][OBS_ASSOC] seq=6911 state=2 dt=0.0040s world=(2.673,0.025,-0.801) yaw=5.4deg rho=0.317 radial_res=+0.042 raw_ang=-144.5deg pred=(95.7,-144.3,-24.3)deg err=(+119.8,-0.2,-120.2)deg chosen=1 changed=0 corrected=-144.5deg residual=+0.0deg z=(-0.665,-0.778,-0.624) seen=(1,1,1)
[2026-07-21 01:49:38.186] [autoaim] [debug] [Outpost][OBS_INPUT] seq=7121 candidates=1 confidence=0.999 image=(744.9,642.3) image_dist=112.0 camera=(-0.009,0.155,2.523) gimbal=(2.631,0.044,-0.785) world=(2.631,0.044,-0.785) gimbal_ypr=(3.4,10.2,4.1)deg world_ypr=(3.4,10.2,4.1)deg
[2026-07-21 01:49:38.218] [autoaim] [debug] [Outpost][OBS_ASSOC] seq=6921 state=2 dt=0.0041s world=(2.577,0.069,-0.766) yaw=6.5deg rho=0.382 radial_res=+0.107 raw_ang=-158.5deg pred=(80.9,-159.1,-39.1)deg err=(+120.7,+0.7,-119.3)deg chosen=1 changed=0 corrected=-158.5deg residual=+0.0deg z=(-0.665,-0.778,-0.624) seen=(1,1,1)
[2026-07-21 01:49:38.221] [autoaim] [debug] [Outpost][SELECT_PHASE] current_angle=1.404 target_v_yaw=-2.513 normalized_omega=-2.513 prediction_dt=0.253 future_angle=0.768 current_plate=1 selected_plate=1 candidate_phase=2.863 candidate_z=-0.778
[2026-07-21 01:49:38.248] [autoaim] [debug] [Outpost][SELECT] mode=ROTATING selected=1 observed=1 changed=false fresh=true unseen=0.000s phase=0.0deg model_ok=true fire=false diff=-22.0deg cmd=(6.49,-11.52)
[2026-07-21 01:49:38.249] [autoaim] [debug] [Outpost][OBS_INPUT] seq=7131 candidates=1 confidence=0.998 image=(709.3,641.1) image_dist=118.3 camera=(-0.056,0.149,2.455) gimbal=(2.567,0.091,-0.761) world=(2.567,0.091,-0.761) gimbal_ypr=(2.9,35.9,2.2)deg world_ypr=(2.9,35.9,2.2)deg
[2026-07-21 01:49:38.283] [autoaim] [debug] [Outpost][OBS_ASSOC] seq=6931 state=2 dt=0.0159s world=(2.563,0.114,-0.759) yaw=6.8deg rho=0.381 radial_res=+0.106 raw_ang=-165.6deg pred=(73.8,-166.2,-46.2)deg err=(+120.7,+0.7,-119.3)deg chosen=1 changed=0 corrected=-165.6deg residual=+0.0deg z=(-0.665,-0.778,-0.624) seen=(1,1,1)
[2026-07-21 01:49:38.304] [autoaim] [debug] [Outpost][OBS_INPUT] seq=7141 candidates=1 confidence=0.995 image=(681.7,640.7) image_dist=130.3 camera=(-0.093,0.148,2.453) gimbal=(2.565,0.128,-0.760) world=(2.565,0.128,-0.760) gimbal_ypr=(5.8,38.7,2.3)deg world_ypr=(5.8,38.7,2.3)deg
[2026-07-21 01:49:38.333] [autoaim] [debug] [Outpost][OBS_ASSOC] seq=6941 state=2 dt=0.0042s world=(2.577,0.152,-0.765) yaw=4.3deg rho=0.359 radial_res=+0.084 raw_ang=-170.8deg pred=(69.0,-171.0,-51.0)deg err=(+120.2,+0.2,-119.8)deg chosen=1 changed=0 corrected=-170.8deg residual=+0.0deg z=(-0.665,-0.778,-0.624) seen=(1,1,1)
[2026-07-21 01:49:38.337] [autoaim] [debug] [Outpost][SELECT_PHASE] current_angle=1.204 target_v_yaw=-2.513 normalized_omega=-2.513 prediction_dt=0.248 future_angle=0.580 current_plate=1 selected_plate=1 candidate_phase=2.674 candidate_z=-0.778
[2026-07-21 01:49:38.481] [autoaim] [debug] [Outpost][SELECT_PHASE] current_angle=0.855 target_v_yaw=-2.513 normalized_omega=-2.513 prediction_dt=0.240 future_angle=0.252 current_plate=1 selected_plate=1 candidate_phase=2.346 candidate_z=-0.778
[2026-07-21 01:49:38.606] [autoaim] [debug] [Outpost][SELECT_PHASE] current_angle=0.542 target_v_yaw=-2.513 normalized_omega=-2.513 prediction_dt=0.234 future_angle=-0.045 current_plate=1 selected_plate=1 candidate_phase=2.049 candidate_z=-0.778
[2026-07-21 01:49:38.730] [autoaim] [debug] [Outpost][SELECT_PHASE] current_angle=0.229 target_v_yaw=-2.513 normalized_omega=-2.513 prediction_dt=0.228 future_angle=-0.344 current_plate=1 selected_plate=1 candidate_phase=1.750 candidate_z=-0.778
[2026-07-21 01:49:38.744] [autoaim] [debug] [Outpost][SELECT] mode=ROTATING selected=2 observed=1 changed=true fresh=false unseen=0.374s phase=0.0deg model_ok=false fire=false diff=34.4deg cmd=(0.82,-7.88)
[2026-07-21 01:49:38.747] [autoaim] [debug] [Outpost][OBS_INPUT] seq=7151 candidates=1 confidence=0.999 image=(853.2,498.0) image_dist=107.1 camera=(0.163,-0.051,2.896) gimbal=(3.049,-0.121,-0.688) world=(3.049,-0.121,-0.688) gimbal_ypr=(42.9,5.4,22.3)deg world_ypr=(42.9,5.4,22.3)deg
[2026-07-21 01:49:38.747] [autoaim] [debug] [Outpost][SWITCH_COMMIT] t=30723.669 from=1 phase_best=2 height_plate=0 tracked_err=+158.7deg new_phase_err=+38.7deg jump=104.4deg z=-0.688 z_err=0.023 margin=0.041 z_confident=1
[2026-07-21 01:49:38.747] [autoaim] [debug] [Outpost][OBS_ASSOC] seq=6946 state=2 dt=0.3776s world=(3.049,-0.121,-0.688) yaw=42.9deg rho=0.350 radial_res=+0.075 raw_ang=-70.5deg pred=(10.8,130.8,-109.2)deg err=(-81.3,+158.7,+38.7)deg chosen=2 changed=1 corrected=-70.5deg residual=+0.0deg z=(-0.665,-0.778,-0.624) seen=(1,1,1)
[2026-07-21 01:49:38.767] [autoaim] [debug] [Outpost][OBS_ASSOC] seq=6951 state=2 dt=0.0046s world=(2.968,-0.109,-0.663) yaw=42.1deg rho=0.320 radial_res=+0.045 raw_ang=-83.6deg pred=(36.9,156.9,-83.1)deg err=(-120.5,+119.5,-0.5)deg chosen=2 changed=0 corrected=-83.6deg residual=+0.0deg z=(-0.665,-0.778,-0.624) seen=(1,1,1)
[2026-07-21 01:49:38.795] [autoaim] [debug] [Outpost][OBS_INPUT] seq=7161 candidates=1 confidence=0.954 image=(838.4,493.1) image_dist=95.0 camera=(0.132,-0.056,2.732) gimbal=(2.892,-0.092,-0.640) world=(2.892,-0.092,-0.640) gimbal_ypr=(39.2,8.1,19.1)deg world_ypr=(39.2,8.1,19.1)deg
[2026-07-21 01:49:38.799] [autoaim] [debug] [Outpost][IDENTITY_LOCK] t=30723.722 tracked=2 phase_best=2 height_candidate=0 tracked_err=+13.0deg new_phase_err=+13.0deg jump=12.5deg z=-0.656 z_err=0.009 margin=0.024
[2026-07-21 01:49:38.825] [autoaim] [debug] [Outpost][OBS_ASSOC] seq=6961 state=2 dt=0.0032s world=(2.914,-0.078,-0.642) yaw=34.1deg rho=0.288 radial_res=+0.013 raw_ang=-93.6deg pred=(19.5,139.5,-100.5)deg err=(-113.1,+126.9,+6.9)deg chosen=2 changed=0 corrected=-93.6deg residual=+0.0deg z=(-0.665,-0.778,-0.624) seen=(1,1,1)
[2026-07-21 01:49:38.835] [autoaim] [debug] [Outpost][SELECT_PHASE] current_angle=0.216 target_v_yaw=-2.513 normalized_omega=-2.513 prediction_dt=0.228 future_angle=-0.357 current_plate=2 selected_plate=2 candidate_phase=-2.452 candidate_z=-0.624
[2026-07-21 01:49:38.854] [autoaim] [debug] [Outpost][OBS_INPUT] seq=7171 candidates=1 confidence=0.999 image=(817.9,488.7) image_dist=78.8 camera=(0.099,-0.061,2.680) gimbal=(2.843,-0.060,-0.620) world=(2.843,-0.060,-0.620) gimbal_ypr=(31.8,11.3,16.0)deg world_ypr=(31.8,11.3,16.0)deg
[2026-07-21 01:49:38.859] [autoaim] [debug] [Outpost][SELECT] mode=ROTATING selected=2 observed=2 changed=false fresh=true unseen=0.000s phase=0.0deg model_ok=true fire=false diff=34.4deg cmd=(0.79,-7.88)
[2026-07-21 01:49:38.871] [autoaim] [debug] [Outpost][OBS_ASSOC] seq=6971 state=2 dt=0.0039s world=(2.842,-0.048,-0.617) yaw=28.2deg rho=0.273 radial_res=-0.002 raw_ang=-109.3deg pred=(10.6,130.6,-109.4)deg err=(-119.9,+120.1,+0.1)deg chosen=2 changed=0 corrected=-109.3deg residual=+0.0deg z=(-0.665,-0.778,-0.624) seen=(1,1,1)
[2026-07-21 01:49:38.907] [autoaim] [debug] [Outpost][OBS_INPUT] seq=7181 candidates=1 confidence=0.999 image=(794.4,485.1) image_dist=62.7 camera=(0.063,-0.065,2.616) gimbal=(2.782,-0.025,-0.599) world=(2.782,-0.025,-0.599) gimbal_ypr=(24.0,12.2,12.7)deg world_ypr=(24.0,12.2,12.7)deg
[2026-07-21 01:49:38.939] [autoaim] [debug] [Outpost][OBS_ASSOC] seq=6981 state=2 dt=0.0041s world=(2.786,-0.004,-0.597) yaw=18.4deg rho=0.258 radial_res=-0.017 raw_ang=-124.4deg pred=(-5.1,114.9,-125.1)deg err=(-119.3,+120.7,+0.7)deg chosen=2 changed=0 corrected=-124.4deg residual=+0.0deg z=(-0.665,-0.778,-0.624) seen=(1,1,1)
[2026-07-21 01:49:38.967] [autoaim] [debug] [Outpost][SELECT_PHASE] current_angle=-0.102 target_v_yaw=-2.513 normalized_omega=-2.513 prediction_dt=0.225 future_angle=-0.667 current_plate=2 selected_plate=2 candidate_phase=-2.761 candidate_z=-0.624
[2026-07-21 01:49:38.972] [autoaim] [debug] [Outpost][OBS_INPUT] seq=7191 candidates=1 confidence=1.000 image=(765.1,481.8) image_dist=50.7 camera=(0.020,-0.070,2.606) gimbal=(2.773,0.017,-0.592) world=(2.773,0.017,-0.592) gimbal_ypr=(12.8,20.4,8.2)deg world_ypr=(12.8,20.4,8.2)deg
[2026-07-21 01:49:39.007] [autoaim] [debug] [Outpost][OBS_ASSOC] seq=6991 state=2 dt=0.0042s world=(2.724,0.042,-0.578) yaw=173.0deg rho=0.267 radial_res=-0.008 raw_ang=-141.2deg pred=(-20.8,99.2,-140.8)deg err=(-120.5,+119.5,-0.5)deg chosen=2 changed=0 corrected=-141.2deg residual=+0.0deg z=(-0.665,-0.778,-0.624) seen=(1,1,1)
[2026-07-21 01:49:39.039] [autoaim] [debug] [Outpost][OBS_INPUT] seq=7201 candidates=1 confidence=0.955 image=(732.3,479.3) image_dist=54.5 camera=(-0.026,-0.071,2.516) gimbal=(2.686,0.063,-0.566) world=(2.686,0.063,-0.566) gimbal_ypr=(172.7,-176.4,-179.3)deg world_ypr=(172.7,-176.4,-179.3)deg
[2026-07-21 01:49:39.076] [autoaim] [debug] [Outpost][GEOM_OK] state=2 rho=0.287 res=+0.012 yaw_radial=-30.3deg model_center=(2.932,0.209) center_minus=(2.947,0.062) center_plus=(2.399,0.106)
[2026-07-21 01:49:39.079] [autoaim] [debug] [Outpost][OBS_ASSOC] seq=7001 state=2 dt=0.0059s world=(2.682,0.087,-0.564) yaw=7.2deg rho=0.278 radial_res=+0.003 raw_ang=-154.0deg pred=(-35.1,84.9,-155.1)deg err=(-118.9,+121.1,+1.1)deg chosen=2 changed=0 corrected=-154.0deg residual=+0.0deg z=(-0.665,-0.778,-0.624) seen=(1,1,1)
[2026-07-21 01:49:39.088] [autoaim] [debug] [Outpost][SELECT_PHASE] current_angle=-0.620 target_v_yaw=-2.513 normalized_omega=-2.513 prediction_dt=0.255 future_angle=-1.261 current_plate=2 selected_plate=2 candidate_phase=-3.356 candidate_z=-0.624
[2026-07-21 01:49:39.112] [autoaim] [debug] [Outpost][OBS_INPUT] seq=7211 candidates=1 confidence=0.998 image=(696.4,478.2) image_dist=75.6 camera=(-0.075,-0.072,2.506) gimbal=(2.676,0.112,-0.562) world=(2.676,0.112,-0.562) gimbal_ypr=(3.8,32.6,1.1)deg world_ypr=(3.8,32.6,1.1)deg
[2026-07-21 01:49:39.146] [autoaim] [debug] [Outpost][OBS_ASSOC] seq=7011 state=2 dt=0.0162s world=(2.673,0.134,-0.562) yaw=179.9deg rho=0.269 radial_res=-0.006 raw_ang=-163.8deg pred=(-43.8,76.2,-163.8)deg err=(-120.1,+119.9,-0.1)deg chosen=2 changed=0 corrected=-163.8deg residual=+0.0deg z=(-0.665,-0.778,-0.624) seen=(1,1,1)
[2026-07-21 01:49:39.164] [autoaim] [debug] [Outpost][OBS_INPUT] seq=7221 candidates=1 confidence=0.999 image=(670.0,478.1) image_dist=96.5 camera=(-0.113,-0.072,2.525) gimbal=(2.693,0.150,-0.567) world=(2.693,0.150,-0.567) gimbal_ypr=(0.5,24.4,-1.6)deg world_ypr=(0.5,24.4,-1.6)deg
[2026-07-21 01:49:39.196] [autoaim] [debug] [Outpost][OBS_ASSOC] seq=7021 state=2 dt=0.0040s world=(2.722,0.174,-0.575) yaw=8.6deg rho=0.213 radial_res=-0.062 raw_ang=-170.5deg pred=(-50.3,69.7,-170.3)deg err=(-120.1,+119.9,-0.1)deg chosen=2 changed=0 corrected=-170.5deg residual=+0.0deg z=(-0.665,-0.778,-0.624) seen=(1,1,1)
[2026-07-21 01:49:39.218] [autoaim] [debug] [Outpost][SELECT_PHASE] current_angle=-0.939 target_v_yaw=-2.513 normalized_omega=-2.513 prediction_dt=0.248 future_angle=-1.563 current_plate=2 selected_plate=2 candidate_phase=-3.657 candidate_z=-0.624
[2026-07-21 01:49:39.292] [autoaim] [debug] [Outpost][IMU] raw_deg=(0.00,0.00,0.00) solver_rad=(0.0000,-0.0000,0.0000)
[2026-07-21 01:49:39.328] [autoaim] [debug] [Outpost][SELECT_PHASE] current_angle=-1.230 target_v_yaw=-2.513 normalized_omega=-2.513 prediction_dt=0.241 future_angle=-1.836 current_plate=2 selected_plate=2 candidate_phase=-3.930 candidate_z=-0.624
[2026-07-21 01:49:39.441] [autoaim] [debug] [Outpost][SELECT_PHASE] current_angle=-1.512 target_v_yaw=-2.513 normalized_omega=-2.513 prediction_dt=0.235 future_angle=-2.103 current_plate=2 selected_plate=2 candidate_phase=-4.198 candidate_z=-0.624
[2026-07-21 01:49:39.468] [autoaim] [debug] [Outpost][SELECT] mode=ROTATING selected=2 observed=2 changed=false fresh=false unseen=0.245s phase=0.0deg model_ok=false fire=false diff=-68.0deg cmd=(9.53,-6.99)
[2026-07-21 01:49:39.544] [autoaim] [debug] [Outpost][SWITCH_COMMIT] t=30724.464 from=2 phase_best=0 height_plate=1 tracked_err=+110.3deg new_phase_err=-9.7deg jump=64.0deg z=-0.738 z_err=0.040 margin=0.033 z_confident=1
[2026-07-21 01:49:39.544] [autoaim] [debug] [Outpost][OBS_ASSOC] seq=7025 state=2 dt=0.3215s world=(2.803,-0.131,-0.738) yaw=53.8deg rho=0.363 radial_res=+0.088 raw_ang=-110.8deg pred=(-101.1,18.9,138.9)deg err=(-9.7,-129.7,+110.3)deg chosen=0 changed=1 corrected=-110.8deg residual=+0.0deg z=(-0.665,-0.778,-0.624) seen=(1,1,1)
[2026-07-21 01:49:39.547] [autoaim] [debug] [Outpost][OBS_INPUT] seq=7231 candidates=1 confidence=0.990 image=(864.7,573.4) image_dist=121.5 camera=(0.170,0.064,2.704) gimbal=(2.834,-0.131,-0.747) world=(2.834,-0.131,-0.747) gimbal_ypr=(52.1,1.2,24.8)deg world_ypr=(52.1,1.2,24.8)deg
[2026-07-21 01:49:39.557] [autoaim] [debug] [Outpost][SELECT_PHASE] current_angle=-1.931 target_v_yaw=-2.513 normalized_omega=-2.513 prediction_dt=0.228 future_angle=-2.505 current_plate=0 selected_plate=2 candidate_phase=-4.599 candidate_z=-0.624
[2026-07-21 01:49:39.560] [autoaim] [debug] [Outpost][SELECT] mode=ROTATING selected=0 observed=0 changed=true fresh=true unseen=0.000s phase=0.0deg model_ok=true fire=false diff=28.4deg cmd=(1.33,-9.06)
[2026-07-21 01:49:39.583] [autoaim] [debug] [Outpost][OBS_ASSOC] seq=7031 state=2 dt=0.0084s world=(2.809,-0.116,-0.735) yaw=47.9deg rho=0.347 radial_res=+0.072 raw_ang=-110.7deg pred=(-118.2,1.8,121.8)deg err=(+7.5,-112.5,+127.5)deg chosen=0 changed=0 corrected=-110.7deg residual=+0.0deg z=(-0.665,-0.778,-0.624) seen=(1,1,1)
[2026-07-21 01:49:39.618] [autoaim] [debug] [Outpost][OBS_INPUT] seq=7241 candidates=1 confidence=0.986 image=(844.8,567.2) image_dist=100.7 camera=(0.135,0.053,2.609) gimbal=(2.744,-0.098,-0.710) world=(2.744,-0.098,-0.710) gimbal_ypr=(43.8,5.5,20.8)deg world_ypr=(43.8,5.5,20.8)deg
[2026-07-21 01:49:39.650] [autoaim] [debug] [Outpost][OBS_ASSOC] seq=7041 state=2 dt=0.0039s world=(2.719,-0.082,-0.699) yaw=39.4deg rho=0.360 radial_res=+0.085 raw_ang=-126.3deg pred=(-126.7,-6.7,113.3)deg err=(+0.4,-119.6,+120.4)deg chosen=0 changed=0 corrected=-126.3deg residual=+0.0deg z=(-0.665,-0.778,-0.624) seen=(1,1,1)
[2026-07-21 01:49:39.682] [autoaim] [debug] [Outpost][OBS_INPUT] seq=7251 candidates=1 confidence=0.987 image=(822.3,562.9) image_dist=78.2 camera=(0.103,0.047,2.618) gimbal=(2.754,-0.066,-0.707) world=(2.754,-0.066,-0.707) gimbal_ypr=(33.7,7.2,17.8)deg world_ypr=(33.7,7.2,17.8)deg
[2026-07-21 01:49:39.686] [autoaim] [debug] [Outpost][SELECT_PHASE] current_angle=-2.282 target_v_yaw=-2.513 normalized_omega=-2.513 prediction_dt=0.225 future_angle=-2.848 current_plate=0 selected_plate=0 candidate_phase=-2.848 candidate_z=-0.665
[2026-07-21 01:49:39.702] [autoaim] [debug] [Outpost][OBS_ASSOC] seq=7051 state=2 dt=0.0041s world=(2.705,-0.053,-0.690) yaw=33.3deg rho=0.346 radial_res=+0.071 raw_ang=-130.9deg pred=(-131.2,-11.2,108.8)deg err=(+0.4,-119.6,+120.4)deg chosen=0 changed=0 corrected=-130.9deg residual=+0.0deg z=(-0.665,-0.778,-0.624) seen=(1,1,1)
[2026-07-21 01:49:39.730] [autoaim] [debug] [Outpost][OBS_INPUT] seq=7261 candidates=1 confidence=0.999 image=(802.8,559.9) image_dist=59.5 camera=(0.074,0.041,2.560) gimbal=(2.699,-0.037,-0.686) world=(2.699,-0.037,-0.686) gimbal_ypr=(28.9,9.5,15.0)deg world_ypr=(28.9,9.5,15.0)deg
[2026-07-21 01:49:39.759] [autoaim] [debug] [Outpost][OBS_ASSOC] seq=7061 state=2 dt=0.0032s world=(2.724,-0.020,-0.690) yaw=22.8deg rho=0.309 radial_res=+0.034 raw_ang=-132.3deg pred=(-137.7,-17.7,102.3)deg err=(+5.4,-114.6,+125.4)deg chosen=0 changed=0 corrected=-132.3deg residual=+0.0deg z=(-0.665,-0.778,-0.624) seen=(1,1,1)
[2026-07-21 01:49:39.793] [autoaim] [debug] [Outpost][OBS_INPUT] seq=7271 candidates=1 confidence=1.000 image=(776.1,556.4) image_dist=36.0 camera=(0.036,0.037,2.574) gimbal=(2.714,0.001,-0.686) world=(2.714,0.001,-0.686) gimbal_ypr=(17.8,13.1,10.4)deg world_ypr=(17.8,13.1,10.4)deg
[2026-07-21 01:49:39.797] [autoaim] [debug] [Outpost][SELECT_PHASE] current_angle=-2.451 target_v_yaw=-2.513 normalized_omega=-2.513 prediction_dt=0.263 future_angle=-3.112 current_plate=0 selected_plate=0 candidate_phase=-3.112 candidate_z=-0.665
[2026-07-21 01:49:39.811] [autoaim] [debug] [Outpost][OBS_ASSOC] seq=7071 state=2 dt=0.0044s world=(2.709,0.014,-0.683) yaw=13.0deg rho=0.296 radial_res=+0.021 raw_ang=-138.8deg pred=(-142.8,-22.8,97.2)deg err=(+4.0,-116.0,+124.0)deg chosen=0 changed=0 corrected=-138.8deg residual=+0.0deg z=(-0.665,-0.778,-0.624) seen=(1,1,1)
[2026-07-21 01:49:39.845] [autoaim] [debug] [Outpost][OBS_INPUT] seq=7281 candidates=1 confidence=1.000 image=(751.4,554.4) image_dist=23.9 camera=(0.001,0.033,2.513) gimbal=(2.656,0.035,-0.665) world=(2.656,0.035,-0.665) gimbal_ypr=(15.1,17.3,8.2)deg world_ypr=(15.1,17.3,8.2)deg
[2026-07-21 01:49:39.875] [autoaim] [debug] [Outpost][OBS_ASSOC] seq=7081 state=2 dt=0.0043s world=(2.657,0.057,-0.665) yaw=175.6deg rho=0.314 radial_res=+0.039 raw_ang=-151.2deg pred=(-151.0,-31.0,89.0)deg err=(-0.1,-120.1,+119.9)deg chosen=0 changed=0 corrected=-151.2deg residual=+0.0deg z=(-0.665,-0.778,-0.624) seen=(1,1,1)
[2026-07-21 01:49:39.907] [autoaim] [debug] [Outpost][OBS_INPUT] seq=7291 candidates=1 confidence=0.999 image=(719.5,553.1) image_dist=38.8 camera=(-0.043,0.031,2.480) gimbal=(2.623,0.079,-0.654) world=(2.623,0.079,-0.654) gimbal_ypr=(175.3,174.6,-179.2)deg world_ypr=(175.3,174.6,-179.2)deg
[2026-07-21 01:49:39.911] [autoaim] [debug] [Outpost][SELECT_PHASE] current_angle=-2.741 target_v_yaw=-2.513 normalized_omega=-2.513 prediction_dt=0.257 future_angle=-3.387 current_plate=0 selected_plate=0 candidate_phase=-3.387 candidate_z=-0.665
[2026-07-21 01:49:39.935] [autoaim] [debug] [Outpost][OBS_ASSOC] seq=7091 state=2 dt=0.0027s world=(2.625,0.098,-0.654) yaw=0.4deg rho=0.326 radial_res=+0.051 raw_ang=-160.2deg pred=(-159.8,-39.8,80.2)deg err=(-0.3,-120.3,+119.7)deg chosen=0 changed=0 corrected=-160.2deg residual=+0.0deg z=(-0.665,-0.778,-0.624) seen=(1,1,1)
[2026-07-21 01:49:39.966] [autoaim] [debug] [Outpost][OBS_INPUT] seq=7301 candidates=1 confidence=0.999 image=(691.0,552.3) image_dist=63.9 camera=(-0.082,0.030,2.489) gimbal=(2.632,0.118,-0.656) world=(2.632,0.118,-0.656) gimbal_ypr=(179.5,173.9,-179.8)deg world_ypr=(179.5,173.9,-179.8)deg
[2026-07-21 01:49:39.979] [autoaim] [debug] [Outpost][GEOM_OK] state=2 rho=0.319 res=+0.044 yaw_radial=170.0deg model_center=(2.932,0.209) center_minus=(2.349,0.107) center_plus=(2.897,0.151)
[2026-07-21 01:49:39.983] [autoaim] [debug] [Outpost][OBS_ASSOC] seq=7101 state=2 dt=0.0042s world=(2.624,0.132,-0.653) yaw=3.1deg rho=0.318 radial_res=+0.043 raw_ang=-165.9deg pred=(-166.0,-46.0,74.0)deg err=(+0.1,-119.9,+120.1)deg chosen=0 changed=0 corrected=-165.9deg residual=+0.0deg z=(-0.665,-0.778,-0.624) seen=(1,1,1)
[2026-07-21 01:49:40.019] [autoaim] [debug] [Outpost][OBS_INPUT] seq=7311 candidates=1 confidence=0.995 image=(662.3,552.5) image_dist=91.4 camera=(-0.121,0.030,2.501) gimbal=(2.642,0.157,-0.659) world=(2.642,0.157,-0.659) gimbal_ypr=(7.6,3.4,1.0)deg world_ypr=(7.6,3.4,1.0)deg
[2026-07-21 01:49:40.023] [autoaim] [debug] [Outpost][SELECT_PHASE] current_angle=-2.967 target_v_yaw=-2.513 normalized_omega=-2.513 prediction_dt=0.252 future_angle=-3.600 current_plate=0 selected_plate=0 candidate_phase=-3.600 candidate_z=-0.665
[2026-07-21 01:49:40.052] [autoaim] [debug] [Outpost][OBS_ASSOC] seq=7111 state=2 dt=0.0041s world=(2.678,0.183,-0.670) yaw=176.2deg rho=0.255 radial_res=-0.020 raw_ang=-174.2deg pred=(-174.2,-54.2,65.8)deg err=(+0.0,-120.0,+120.0)deg chosen=0 changed=0 corrected=-174.2deg residual=+0.0deg z=(-0.665,-0.778,-0.624) seen=(1,1,1)
[2026-07-21 01:49:40.056] [autoaim] [debug] [Outpost][SELECT] mode=ROTATING selected=0 observed=0 changed=false fresh=true unseen=0.000s phase=0.0deg model_ok=true fire=false diff=-34.6deg cmd=(7.59,-8.97)
[2026-07-21 01:49:40.149] [autoaim] [debug] [Outpost][SELECT_PHASE] current_angle=2.998 target_v_yaw=-2.513 normalized_omega=-2.513 prediction_dt=0.245 future_angle=2.384 current_plate=0 selected_plate=0 candidate_phase=2.384 candidate_z=-0.665
[2026-07-21 01:49:40.264] [autoaim] [debug] [Outpost][SELECT_PHASE] current_angle=2.709 target_v_yaw=-2.513 normalized_omega=-2.513 prediction_dt=0.238 future_angle=2.110 current_plate=0 selected_plate=0 candidate_phase=2.110 candidate_z=-0.665
[2026-07-21 01:49:40.371] [autoaim] [debug] [Outpost][SELECT_PHASE] current_angle=2.440 target_v_yaw=-2.513 normalized_omega=-2.513 prediction_dt=0.234 future_angle=1.853 current_plate=0 selected_plate=0 candidate_phase=1.853 candidate_z=-0.665
[2026-07-21 01:49:40.417] [autoaim] [debug] [Outpost][SELECT] mode=ROTATING selected=1 observed=0 changed=true fresh=false unseen=0.357s phase=0.0deg model_ok=false fire=false diff=35.7deg cmd=(0.71,-11.22)
[2026-07-21 01:49:40.439] [autoaim] [debug] [Outpost][IMU] raw_deg=(0.00,0.00,0.00) solver_rad=(0.0000,-0.0000,0.0000)
[2026-07-21 01:49:40.453] [autoaim] [debug] [Outpost][SWITCH_COMMIT] t=30725.375 from=0 phase_best=1 height_plate=1 tracked_err=+125.1deg new_phase_err=+5.1deg jump=68.5deg z=-0.875 z_err=0.097 margin=0.113 z_confident=0
[2026-07-21 01:49:40.453] [autoaim] [debug] [Outpost][OBS_ASSOC] seq=7114 state=2 dt=0.3935s world=(2.834,-0.114,-0.875) yaw=42.9deg rho=0.337 radial_res=+0.062 raw_ang=-106.8deg pred=(128.1,-111.9,8.1)deg err=(+125.1,+5.1,-114.9)deg chosen=1 changed=1 corrected=-106.8deg residual=+0.0deg z=(-0.665,-0.778,-0.624) seen=(1,1,1)
[2026-07-21 01:49:40.472] [autoaim] [debug] [Outpost][OBS_INPUT] seq=7321 candidates=1 confidence=0.996 image=(845.1,653.5) image_dist=154.9 camera=(0.143,0.185,2.742) gimbal=(2.837,-0.104,-0.874) world=(2.837,-0.104,-0.874) gimbal_ypr=(40.0,9.1,21.1)deg world_ypr=(40.0,9.1,21.1)deg
[2026-07-21 01:49:40.477] [autoaim] [debug] [Outpost][SELECT_PHASE] current_angle=2.294 target_v_yaw=-2.513 normalized_omega=-2.513 prediction_dt=0.231 future_angle=1.712 current_plate=1 selected_plate=1 candidate_phase=3.806 candidate_z=-0.778
[2026-07-21 01:49:40.494] [autoaim] [debug] [Outpost][OBS_ASSOC] seq=7121 state=2 dt=0.0043s world=(2.751,-0.090,-0.841) yaw=38.5deg rho=0.350 radial_res=+0.075 raw_ang=-121.2deg pred=(129.3,-110.7,9.3)deg err=(+109.5,-10.5,-130.5)deg chosen=1 changed=0 corrected=-121.2deg residual=+0.0deg z=(-0.665,-0.778,-0.624) seen=(1,1,1)
[2026-07-21 01:49:40.521] [autoaim] [debug] [Outpost][OBS_INPUT] seq=7331 candidates=1 confidence=0.999 image=(827.7,650.4) image_dist=142.3 camera=(0.113,0.175,2.650) gimbal=(2.750,-0.075,-0.839) world=(2.750,-0.075,-0.839) gimbal_ypr=(33.6,8.5,17.8)deg world_ypr=(33.6,8.5,17.8)deg
[2026-07-21 01:49:40.553] [autoaim] [debug] [Outpost][OBS_ASSOC] seq=7131 state=2 dt=0.0039s world=(2.737,-0.056,-0.831) yaw=28.4deg rho=0.329 radial_res=+0.054 raw_ang=-126.3deg pred=(113.8,-126.2,-6.2)deg err=(+119.8,-0.2,-120.2)deg chosen=1 changed=0 corrected=-126.3deg residual=+0.0deg z=(-0.665,-0.778,-0.624) seen=(1,1,1)
[2026-07-21 01:49:40.581] [autoaim] [debug] [Outpost][OBS_INPUT] seq=7341 candidates=1 confidence=1.000 image=(802.6,647.1) image_dist=127.6 camera=(0.073,0.164,2.563) gimbal=(2.669,-0.037,-0.805) world=(2.669,-0.037,-0.805) gimbal_ypr=(26.8,9.9,14.5)deg world_ypr=(26.8,9.9,14.5)deg
[2026-07-21 01:49:40.585] [autoaim] [debug] [Outpost][SELECT_PHASE] current_angle=1.841 target_v_yaw=-2.513 normalized_omega=-2.513 prediction_dt=0.228 future_angle=1.269 current_plate=1 selected_plate=1 candidate_phase=3.363 candidate_z=-0.778
[2026-07-21 01:49:40.614] [autoaim] [debug] [Outpost][OBS_ASSOC] seq=7141 state=2 dt=0.0120s world=(2.667,-0.019,-0.802) yaw=22.1deg rho=0.350 radial_res=+0.075 raw_ang=-139.3deg pred=(108.9,-131.1,-11.1)deg err=(+111.8,-8.2,-128.2)deg chosen=1 changed=0 corrected=-139.3deg residual=+0.0deg z=(-0.665,-0.778,-0.624) seen=(1,1,1)
[2026-07-21 01:49:40.617] [autoaim] [debug] [Outpost][SELECT] mode=ROTATING selected=1 observed=1 changed=false fresh=true unseen=0.000s phase=0.0deg model_ok=true fire=false diff=7.7deg cmd=(3.39,-11.61)
[2026-07-21 01:49:40.630] [autoaim] [debug] [Outpost][OBS_INPUT] seq=7351 candidates=1 confidence=1.000 image=(780.4,644.8) image_dist=118.0 camera=(0.042,0.161,2.563) gimbal=(2.670,-0.006,-0.802) world=(2.670,-0.006,-0.802) gimbal_ypr=(17.8,10.2,10.6)deg world_ypr=(17.8,10.2,10.6)deg
[2026-07-21 01:49:40.658] [autoaim] [debug] [Outpost][OBS_ASSOC] seq=7151 state=2 dt=0.0040s world=(2.642,0.014,-0.791) yaw=13.6deg rho=0.349 radial_res=+0.074 raw_ang=-146.0deg pred=(98.4,-141.6,-21.6)deg err=(+115.6,-4.4,-124.4)deg chosen=1 changed=0 corrected=-146.0deg residual=+0.0deg z=(-0.665,-0.778,-0.624) seen=(1,1,1)
[2026-07-21 01:49:40.689] [autoaim] [debug] [Outpost][OBS_INPUT] seq=7361 candidates=1 confidence=0.999 image=(750.5,642.8) image_dist=112.3 camera=(-0.001,0.157,2.537) gimbal=(2.645,0.037,-0.791) world=(2.645,0.037,-0.791) gimbal_ypr=(1.3,8.0,3.8)deg world_ypr=(1.3,8.0,3.8)deg
[2026-07-21 01:49:40.694] [autoaim] [debug] [Outpost][SELECT_PHASE] current_angle=1.565 target_v_yaw=-2.513 normalized_omega=-2.513 prediction_dt=0.256 future_angle=0.920 current_plate=1 selected_plate=1 candidate_phase=3.015 candidate_z=-0.778
[2026-07-21 01:49:40.723] [autoaim] [debug] [Outpost][OBS_ASSOC] seq=7161 state=2 dt=0.0043s world=(2.584,0.058,-0.768) yaw=7.8deg rho=0.379 radial_res=+0.104 raw_ang=-156.6deg pred=(83.8,-156.2,-36.2)deg err=(+119.6,-0.4,-120.4)deg chosen=1 changed=0 corrected=-156.6deg residual=+0.0deg z=(-0.665,-0.778,-0.624) seen=(1,1,1)
[2026-07-21 01:49:40.755] [autoaim] [debug] [Outpost][OBS_INPUT] seq=7371 candidates=1 confidence=0.999 image=(718.9,641.3) image_dist=115.4 camera=(-0.043,0.149,2.455) gimbal=(2.567,0.078,-0.761) world=(2.567,0.078,-0.761) gimbal_ypr=(6.3,2.6,4.0)deg world_ypr=(6.3,2.6,4.0)deg
[2026-07-21 01:49:40.770] [autoaim] [debug] [Outpost][OBS_ASSOC] seq=7171 state=2 dt=0.0040s world=(2.562,0.092,-0.759) yaw=6.9deg rho=0.388 radial_res=+0.113 raw_ang=-162.5deg pred=(77.1,-162.9,-42.9)deg err=(+120.3,+0.3,-119.7)deg chosen=1 changed=0 corrected=-162.5deg residual=+0.0deg z=(-0.665,-0.778,-0.624) seen=(1,1,1)
[2026-07-21 01:49:40.798] [autoaim] [debug] [Outpost][OBS_INPUT] seq=7381 candidates=1 confidence=0.999 image=(693.2,640.8) image_dist=124.6 camera=(-0.078,0.148,2.438) gimbal=(2.551,0.112,-0.755) world=(2.551,0.112,-0.755) gimbal_ypr=(6.7,37.3,2.9)deg world_ypr=(6.7,37.3,2.9)deg
[2026-07-21 01:49:40.802] [autoaim] [debug] [Outpost][SELECT_PHASE] current_angle=1.289 target_v_yaw=-2.513 normalized_omega=-2.513 prediction_dt=0.248 future_angle=0.665 current_plate=1 selected_plate=1 candidate_phase=2.759 candidate_z=-0.778
[2026-07-21 01:49:40.828] [autoaim] [debug] [Outpost][OBS_ASSOC] seq=7181 state=2 dt=0.0041s world=(2.577,0.134,-0.764) yaw=5.0deg rho=0.363 radial_res=+0.088 raw_ang=-168.1deg pred=(71.8,-168.2,-48.2)deg err=(+120.1,+0.1,-119.9)deg chosen=1 changed=0 corrected=-168.1deg residual=+0.0deg z=(-0.665,-0.778,-0.624) seen=(1,1,1)
[2026-07-21 01:49:40.846] [autoaim] [debug] [Outpost][OBS_INPUT] seq=7391 candidates=1 confidence=0.996 image=(667.6,640.8) image_dist=138.3 camera=(-0.112,0.149,2.454) gimbal=(2.566,0.147,-0.761) world=(2.566,0.147,-0.761) gimbal_ypr=(4.1,2.2,0.8)deg world_ypr=(4.1,2.2,0.8)deg
[2026-07-21 01:49:40.880] [autoaim] [debug] [Outpost][OBS_ASSOC] seq=7191 state=2 dt=0.0040s world=(2.619,0.174,-0.780) yaw=2.3deg rho=0.315 radial_res=+0.040 raw_ang=-173.6deg pred=(66.2,-173.8,-53.8)deg err=(+120.2,+0.2,-119.8)deg chosen=1 changed=0 corrected=-173.6deg residual=+0.0deg z=(-0.665,-0.778,-0.624) seen=(1,1,1)
[2026-07-21 01:49:40.933] [autoaim] [debug] [Outpost][SELECT_PHASE] current_angle=1.034 target_v_yaw=-2.513 normalized_omega=-2.513 prediction_dt=0.244 future_angle=0.420 current_plate=1 selected_plate=1 candidate_phase=2.514 candidate_z=-0.778
[2026-07-21 01:49:41.036] [autoaim] [debug] [Outpost][SELECT_PHASE] current_angle=0.771 target_v_yaw=-2.513 normalized_omega=-2.513 prediction_dt=0.238 future_angle=0.172 current_plate=1 selected_plate=1 candidate_phase=2.266 candidate_z=-0.778
[2026-07-21 01:49:41.176] [autoaim] [debug] [Outpost][SELECT_PHASE] current_angle=0.426 target_v_yaw=-2.513 normalized_omega=-2.513 prediction_dt=0.231 future_angle=-0.156 current_plate=1 selected_plate=1 candidate_phase=1.938 candidate_z=-0.778
[2026-07-21 01:49:41.231] [autoaim] [debug] [Outpost][SELECT] mode=ROTATING selected=1 observed=1 changed=false fresh=false unseen=0.328s phase=0.0deg model_ok=false fire=false diff=-81.3deg cmd=(9.75,-9.81)
[2026-07-21 01:49:41.265] [autoaim] [debug] [Outpost][SWITCH_COMMIT] t=30726.187 from=1 phase_best=2 height_plate=0 tracked_err=+157.2deg new_phase_err=+37.2deg jump=105.1deg z=-0.686 z_err=0.021 margin=0.041 z_confident=1
[2026-07-21 01:49:41.265] [autoaim] [debug] [Outpost][OBS_ASSOC] seq=7195 state=2 dt=0.3616s world=(3.041,-0.121,-0.686) yaw=43.0deg rho=0.347 radial_res=+0.072 raw_ang=-71.7deg pred=(11.0,131.0,-109.0)deg err=(-82.8,+157.2,+37.2)deg chosen=2 changed=1 corrected=-71.7deg residual=+0.0deg z=(-0.665,-0.778,-0.624) seen=(1,1,1)
[2026-07-21 01:49:41.272] [autoaim] [debug] [Outpost][OBS_INPUT] seq=7401 candidates=1 confidence=0.989 image=(850.9,497.0) image_dist=105.3 camera=(0.161,-0.053,2.912) gimbal=(3.065,-0.118,-0.691) world=(3.065,-0.118,-0.691) gimbal_ypr=(41.7,6.6,21.8)deg world_ypr=(41.7,6.6,21.8)deg
[2026-07-21 01:49:41.308] [autoaim] [debug] [Outpost][GEOM_OK] state=2 rho=0.309 res=+0.034 yaw_radial=141.5deg model_center=(2.932,0.209) center_minus=(2.664,-0.273) center_plus=(3.082,0.084)
[2026-07-21 01:49:41.314] [autoaim] [debug] [Outpost][OBS_ASSOC] seq=7201 state=2 dt=0.0041s world=(2.933,-0.094,-0.651) yaw=38.4deg rho=0.303 radial_res=+0.028 raw_ang=-89.7deg pred=(18.4,138.4,-101.6)deg err=(-108.1,+131.9,+11.9)deg chosen=2 changed=0 corrected=-89.7deg residual=+0.0deg z=(-0.665,-0.778,-0.624) seen=(1,1,1)
[2026-07-21 01:49:41.336] [autoaim] [debug] [Outpost][SELECT_PHASE] current_angle=0.373 target_v_yaw=-2.513 normalized_omega=-2.513 prediction_dt=0.231 future_angle=-0.206 current_plate=2 selected_plate=1 candidate_phase=1.888 candidate_z=-0.778
[2026-07-21 01:49:41.345] [autoaim] [debug] [Outpost][SELECT] mode=ROTATING selected=2 observed=2 changed=true fresh=true unseen=0.000s phase=0.0deg model_ok=true fire=false diff=30.9deg cmd=(1.11,-7.95)
[2026-07-21 01:49:41.348] [autoaim] [debug] [Outpost][OBS_INPUT] seq=7411 candidates=1 confidence=0.987 image=(826.3,490.7) image_dist=85.0 camera=(0.113,-0.059,2.722) gimbal=(2.883,-0.074,-0.633) world=(2.883,-0.074,-0.633) gimbal_ypr=(33.8,9.8,17.4)deg world_ypr=(33.8,9.8,17.4)deg
[2026-07-21 01:49:41.380] [autoaim] [debug] [Outpost][OBS_ASSOC] seq=7211 state=2 dt=0.0040s world=(2.878,-0.056,-0.628) yaw=28.8deg rho=0.270 radial_res=-0.005 raw_ang=-101.4deg pred=(9.7,129.7,-110.3)deg err=(-111.1,+128.9,+8.9)deg chosen=2 changed=0 corrected=-101.4deg residual=+0.0deg z=(-0.665,-0.778,-0.624) seen=(1,1,1)
[2026-07-21 01:49:41.412] [autoaim] [debug] [Outpost][OBS_INPUT] seq=7421 candidates=1 confidence=0.999 image=(801.4,486.0) image_dist=67.2 camera=(0.073,-0.063,2.621) gimbal=(2.786,-0.035,-0.602) world=(2.786,-0.035,-0.602) gimbal_ypr=(26.5,12.0,13.4)deg world_ypr=(26.5,12.0,13.4)deg
[2026-07-21 01:49:41.444] [autoaim] [debug] [Outpost][OBS_ASSOC] seq=7221 state=2 dt=0.0039s world=(2.817,-0.014,-0.606) yaw=160.3deg rho=0.251 radial_res=-0.024 raw_ang=-117.3deg pred=(0.0,120.0,-120.0)deg err=(-117.4,+122.6,+2.6)deg chosen=2 changed=0 corrected=-117.3deg residual=+0.0deg z=(-0.665,-0.778,-0.624) seen=(1,1,1)
[2026-07-21 01:49:41.454] [autoaim] [debug] [Outpost][SELECT_PHASE] current_angle=0.030 target_v_yaw=-2.513 normalized_omega=-2.513 prediction_dt=0.226 future_angle=-0.537 current_plate=2 selected_plate=2 candidate_phase=-2.632 candidate_z=-0.624
[2026-07-21 01:49:41.481] [autoaim] [debug] [Outpost][OBS_INPUT] seq=7431 candidates=1 confidence=0.992 image=(771.1,482.3) image_dist=52.2 camera=(0.029,-0.069,2.614) gimbal=(2.780,0.009,-0.594) world=(2.780,0.009,-0.594) gimbal_ypr=(166.4,169.6,-178.3)deg world_ypr=(166.4,169.6,-178.3)deg
[2026-07-21 01:49:41.515] [autoaim] [debug] [Outpost][OBS_ASSOC] seq=7231 state=2 dt=0.0057s world=(2.747,0.031,-0.584) yaw=172.9deg rho=0.257 radial_res=-0.018 raw_ang=-136.2deg pred=(-14.3,105.7,-134.3)deg err=(-121.9,+118.1,-1.9)deg chosen=2 changed=0 corrected=-136.2deg residual=+0.0deg z=(-0.665,-0.778,-0.624) seen=(1,1,1)
[2026-07-21 01:49:41.544] [autoaim] [debug] [Outpost][OBS_INPUT] seq=7441 candidates=1 confidence=0.995 image=(741.5,479.9) image_dist=51.5 camera=(-0.013,-0.071,2.538) gimbal=(2.707,0.050,-0.572) world=(2.707,0.050,-0.572) gimbal_ypr=(11.0,29.4,6.0)deg world_ypr=(11.0,29.4,6.0)deg
[2026-07-21 01:49:41.561] [autoaim] [debug] [Outpost][OBS_ASSOC] seq=7241 state=2 dt=0.0041s world=(2.693,0.064,-0.568) yaw=177.6deg rho=0.279 radial_res=+0.004 raw_ang=-148.8deg pred=(-27.8,92.2,-147.8)deg err=(-121.0,+119.0,-1.0)deg chosen=2 changed=0 corrected=-148.8deg residual=+0.0deg z=(-0.665,-0.778,-0.624) seen=(1,1,1)
[2026-07-21 01:49:41.581] [autoaim] [debug] [Outpost][SELECT_PHASE] current_angle=-0.555 target_v_yaw=-2.513 normalized_omega=-2.513 prediction_dt=0.257 future_angle=-1.200 current_plate=2 selected_plate=2 candidate_phase=-3.294 candidate_z=-0.624
[2026-07-21 01:49:41.593] [autoaim] [debug] [Outpost][OBS_INPUT] seq=7451 candidates=1 confidence=0.996 image=(714.8,478.6) image_dist=63.3 camera=(-0.050,-0.071,2.506) gimbal=(2.676,0.087,-0.563) world=(2.676,0.087,-0.563) gimbal_ypr=(0.9,-1.7,1.8)deg world_ypr=(0.9,-1.7,1.8)deg
[2026-07-21 01:49:41.630] [autoaim] [debug] [Outpost][OBS_ASSOC] seq=7251 state=2 dt=0.0024s world=(2.676,0.112,-0.562) yaw=3.8deg rho=0.274 radial_res=-0.001 raw_ang=-159.2deg pred=(-39.1,80.9,-159.1)deg err=(-120.1,+119.9,-0.1)deg chosen=2 changed=0 corrected=-159.2deg residual=+0.0deg z=(-0.665,-0.778,-0.624) seen=(1,1,1)
[2026-07-21 01:49:41.660] [autoaim] [debug] [Outpost][IMU] raw_deg=(0.00,0.00,0.00) solver_rad=(0.0000,-0.0000,0.0000)
[2026-07-21 01:49:41.662] [autoaim] [debug] [Outpost][OBS_INPUT] seq=7461 candidates=1 confidence=0.936 image=(679.6,478.2) image_dist=88.5 camera=(-0.099,-0.072,2.517) gimbal=(2.687,0.136,-0.565) world=(2.687,0.136,-0.565) gimbal_ypr=(0.4,29.0,-0.7)deg world_ypr=(0.4,29.0,-0.7)deg
[2026-07-21 01:49:41.723] [autoaim] [debug] [Outpost][OBS_ASSOC] seq=7261 state=2 dt=0.0040s world=(2.748,0.182,-0.582) yaw=1.4deg rho=0.186 radial_res=-0.089 raw_ang=-171.6deg pred=(-51.5,68.5,-171.5)deg err=(-120.1,+119.9,-0.1)deg chosen=2 changed=0 corrected=-171.6deg residual=+0.0deg z=(-0.665,-0.778,-0.624) seen=(1,1,1)
[2026-07-21 01:49:41.730] [autoaim] [debug] [Outpost][SELECT_PHASE] current_angle=-0.925 target_v_yaw=-2.513 normalized_omega=-2.513 prediction_dt=0.248 future_angle=-1.549 current_plate=2 selected_plate=2 candidate_phase=-3.644 candidate_z=-0.624
[2026-07-21 01:49:41.870] [autoaim] [debug] [Outpost][SELECT_PHASE] current_angle=-1.282 target_v_yaw=-2.513 normalized_omega=-2.513 prediction_dt=0.240 future_angle=-1.885 current_plate=2 selected_plate=2 candidate_phase=-3.979 candidate_z=-0.624
[2026-07-21 01:49:41.914] [autoaim] [debug] [Outpost][SELECT] mode=ROTATING selected=2 observed=2 changed=false fresh=false unseen=0.181s phase=0.0deg model_ok=false fire=false diff=-58.2deg cmd=(9.16,-7.34)
[2026-07-21 01:49:41.986] [autoaim] [debug] [Outpost][SELECT_PHASE] current_angle=-1.574 target_v_yaw=-2.513 normalized_omega=-2.513 prediction_dt=0.234 future_angle=-2.162 current_plate=2 selected_plate=2 candidate_phase=-4.256 candidate_z=-0.624
[2026-07-21 01:49:42.043] [autoaim] [debug] [Outpost][SWITCH_COMMIT] t=30726.965 from=2 phase_best=0 height_plate=1 tracked_err=+118.7deg new_phase_err=-1.3deg jump=74.2deg z=-0.761 z_err=0.017 margin=0.079 z_confident=1
[2026-07-21 01:49:42.044] [autoaim] [debug] [Outpost][OBS_ASSOC] seq=7265 state=2 dt=0.3092s world=(2.873,-0.140,-0.761) yaw=55.2deg rho=0.354 radial_res=+0.079 raw_ang=-99.6deg pred=(-98.3,21.7,141.7)deg err=(-1.3,-121.3,+118.7)deg chosen=0 changed=1 corrected=-99.6deg residual=+0.0deg z=(-0.665,-0.778,-0.624) seen=(1,1,1)
[2026-07-21 01:49:42.051] [autoaim] [debug] [Outpost][OBS_INPUT] seq=7471 candidates=1 confidence=0.997 image=(867.4,574.2) image_dist=124.3 camera=(0.174,0.065,2.706) gimbal=(2.835,-0.135,-0.748) world=(2.835,-0.135,-0.748) gimbal_ypr=(54.7,2.5,25.7)deg world_ypr=(54.7,2.5,25.7)deg
[2026-07-21 01:49:42.073] [autoaim] [debug] [Outpost][SELECT] mode=ROTATING selected=0 observed=0 changed=true fresh=true unseen=0.000s phase=0.0deg model_ok=true fire=false diff=28.7deg cmd=(1.31,-9.05)
[2026-07-21 01:49:42.083] [autoaim] [debug] [Outpost][OBS_ASSOC] seq=7271 state=2 dt=0.0040s world=(2.808,-0.122,-0.735) yaw=50.2deg rho=0.353 radial_res=+0.078 raw_ang=-110.6deg pred=(-116.7,3.3,123.3)deg err=(+6.1,-113.9,+126.1)deg chosen=0 changed=0 corrected=-110.6deg residual=+0.0deg z=(-0.665,-0.778,-0.624) seen=(1,1,1)
[2026-07-21 01:49:42.117] [autoaim] [debug] [Outpost][SELECT_PHASE] current_angle=-2.007 target_v_yaw=-2.513 normalized_omega=-2.513 prediction_dt=0.227 future_angle=-2.579 current_plate=0 selected_plate=0 candidate_phase=-2.579 candidate_z=-0.665
[2026-07-21 01:49:42.119] [autoaim] [debug] [Outpost][OBS_INPUT] seq=7481 candidates=1 confidence=0.995 image=(849.5,568.6) image_dist=105.6 camera=(0.145,0.056,2.673) gimbal=(2.805,-0.107,-0.731) world=(2.805,-0.107,-0.731) gimbal_ypr=(45.2,5.7,22.0)deg world_ypr=(45.2,5.7,22.0)deg
[2026-07-21 01:49:42.155] [autoaim] [debug] [Outpost][OBS_ASSOC] seq=7281 state=2 dt=0.0045s world=(2.718,-0.088,-0.700) yaw=41.2deg rho=0.366 radial_res=+0.091 raw_ang=-125.8deg pred=(-125.3,-5.3,114.7)deg err=(-0.5,-120.5,+119.5)deg chosen=0 changed=0 corrected=-125.8deg residual=+0.0deg z=(-0.665,-0.778,-0.624) seen=(1,1,1)
[2026-07-21 01:49:42.187] [autoaim] [debug] [Outpost][OBS_INPUT] seq=7491 candidates=1 confidence=0.997 image=(827.2,563.5) image_dist=83.0 camera=(0.110,0.047,2.596) gimbal=(2.733,-0.072,-0.701) world=(2.733,-0.072,-0.701) gimbal_ypr=(36.5,6.4,18.5)deg world_ypr=(36.5,6.4,18.5)deg
[2026-07-21 01:49:42.219] [autoaim] [debug] [Outpost][OBS_ASSOC] seq=7291 state=2 dt=0.0040s world=(2.722,-0.055,-0.695) yaw=32.7deg rho=0.337 radial_res=+0.062 raw_ang=-128.5deg pred=(-131.8,-11.8,108.2)deg err=(+3.3,-116.7,+123.3)deg chosen=0 changed=0 corrected=-128.5deg residual=+0.0deg z=(-0.665,-0.778,-0.624) seen=(1,1,1)
[2026-07-21 01:49:42.260] [autoaim] [debug] [Outpost][SELECT_PHASE] current_angle=-2.312 target_v_yaw=-2.513 normalized_omega=-2.513 prediction_dt=0.225 future_angle=-2.878 current_plate=0 selected_plate=0 candidate_phase=-2.878 candidate_z=-0.665
[2026-07-21 01:49:42.263] [autoaim] [debug] [Outpost][OBS_INPUT] seq=7501 candidates=1 confidence=1.000 image=(797.3,559.0) image_dist=54.3 camera=(0.065,0.040,2.537) gimbal=(2.677,-0.029,-0.678) world=(2.677,-0.029,-0.678) gimbal_ypr=(28.3,11.3,14.4)deg world_ypr=(28.3,11.3,14.4)deg
[2026-07-21 01:49:42.287] [autoaim] [debug] [Outpost][GEOM_OK] state=2 rho=0.327 res=+0.052 yaw_radial=159.6deg model_center=(2.932,0.209) center_minus=(2.439,-0.120) center_plus=(2.947,0.091)
[2026-07-21 01:49:42.292] [autoaim] [debug] [Outpost][OBS_ASSOC] seq=7301 state=2 dt=0.0041s world=(2.677,-0.012,-0.676) yaw=23.0deg rho=0.337 radial_res=+0.062 raw_ang=-139.2deg pred=(-137.6,-17.6,102.4)deg err=(-1.6,-121.6,+118.4)deg chosen=0 changed=0 corrected=-139.2deg residual=+0.0deg z=(-0.665,-0.778,-0.624) seen=(1,1,1)
[2026-07-21 01:49:42.323] [autoaim] [debug] [Outpost][OBS_INPUT] seq=7511 candidates=1 confidence=0.998 image=(772.0,556.0) image_dist=33.1 camera=(0.030,0.036,2.547) gimbal=(2.687,0.007,-0.677) world=(2.687,0.007,-0.677) gimbal_ypr=(19.3,16.2,10.4)deg world_ypr=(19.3,16.2,10.4)deg
[2026-07-21 01:49:42.356] [autoaim] [debug] [Outpost][OBS_ASSOC] seq=7311 state=2 dt=0.0153s world=(2.680,0.028,-0.673) yaw=13.4deg rho=0.310 radial_res=+0.035 raw_ang=-144.4deg pred=(-140.7,-20.7,99.3)deg err=(-3.8,-123.8,+116.2)deg chosen=0 changed=0 corrected=-144.4deg residual=+0.0deg z=(-0.665,-0.778,-0.624) seen=(1,1,1)
[2026-07-21 01:49:42.372] [autoaim] [debug] [Outpost][SELECT_PHASE] current_angle=-2.547 target_v_yaw=-2.513 normalized_omega=-2.513 prediction_dt=0.261 future_angle=-3.203 current_plate=0 selected_plate=0 candidate_phase=-3.203 candidate_z=-0.665
[2026-07-21 01:49:42.390] [autoaim] [debug] [Outpost][OBS_INPUT] seq=7521 candidates=1 confidence=0.997 image=(738.6,553.6) image_dist=26.3 camera=(-0.018,0.032,2.508) gimbal=(2.650,0.054,-0.663) world=(2.650,0.054,-0.663) gimbal_ypr=(171.9,175.0,-179.3)deg world_ypr=(171.9,175.0,-179.3)deg
[2026-07-21 01:49:42.408] [autoaim] [debug] [Outpost][OBS_ASSOC] seq=7321 state=2 dt=0.0041s world=(2.654,0.067,-0.663) yaw=0.2deg rho=0.312 radial_res=+0.037 raw_ang=-153.0deg pred=(-154.8,-34.8,85.2)deg err=(+1.8,-118.2,+121.8)deg chosen=0 changed=0 corrected=-153.0deg residual=+0.0deg z=(-0.665,-0.778,-0.624) seen=(1,1,1)
[2026-07-21 01:49:42.436] [autoaim] [debug] [Outpost][OBS_INPUT] seq=7531 candidates=1 confidence=0.996 image=(714.1,552.5) image_dist=43.0 camera=(-0.050,0.030,2.471) gimbal=(2.615,0.086,-0.651) world=(2.615,0.086,-0.651) gimbal_ypr=(11.1,31.7,5.1)deg world_ypr=(11.1,31.7,5.1)deg
[2026-07-21 01:49:42.470] [autoaim] [debug] [Outpost][OBS_ASSOC] seq=7331 state=2 dt=0.0039s world=(2.608,0.108,-0.649) yaw=179.4deg rho=0.339 radial_res=+0.064 raw_ang=-162.7deg pred=(-162.5,-42.5,77.5)deg err=(-0.2,-120.2,+119.8)deg chosen=0 changed=0 corrected=-162.7deg residual=+0.0deg z=(-0.665,-0.778,-0.624) seen=(1,1,1)
[2026-07-21 01:49:42.500] [autoaim] [debug] [Outpost][SELECT_PHASE] current_angle=-2.878 target_v_yaw=-2.513 normalized_omega=-2.513 prediction_dt=0.254 future_angle=-3.516 current_plate=0 selected_plate=0 candidate_phase=-3.516 candidate_z=-0.665
[2026-07-21 01:49:42.502] [autoaim] [debug] [Outpost][OBS_INPUT] seq=7541 candidates=1 confidence=0.999 image=(681.1,551.9) image_dist=73.2 camera=(-0.096,0.030,2.493) gimbal=(2.636,0.132,-0.657) world=(2.636,0.132,-0.657) gimbal_ypr=(3.1,6.6,0.6)deg world_ypr=(3.1,6.6,0.6)deg
[2026-07-21 01:49:42.534] [autoaim] [debug] [Outpost][OBS_ASSOC] seq=7341 state=2 dt=0.0040s world=(2.643,0.155,-0.659) yaw=179.5deg rho=0.294 radial_res=+0.019 raw_ang=-169.4deg pred=(-169.4,-49.4,70.6)deg err=(+0.0,-120.0,+120.0)deg chosen=0 changed=0 corrected=-169.4deg residual=+0.0deg z=(-0.665,-0.778,-0.624) seen=(1,1,1)
[2026-07-21 01:49:42.541] [autoaim] [debug] [Outpost][SELECT] mode=ROTATING selected=0 observed=0 changed=false fresh=true unseen=0.000s phase=0.0deg model_ok=true fire=false diff=-30.9deg cmd=(7.31,-9.10)
[2026-07-21 01:49:42.567] [autoaim] [debug] [Outpost][OBS_INPUT] seq=7551 candidates=1 confidence=1.000 image=(648.9,552.7) image_dist=104.5 camera=(-0.142,0.031,2.519) gimbal=(2.660,0.178,-0.664) world=(2.660,0.178,-0.664) gimbal_ypr=(175.1,159.4,176.6)deg world_ypr=(175.1,159.4,176.6)deg
[2026-07-21 01:49:42.585] [autoaim] [debug] [Outpost][OBS_ASSOC] seq=7351 state=2 dt=0.0040s world=(2.735,0.197,-0.689) yaw=3.7deg rho=0.197 radial_res=-0.078 raw_ang=-176.5deg pred=(-176.3,-56.3,63.7)deg err=(-0.2,-120.2,+119.8)deg chosen=0 changed=0 corrected=-176.5deg residual=+0.0deg z=(-0.665,-0.778,-0.624) seen=(1,1,1)
[2026-07-21 01:49:42.610] [autoaim] [debug] [Outpost][SELECT_PHASE] current_angle=-3.141 target_v_yaw=-2.513 normalized_omega=-2.513 prediction_dt=0.248 future_angle=-3.765 current_plate=0 selected_plate=0 candidate_phase=-3.765 candidate_z=-0.665
[2026-07-21 01:49:42.749] [autoaim] [debug] [Outpost][SELECT_PHASE] current_angle=2.789 target_v_yaw=-2.513 normalized_omega=-2.513 prediction_dt=0.240 future_angle=2.185 current_plate=0 selected_plate=0 candidate_phase=2.185 candidate_z=-0.665
[2026-07-21 01:49:42.861] [autoaim] [debug] [Outpost][SELECT_PHASE] current_angle=2.506 target_v_yaw=-2.513 normalized_omega=-2.513 prediction_dt=0.235 future_angle=1.917 current_plate=0 selected_plate=0 candidate_phase=1.917 candidate_z=-0.665
[2026-07-21 01:49:42.929] [autoaim] [debug] [Outpost][SELECT] mode=ROTATING selected=1 observed=0 changed=true fresh=false unseen=0.345s phase=0.0deg model_ok=false fire=false diff=36.2deg cmd=(0.67,-11.21)
[2026-07-21 01:49:42.933] [autoaim] [debug] [Outpost][IMU] raw_deg=(0.00,0.00,0.00) solver_rad=(0.0000,-0.0000,0.0000)
[2026-07-21 01:49:42.974] [autoaim] [debug] [Outpost][SELECT_PHASE] current_angle=2.224 target_v_yaw=-2.513 normalized_omega=-2.513 prediction_dt=0.231 future_angle=1.645 current_plate=0 selected_plate=1 candidate_phase=3.739 candidate_z=-0.778
[2026-07-21 01:49:42.978] [autoaim] [debug] [Outpost][SWITCH_COMMIT] t=30727.901 from=0 phase_best=1 height_plate=1 tracked_err=+119.2deg new_phase_err=-0.8deg jump=62.5deg z=-0.859 z_err=0.081 margin=0.113 z_confident=0
[2026-07-21 01:49:42.978] [autoaim] [debug] [Outpost][OBS_ASSOC] seq=7352 state=2 dt=0.3936s world=(2.790,-0.109,-0.859) yaw=42.7deg rho=0.348 radial_res=+0.073 raw_ang=-114.0deg pred=(126.8,-113.2,6.8)deg err=(+119.2,-0.8,-120.8)deg chosen=1 changed=1 corrected=-114.0deg residual=+0.0deg z=(-0.665,-0.778,-0.624) seen=(1,1,1)
[2026-07-21 01:49:43.007] [autoaim] [debug] [Outpost][OBS_INPUT] seq=7561 candidates=1 confidence=1.000 image=(840.4,652.4) image_dist=151.2 camera=(0.135,0.183,2.722) gimbal=(2.818,-0.096,-0.866) world=(2.818,-0.096,-0.866) gimbal_ypr=(37.8,9.2,20.1)deg world_ypr=(37.8,9.2,20.1)deg
[2026-07-21 01:49:43.034] [autoaim] [debug] [Outpost][OBS_ASSOC] seq=7361 state=2 dt=0.0043s world=(2.753,-0.079,-0.840) yaw=34.2deg rho=0.339 radial_res=+0.064 raw_ang=-121.9deg pred=(115.8,-124.2,-4.2)deg err=(+122.3,+2.3,-117.7)deg chosen=1 changed=0 corrected=-121.9deg residual=+0.0deg z=(-0.665,-0.778,-0.624) seen=(1,1,1)
[2026-07-21 01:49:43.067] [autoaim] [debug] [Outpost][OBS_INPUT] seq=7571 candidates=1 confidence=1.000 image=(818.7,648.9) image_dist=136.4 camera=(0.098,0.171,2.619) gimbal=(2.721,-0.061,-0.826) world=(2.721,-0.061,-0.826) gimbal_ypr=(31.0,9.9,16.7)deg world_ypr=(31.0,9.9,16.7)deg
[2026-07-21 01:49:43.082] [autoaim] [debug] [Outpost][OBS_ASSOC] seq=7371 state=2 dt=0.0040s world=(2.739,-0.049,-0.831) yaw=26.3deg rho=0.322 radial_res=+0.047 raw_ang=-126.7deg pred=(108.9,-131.1,-11.1)deg err=(+124.4,+4.4,-115.6)deg chosen=1 changed=0 corrected=-126.7deg residual=+0.0deg z=(-0.665,-0.778,-0.624) seen=(1,1,1)
[2026-07-21 01:49:43.082] [autoaim] [debug] [Outpost][SELECT_PHASE] current_angle=1.977 target_v_yaw=-2.513 normalized_omega=-2.513 prediction_dt=0.228 future_angle=1.403 current_plate=1 selected_plate=1 candidate_phase=3.497 candidate_z=-0.778
[2026-07-21 01:49:43.114] [autoaim] [debug] [Outpost][OBS_INPUT] seq=7581 candidates=1 confidence=1.000 image=(795.6,646.3) image_dist=124.1 camera=(0.065,0.169,2.650) gimbal=(2.751,-0.028,-0.833) world=(2.751,-0.028,-0.833) gimbal_ypr=(20.2,16.0,12.1)deg world_ypr=(20.2,16.0,12.1)deg
[2026-07-21 01:49:43.139] [autoaim] [debug] [Outpost][SELECT] mode=ROTATING selected=1 observed=1 changed=false fresh=true unseen=0.000s phase=0.0deg model_ok=true fire=false diff=6.2deg cmd=(3.55,-11.59)
[2026-07-21 01:49:43.142] [autoaim] [debug] [Outpost][OBS_ASSOC] seq=7381 state=2 dt=0.0040s world=(2.661,-0.008,-0.799) yaw=18.9deg rho=0.347 radial_res=+0.072 raw_ang=-141.2deg pred=(102.6,-137.4,-17.4)deg err=(+116.2,-3.8,-123.8)deg chosen=1 changed=0 corrected=-141.2deg residual=+0.0deg z=(-0.665,-0.778,-0.624) seen=(1,1,1)
[2026-07-21 01:49:43.173] [autoaim] [debug] [Outpost][OBS_INPUT] seq=7591 candidates=1 confidence=0.999 image=(768.7,644.0) image_dist=114.9 camera=(0.025,0.160,2.568) gimbal=(2.674,0.011,-0.802) world=(2.674,0.011,-0.802) gimbal_ypr=(11.0,7.8,8.0)deg world_ypr=(11.0,7.8,8.0)deg
[2026-07-21 01:49:43.191] [autoaim] [debug] [Outpost][OBS_ASSOC] seq=7391 state=2 dt=0.0044s world=(2.666,0.025,-0.799) yaw=9.0deg rho=0.323 radial_res=+0.048 raw_ang=-145.4deg pred=(95.7,-144.3,-24.3)deg err=(+118.9,-1.1,-121.1)deg chosen=1 changed=0 corrected=-145.4deg residual=+0.0deg z=(-0.665,-0.778,-0.624) seen=(1,1,1)
[2026-07-21 01:49:43.191] [autoaim] [debug] [Outpost][SELECT_PHASE] current_angle=1.651 target_v_yaw=-2.513 normalized_omega=-2.513 prediction_dt=0.258 future_angle=1.003 current_plate=1 selected_plate=1 candidate_phase=3.097 candidate_z=-0.778
[2026-07-21 01:49:43.220] [autoaim] [debug] [Outpost][OBS_INPUT] seq=7601 candidates=1 confidence=0.998 image=(744.6,642.3) image_dist=112.0 camera=(-0.009,0.153,2.500) gimbal=(2.610,0.044,-0.778) world=(2.610,0.044,-0.778) gimbal_ypr=(10.5,31.2,6.6)deg world_ypr=(10.5,31.2,6.6)deg
[2026-07-21 01:49:43.244] [autoaim] [debug] [Outpost][GEOM_OK] state=2 rho=0.380 res=+0.105 yaw_radial=164.3deg model_center=(2.932,0.209) center_minus=(2.310,0.026) center_plus=(2.855,0.095)
[2026-07-21 01:49:43.247] [autoaim] [debug] [Outpost][OBS_ASSOC] seq=7401 state=2 dt=0.0023s world=(2.582,0.063,-0.767) yaw=5.7deg rho=0.379 radial_res=+0.104 raw_ang=-157.4deg pred=(82.7,-157.3,-37.3)deg err=(+119.9,-0.1,-120.1)deg chosen=1 changed=0 corrected=-157.4deg residual=+0.0deg z=(-0.665,-0.778,-0.624) seen=(1,1,1)
[2026-07-21 01:49:43.283] [autoaim] [debug] [Outpost][OBS_INPUT] seq=7611 candidates=1 confidence=0.999 image=(713.5,641.1) image_dist=116.9 camera=(-0.050,0.149,2.449) gimbal=(2.561,0.085,-0.759) world=(2.561,0.085,-0.759) gimbal_ypr=(4.7,33.5,3.1)deg world_ypr=(4.7,33.5,3.1)deg
[2026-07-21 01:49:43.299] [autoaim] [debug] [Outpost][OBS_ASSOC] seq=7411 state=2 dt=0.0027s world=(2.560,0.099,-0.759) yaw=3.8deg rho=0.387 radial_res=+0.112 raw_ang=-163.5deg pred=(76.7,-163.3,-43.3)deg err=(+119.8,-0.2,-120.2)deg chosen=1 changed=0 corrected=-163.5deg residual=+0.0deg z=(-0.665,-0.778,-0.624) seen=(1,1,1)
[2026-07-21 01:49:43.299] [autoaim] [debug] [Outpost][SELECT_PHASE] current_angle=1.334 target_v_yaw=-2.513 normalized_omega=-2.513 prediction_dt=0.248 future_angle=0.710 current_plate=1 selected_plate=1 candidate_phase=2.805 candidate_z=-0.778
[2026-07-21 01:49:43.335] [autoaim] [debug] [Outpost][OBS_INPUT] seq=7621 candidates=1 confidence=0.998 image=(684.3,640.7) image_dist=128.9 camera=(-0.090,0.149,2.465) gimbal=(2.576,0.125,-0.764) world=(2.576,0.125,-0.764) gimbal_ypr=(5.8,37.9,2.3)deg world_ypr=(5.8,37.9,2.3)deg
[2026-07-21 01:49:43.369] [autoaim] [debug] [Outpost][OBS_ASSOC] seq=7421 state=2 dt=0.0054s world=(2.589,0.149,-0.769) yaw=4.3deg rho=0.348 radial_res=+0.073 raw_ang=-170.1deg pred=(69.2,-170.8,-50.8)deg err=(+120.7,+0.7,-119.3)deg chosen=1 changed=0 corrected=-170.1deg residual=+0.0deg z=(-0.665,-0.778,-0.624) seen=(1,1,1)
[2026-07-21 01:49:43.396] [autoaim] [debug] [Outpost][OBS_INPUT] seq=7631 candidates=1 confidence=0.999 image=(652.8,641.0) image_dist=147.9 camera=(-0.135,0.152,2.500) gimbal=(2.608,0.171,-0.776) world=(2.608,0.171,-0.776) gimbal_ypr=(7.8,3.0,1.1)deg world_ypr=(7.8,3.0,1.1)deg
[2026-07-21 01:49:43.432] [autoaim] [debug] [Outpost][SELECT_PHASE] current_angle=1.080 target_v_yaw=-2.513 normalized_omega=-2.513 prediction_dt=0.248 future_angle=0.456 current_plate=1 selected_plate=1 candidate_phase=2.551 candidate_z=-0.778
[2026-07-21 01:49:43.544] [autoaim] [debug] [Outpost][SELECT_PHASE] current_angle=0.798 target_v_yaw=-2.513 normalized_omega=-2.513 prediction_dt=0.239 future_angle=0.198 current_plate=1 selected_plate=1 candidate_phase=2.292 candidate_z=-0.778
[2026-07-21 01:49:43.672] [autoaim] [debug] [Outpost][SELECT_PHASE] current_angle=0.475 target_v_yaw=-2.513 normalized_omega=-2.513 prediction_dt=0.232 future_angle=-0.109 current_plate=1 selected_plate=1 candidate_phase=1.986 candidate_z=-0.778
[2026-07-21 01:49:43.732] [autoaim] [debug] [Outpost][SELECT] mode=ROTATING selected=1 observed=1 changed=false fresh=false unseen=0.321s phase=0.0deg model_ok=false fire=false diff=-78.7deg cmd=(9.73,-9.92)
[2026-07-21 01:49:43.778] [autoaim] [debug] [Outpost][SELECT] mode=ROTATING selected=2 observed=1 changed=true fresh=false unseen=0.367s phase=0.0deg model_ok=false fire=false diff=35.0deg cmd=(0.77,-7.87)
[2026-07-21 01:49:43.800] [autoaim] [debug] [Outpost][SWITCH_COMMIT] t=30728.716 from=1 phase_best=2 height_plate=0 tracked_err=+149.3deg new_phase_err=+29.3deg jump=94.2deg z=-0.670 z_err=0.004 margin=0.041 z_confident=1
[2026-07-21 01:49:43.800] [autoaim] [debug] [Outpost][OBS_ASSOC] seq=7430 state=2 dt=0.3823s world=(2.984,-0.117,-0.670) yaw=43.7deg rho=0.330 radial_res=+0.055 raw_ang=-81.0deg pred=(9.8,129.8,-110.2)deg err=(-90.7,+149.3,+29.3)deg chosen=2 changed=1 corrected=-81.0deg residual=+0.0deg z=(-0.665,-0.778,-0.624) seen=(1,1,1)
[2026-07-21 01:49:43.802] [autoaim] [debug] [Outpost][OBS_ASSOC] seq=7431 state=2 dt=0.0073s world=(2.972,-0.111,-0.665) yaw=42.3deg rho=0.322 radial_res=+0.047 raw_ang=-82.9deg pred=(38.0,158.0,-82.0)deg err=(-120.9,+119.1,-0.9)deg chosen=2 changed=0 corrected=-82.9deg residual=+0.0deg z=(-0.665,-0.778,-0.624) seen=(1,1,1)
[2026-07-21 01:49:43.809] [autoaim] [debug] [Outpost][SELECT_PHASE] current_angle=0.634 target_v_yaw=-2.513 normalized_omega=-2.513 prediction_dt=0.235 future_angle=0.042 current_plate=2 selected_plate=2 candidate_phase=-2.052 candidate_z=-0.624
[2026-07-21 01:49:43.838] [autoaim] [debug] [Outpost][OBS_INPUT] seq=7641 candidates=1 confidence=1.000 image=(837.1,493.4) image_dist=93.7 camera=(0.132,-0.056,2.767) gimbal=(2.926,-0.092,-0.648) world=(2.926,-0.092,-0.648) gimbal_ypr=(38.0,8.6,19.4)deg world_ypr=(38.0,8.6,19.4)deg
[2026-07-21 01:49:43.870] [autoaim] [debug] [Outpost][OBS_ASSOC] seq=7441 state=2 dt=0.0045s world=(2.874,-0.073,-0.631) yaw=33.6deg rho=0.288 radial_res=+0.013 raw_ang=-101.7deg pred=(8.8,128.8,-111.2)deg err=(-110.5,+129.5,+9.5)deg chosen=2 changed=0 corrected=-101.7deg residual=+0.0deg z=(-0.665,-0.778,-0.624) seen=(1,1,1)
[2026-07-21 01:49:43.900] [autoaim] [debug] [Outpost][OBS_INPUT] seq=7651 candidates=1 confidence=0.995 image=(814.8,488.5) image_dist=76.3 camera=(0.094,-0.061,2.658) gimbal=(2.822,-0.055,-0.614) world=(2.822,-0.055,-0.614) gimbal_ypr=(31.1,11.6,15.9)deg world_ypr=(31.1,11.6,15.9)deg
[2026-07-21 01:49:43.917] [autoaim] [debug] [Outpost][OBS_ASSOC] seq=7451 state=2 dt=0.0040s world=(2.811,-0.043,-0.609) yaw=27.7deg rho=0.279 radial_res=+0.004 raw_ang=-115.5deg pred=(3.5,123.5,-116.5)deg err=(-119.0,+121.0,+1.0)deg chosen=2 changed=0 corrected=-115.5deg residual=+0.0deg z=(-0.665,-0.778,-0.624) seen=(1,1,1)
[2026-07-21 01:49:43.921] [autoaim] [debug] [Outpost][SELECT_PHASE] current_angle=0.092 target_v_yaw=-2.513 normalized_omega=-2.513 prediction_dt=0.227 future_angle=-0.478 current_plate=2 selected_plate=2 candidate_phase=-2.572 candidate_z=-0.624
[2026-07-21 01:49:43.949] [autoaim] [debug] [Outpost][OBS_INPUT] seq=7661 candidates=1 confidence=1.000 image=(792.8,485.0) image_dist=61.7 camera=(0.061,-0.065,2.621) gimbal=(2.786,-0.023,-0.600) world=(2.786,-0.023,-0.600) gimbal_ypr=(23.1,13.8,12.5)deg world_ypr=(23.1,13.8,12.5)deg
[2026-07-21 01:49:43.978] [autoaim] [debug] [Outpost][OBS_ASSOC] seq=7461 state=2 dt=0.0021s world=(2.779,-0.004,-0.595) yaw=18.9deg rho=0.262 radial_res=-0.013 raw_ang=-125.6deg pred=(1.9,121.9,-118.1)deg err=(-127.5,+112.5,-7.5)deg chosen=2 changed=0 corrected=-125.6deg residual=+0.0deg z=(-0.665,-0.778,-0.624) seen=(1,1,1)
[2026-07-21 01:49:44.011] [autoaim] [debug] [Outpost][OBS_INPUT] seq=7671 candidates=1 confidence=0.981 image=(765.1,481.9) image_dist=50.5 camera=(0.020,-0.070,2.611) gimbal=(2.778,0.018,-0.593) world=(2.778,0.018,-0.593) gimbal_ypr=(11.7,19.4,7.9)deg world_ypr=(11.7,19.4,7.9)deg
[2026-07-21 01:49:44.030] [autoaim] [debug] [Outpost][OBS_ASSOC] seq=7471 state=2 dt=0.0039s world=(2.744,0.031,-0.583) yaw=172.7deg rho=0.258 radial_res=-0.017 raw_ang=-136.6deg pred=(-13.5,106.5,-133.5)deg err=(-123.1,+116.9,-3.1)deg chosen=2 changed=0 corrected=-136.6deg residual=+0.0deg z=(-0.665,-0.778,-0.624) seen=(1,1,1)
[2026-07-21 01:49:44.045] [autoaim] [debug] [Outpost][SELECT_PHASE] current_angle=-0.352 target_v_yaw=-2.513 normalized_omega=-2.513 prediction_dt=0.261 future_angle=-1.008 current_plate=2 selected_plate=2 candidate_phase=-3.102 candidate_z=-0.624
[2026-07-21 01:49:44.058] [autoaim] [debug] [Outpost][OBS_INPUT] seq=7681 candidates=1 confidence=0.996 image=(741.9,479.8) image_dist=51.5 camera=(-0.013,-0.071,2.564) gimbal=(2.732,0.050,-0.579) world=(2.732,0.050,-0.579) gimbal_ypr=(178.0,175.2,-177.6)deg world_ypr=(178.0,175.2,-177.6)deg
[2026-07-21 01:49:44.086] [autoaim] [debug] [Outpost][OBS_ASSOC] seq=7481 state=2 dt=0.0043s world=(2.691,0.068,-0.567) yaw=176.1deg rho=0.279 radial_res=+0.004 raw_ang=-149.8deg pred=(-30.4,89.6,-150.4)deg err=(-119.4,+120.6,+0.6)deg chosen=2 changed=0 corrected=-149.8deg residual=+0.0deg z=(-0.665,-0.778,-0.624) seen=(1,1,1)
[2026-07-21 01:49:44.116] [autoaim] [debug] [Outpost][IMU] raw_deg=(0.00,0.00,0.00) solver_rad=(0.0000,-0.0000,0.0000)
[2026-07-21 01:49:44.119] [autoaim] [debug] [Outpost][OBS_INPUT] seq=7691 candidates=1 confidence=0.998 image=(712.2,478.4) image_dist=64.9 camera=(-0.053,-0.071,2.500) gimbal=(2.670,0.090,-0.561) world=(2.670,0.090,-0.561) gimbal_ypr=(7.0,30.3,2.8)deg world_ypr=(7.0,30.3,2.8)deg
[2026-07-21 01:49:44.138] [autoaim] [debug] [Outpost][OBS_ASSOC] seq=7491 state=2 dt=0.0041s world=(2.675,0.104,-0.562) yaw=4.9deg rho=0.278 radial_res=+0.003 raw_ang=-157.7deg pred=(-38.1,81.9,-158.1)deg err=(-119.6,+120.4,+0.4)deg chosen=2 changed=0 corrected=-157.7deg residual=+0.0deg z=(-0.665,-0.778,-0.624) seen=(1,1,1)
[2026-07-21 01:49:44.156] [autoaim] [debug] [Outpost][SELECT_PHASE] current_angle=-0.694 target_v_yaw=-2.513 normalized_omega=-2.513 prediction_dt=0.254 future_angle=-1.331 current_plate=2 selected_plate=2 candidate_phase=-3.426 candidate_z=-0.624
[2026-07-21 01:49:44.170] [autoaim] [debug] [Outpost][OBS_INPUT] seq=7701 candidates=1 confidence=0.998 image=(686.2,478.1) image_dist=83.3 camera=(-0.089,-0.072,2.506) gimbal=(2.675,0.126,-0.562) world=(2.675,0.126,-0.562) gimbal_ypr=(1.3,26.8,-0.2)deg world_ypr=(1.3,26.8,-0.2)deg
[2026-07-21 01:49:44.202] [autoaim] [debug] [Outpost][GEOM_OK] state=2 rho=0.244 res=-0.031 yaw_radial=168.1deg model_center=(2.932,0.209) center_minus=(2.421,0.133) center_plus=(2.970,0.160)
[2026-07-21 01:49:44.204] [autoaim] [debug] [Outpost][OBS_ASSOC] seq=7501 state=2 dt=0.0024s world=(2.694,0.150,-0.567) yaw=0.8deg rho=0.245 radial_res=-0.030 raw_ang=-166.0deg pred=(-45.6,74.4,-165.6)deg err=(-120.4,+119.6,-0.4)deg chosen=2 changed=0 corrected=-166.0deg residual=+0.0deg z=(-0.665,-0.778,-0.624) seen=(1,1,1)
[2026-07-21 01:49:44.257] [autoaim] [debug] [Outpost][OBS_INPUT] seq=7711 candidates=1 confidence=0.999 image=(644.0,479.4) image_dist=118.7 camera=(-0.154,-0.073,2.610) gimbal=(2.775,0.192,-0.589) world=(2.775,0.192,-0.589) gimbal_ypr=(2.2,-1.2,-3.2)deg world_ypr=(2.2,-1.2,-3.2)deg
[2026-07-21 01:49:44.274] [autoaim] [debug] [Outpost][SELECT_PHASE] current_angle=-0.992 target_v_yaw=-2.513 normalized_omega=-2.513 prediction_dt=0.248 future_angle=-1.616 current_plate=2 selected_plate=2 candidate_phase=-3.710 candidate_z=-0.624
[2026-07-21 01:49:44.339] [autoaim] [debug] [Outpost][SELECT] mode=ROTATING selected=2 observed=2 changed=false fresh=true unseen=0.079s phase=0.0deg model_ok=true fire=false diff=-45.2deg cmd=(8.35,-7.66)
[2026-07-21 01:49:44.383] [autoaim] [debug] [Outpost][SELECT_PHASE] current_angle=-1.264 target_v_yaw=-2.513 normalized_omega=-2.513 prediction_dt=0.240 future_angle=-1.868 current_plate=2 selected_plate=2 candidate_phase=-3.962 candidate_z=-0.624
[2026-07-21 01:49:44.519] [autoaim] [debug] [Outpost][SELECT_PHASE] current_angle=-1.607 target_v_yaw=-2.513 normalized_omega=-2.513 prediction_dt=0.233 future_angle=-2.193 current_plate=2 selected_plate=2 candidate_phase=-4.288 candidate_z=-0.624
[2026-07-21 01:49:44.589] [autoaim] [debug] [Outpost][SWITCH_COMMIT] t=30729.510 from=2 phase_best=0 height_plate=1 tracked_err=+111.2deg new_phase_err=-8.8deg jump=63.9deg z=-0.737 z_err=0.041 margin=0.032 z_confident=1
[2026-07-21 01:49:44.589] [autoaim] [debug] [Outpost][OBS_ASSOC] seq=7508 state=2 dt=0.3281s world=(2.805,-0.128,-0.737) yaw=52.7deg rho=0.360 radial_res=+0.085 raw_ang=-110.7deg pred=(-101.9,18.1,138.1)deg err=(-8.8,-128.8,+111.2)deg chosen=0 changed=1 corrected=-110.7deg residual=+0.0deg z=(-0.665,-0.778,-0.624) seen=(1,1,1)
[2026-07-21 01:49:44.592] [autoaim] [debug] [Outpost][SELECT] mode=ROTATING selected=0 observed=0 changed=true fresh=true unseen=0.000s phase=0.0deg model_ok=true fire=false diff=27.8deg cmd=(1.39,-9.07)
[2026-07-21 01:49:44.620] [autoaim] [debug] [Outpost][OBS_ASSOC] seq=7511 state=2 dt=0.0241s world=(2.767,-0.114,-0.721) yaw=49.0deg rho=0.363 radial_res=+0.088 raw_ang=-117.1deg pred=(-114.0,6.0,126.0)deg err=(-3.1,-123.1,+116.9)deg chosen=0 changed=0 corrected=-117.1deg residual=+0.0deg z=(-0.665,-0.778,-0.624) seen=(1,1,1)
[2026-07-21 01:49:44.653] [autoaim] [debug] [Outpost][OBS_INPUT] seq=7721 candidates=1 confidence=1.000 image=(845.9,567.6) image_dist=101.9 camera=(0.137,0.054,2.614) gimbal=(2.749,-0.099,-0.712) world=(2.749,-0.099,-0.712) gimbal_ypr=(44.4,6.0,21.5)deg world_ypr=(44.4,6.0,21.5)deg
[2026-07-21 01:49:44.654] [autoaim] [debug] [Outpost][SELECT_PHASE] current_angle=-2.105 target_v_yaw=-2.513 normalized_omega=-2.513 prediction_dt=0.226 future_angle=-2.674 current_plate=0 selected_plate=0 candidate_phase=-2.674 candidate_z=-0.665
[2026-07-21 01:49:44.672] [autoaim] [debug] [Outpost][OBS_ASSOC] seq=7521 state=2 dt=0.0040s world=(2.717,-0.089,-0.700) yaw=42.0deg rho=0.367 radial_res=+0.092 raw_ang=-125.7deg pred=(-121.4,-1.4,118.6)deg err=(-4.4,-124.4,+115.6)deg chosen=0 changed=0 corrected=-125.7deg residual=+0.0deg z=(-0.665,-0.778,-0.624) seen=(1,1,1)
[2026-07-21 01:49:44.705] [autoaim] [debug] [Outpost][OBS_INPUT] seq=7731 candidates=1 confidence=0.888 image=(828.3,563.7) image_dist=84.1 camera=(0.111,0.048,2.588) gimbal=(2.725,-0.074,-0.700) world=(2.725,-0.074,-0.700) gimbal_ypr=(37.4,7.2,18.8)deg world_ypr=(37.4,7.2,18.8)deg
[2026-07-21 01:49:44.737] [autoaim] [debug] [Outpost][OBS_ASSOC] seq=7531 state=2 dt=0.0049s world=(2.705,-0.056,-0.690) yaw=33.0deg rho=0.349 radial_res=+0.074 raw_ang=-130.6deg pred=(-127.3,-7.3,112.7)deg err=(-3.4,-123.4,+116.6)deg chosen=0 changed=0 corrected=-130.6deg residual=+0.0deg z=(-0.665,-0.778,-0.624) seen=(1,1,1)
[2026-07-21 01:49:44.765] [autoaim] [debug] [Outpost][OBS_INPUT] seq=7741 candidates=1 confidence=1.000 image=(804.6,560.1) image_dist=61.2 camera=(0.076,0.042,2.555) gimbal=(2.694,-0.039,-0.685) world=(2.694,-0.039,-0.685) gimbal_ypr=(29.6,9.5,15.2)deg world_ypr=(29.6,9.5,15.2)deg
[2026-07-21 01:49:44.765] [autoaim] [debug] [Outpost][SELECT_PHASE] current_angle=-2.334 target_v_yaw=-2.513 normalized_omega=-2.513 prediction_dt=0.225 future_angle=-2.900 current_plate=0 selected_plate=0 candidate_phase=-2.900 candidate_z=-0.665
[2026-07-21 01:49:44.801] [autoaim] [debug] [Outpost][OBS_ASSOC] seq=7541 state=2 dt=0.0039s world=(2.691,-0.017,-0.680) yaw=23.5deg rho=0.330 radial_res=+0.055 raw_ang=-136.8deg pred=(-135.8,-15.8,104.2)deg err=(-1.0,-121.0,+119.0)deg chosen=0 changed=0 corrected=-136.8deg residual=+0.0deg z=(-0.665,-0.778,-0.624) seen=(1,1,1)
[2026-07-21 01:49:44.833] [autoaim] [debug] [Outpost][OBS_INPUT] seq=7751 candidates=1 confidence=1.000 image=(774.4,556.3) image_dist=34.8 camera=(0.033,0.037,2.575) gimbal=(2.715,0.004,-0.686) world=(2.715,0.004,-0.686) gimbal_ypr=(16.7,11.2,10.1)deg world_ypr=(16.7,11.2,10.1)deg
[2026-07-21 01:49:44.865] [autoaim] [debug] [Outpost][OBS_ASSOC] seq=7551 state=2 dt=0.0122s world=(2.677,0.022,-0.673) yaw=16.6deg rho=0.316 radial_res=+0.041 raw_ang=-143.8deg pred=(-140.2,-20.2,99.8)deg err=(-3.6,-123.6,+116.4)deg chosen=0 changed=0 corrected=-143.8deg residual=+0.0deg z=(-0.665,-0.778,-0.624) seen=(1,1,1)
[2026-07-21 01:49:44.881] [autoaim] [debug] [Outpost][OBS_INPUT] seq=7761 candidates=1 confidence=0.999 image=(751.4,554.3) image_dist=23.8 camera=(0.001,0.033,2.550) gimbal=(2.691,0.036,-0.675) world=(2.691,0.036,-0.675) gimbal_ypr=(10.5,16.4,6.7)deg world_ypr=(10.5,16.4,6.7)deg
[2026-07-21 01:49:44.881] [autoaim] [debug] [Outpost][SELECT_PHASE] current_angle=-2.519 target_v_yaw=-2.513 normalized_omega=-2.513 prediction_dt=0.262 future_angle=-3.177 current_plate=0 selected_plate=0 candidate_phase=-3.177 candidate_z=-0.665
[2026-07-21 01:49:44.913] [autoaim] [debug] [Outpost][OBS_ASSOC] seq=7561 state=2 dt=0.0028s world=(2.654,0.057,-0.664) yaw=5.8deg rho=0.317 radial_res=+0.042 raw_ang=-151.4deg pred=(-150.3,-30.3,89.7)deg err=(-1.1,-121.1,+118.9)deg chosen=0 changed=0 corrected=-151.4deg residual=+0.0deg z=(-0.665,-0.778,-0.624) seen=(1,1,1)
[2026-07-21 01:49:44.945] [autoaim] [debug] [Outpost][OBS_INPUT] seq=7771 candidates=1 confidence=0.998 image=(719.4,553.0) image_dist=38.9 camera=(-0.043,0.031,2.490) gimbal=(2.633,0.079,-0.656) world=(2.633,0.079,-0.656) gimbal_ypr=(177.5,177.0,-178.9)deg world_ypr=(177.5,177.0,-178.9)deg
[2026-07-21 01:49:44.949] [autoaim] [debug] [Outpost][SELECT] mode=ROTATING selected=0 observed=0 changed=false fresh=true unseen=0.000s phase=0.0deg model_ok=true fire=false diff=-18.2deg cmd=(6.14,-9.04)
[2026-07-21 01:49:44.985] [autoaim] [debug] [Outpost][OBS_ASSOC] seq=7571 state=2 dt=0.0080s world=(2.624,0.104,-0.653) yaw=9.3deg rho=0.325 radial_res=+0.050 raw_ang=-161.1deg pred=(-161.4,-41.4,78.6)deg err=(+0.2,-119.8,+120.2)deg chosen=0 changed=0 corrected=-161.1deg residual=+0.0deg z=(-0.665,-0.778,-0.624) seen=(1,1,1)
[2026-07-21 01:49:45.017] [autoaim] [debug] [Outpost][OBS_INPUT] seq=7781 candidates=1 confidence=0.991 image=(682.5,552.5) image_dist=72.1 camera=(-0.094,0.029,2.481) gimbal=(2.624,0.130,-0.653) world=(2.624,0.130,-0.653) gimbal_ypr=(3.0,5.1,0.6)deg world_ypr=(3.0,5.1,0.6)deg
[2026-07-21 01:49:45.018] [autoaim] [debug] [Outpost][SELECT_PHASE] current_angle=-2.889 target_v_yaw=-2.513 normalized_omega=-2.513 prediction_dt=0.254 future_angle=-3.527 current_plate=0 selected_plate=0 candidate_phase=-3.527 candidate_z=-0.665
[2026-07-21 01:49:45.053] [autoaim] [debug] [Outpost][OBS_ASSOC] seq=7581 state=2 dt=0.0040s world=(2.641,0.156,-0.659) yaw=6.8deg rho=0.296 radial_res=+0.021 raw_ang=-169.6deg pred=(-169.9,-49.9,70.1)deg err=(+0.3,-119.7,+120.3)deg chosen=0 changed=0 corrected=-169.6deg residual=+0.0deg z=(-0.665,-0.778,-0.624) seen=(1,1,1)
[2026-07-21 01:49:45.087] [autoaim] [debug] [Outpost][OBS_INPUT] seq=7791 candidates=1 confidence=0.991 image=(647.9,553.0) image_dist=105.6 camera=(-0.144,0.031,2.535) gimbal=(2.675,0.181,-0.670) world=(2.675,0.181,-0.670) gimbal_ypr=(175.3,150.7,176.5)deg world_ypr=(175.3,150.7,176.5)deg
[2026-07-21 01:49:45.141] [autoaim] [debug] [Outpost][SELECT_PHASE] current_angle=3.120 target_v_yaw=-2.513 normalized_omega=-2.513 prediction_dt=0.248 future_angle=2.496 current_plate=0 selected_plate=0 candidate_phase=2.496 candidate_z=-0.665
[2026-07-21 01:49:45.264] [autoaim] [debug] [Outpost][SELECT_PHASE] current_angle=2.802 target_v_yaw=-2.513 normalized_omega=-2.513 prediction_dt=0.240 future_angle=2.198 current_plate=0 selected_plate=0 candidate_phase=2.198 candidate_z=-0.665
[2026-07-21 01:49:45.321] [autoaim] [debug] [Outpost][IMU] raw_deg=(0.00,0.00,0.00) solver_rad=(0.0000,-0.0000,0.0000)
[2026-07-21 01:49:45.359] [autoaim] [debug] [Outpost][SELECT_PHASE] current_angle=2.565 target_v_yaw=-2.513 normalized_omega=-2.513 prediction_dt=0.236 future_angle=1.973 current_plate=0 selected_plate=0 candidate_phase=1.973 candidate_z=-0.665
[2026-07-21 01:49:45.452] [autoaim] [debug] [Outpost][SELECT] mode=ROTATING selected=1 observed=0 changed=true fresh=false unseen=0.350s phase=0.0deg model_ok=false fire=false diff=36.0deg cmd=(0.68,-11.21)
[2026-07-21 01:49:45.488] [autoaim] [debug] [Outpost][SELECT_PHASE] current_angle=2.241 target_v_yaw=-2.513 normalized_omega=-2.513 prediction_dt=0.231 future_angle=1.661 current_plate=0 selected_plate=1 candidate_phase=3.756 candidate_z=-0.778
[2026-07-21 01:49:45.499] [autoaim] [debug] [Outpost][SWITCH_COMMIT] t=30730.422 from=0 phase_best=1 height_plate=1 tracked_err=+127.3deg new_phase_err=+7.3deg jump=70.1deg z=-0.876 z_err=0.098 margin=0.113 z_confident=0
[2026-07-21 01:49:45.499] [autoaim] [debug] [Outpost][OBS_ASSOC] seq=7591 state=2 dt=0.3974s world=(2.841,-0.110,-0.876) yaw=41.1deg rho=0.331 radial_res=+0.056 raw_ang=-105.9deg pred=(126.7,-113.3,6.7)deg err=(+127.3,+7.3,-112.7)deg chosen=1 changed=1 corrected=-105.9deg residual=+0.0deg z=(-0.665,-0.778,-0.624) seen=(1,1,1)
[2026-07-21 01:49:45.531] [autoaim] [debug] [Outpost][OBS_INPUT] seq=7801 candidates=1 confidence=1.000 image=(837.7,651.9) image_dist=149.2 camera=(0.127,0.177,2.647) gimbal=(2.747,-0.090,-0.840) world=(2.747,-0.090,-0.840) gimbal_ypr=(38.2,7.1,19.7)deg world_ypr=(38.2,7.1,19.7)deg
[2026-07-21 01:49:45.559] [autoaim] [debug] [Outpost][GEOM_OK] state=2 rho=0.335 res=+0.060 yaw_radial=155.4deg model_center=(2.932,0.209) center_minus=(2.523,-0.225) center_plus=(2.984,0.076)
[2026-07-21 01:49:45.560] [autoaim] [debug] [Outpost][SELECT] mode=ROTATING selected=1 observed=1 changed=false fresh=true unseen=0.000s phase=0.0deg model_ok=true fire=false diff=20.6deg cmd=(2.07,-11.42)
[2026-07-21 01:49:45.563] [autoaim] [debug] [Outpost][OBS_ASSOC] seq=7601 state=2 dt=0.0042s world=(2.700,-0.071,-0.820) yaw=35.1deg rho=0.363 radial_res=+0.088 raw_ang=-129.6deg pred=(117.2,-122.8,-2.8)deg err=(+113.1,-6.9,-126.9)deg chosen=1 changed=0 corrected=-129.6deg residual=+0.0deg z=(-0.665,-0.778,-0.624) seen=(1,1,1)
[2026-07-21 01:49:45.595] [autoaim] [debug] [Outpost][OBS_INPUT] seq=7811 candidates=1 confidence=1.000 image=(812.9,648.2) image_dist=133.0 camera=(0.089,0.169,2.604) gimbal=(2.708,-0.052,-0.820) world=(2.708,-0.052,-0.820) gimbal_ypr=(29.0,9.5,15.7)deg world_ypr=(29.0,9.5,15.7)deg
[2026-07-21 01:49:45.603] [autoaim] [debug] [Outpost][SELECT_PHASE] current_angle=1.936 target_v_yaw=-2.513 normalized_omega=-2.513 prediction_dt=0.228 future_angle=1.363 current_plate=1 selected_plate=1 candidate_phase=3.457 candidate_z=-0.778
[2026-07-21 01:49:45.627] [autoaim] [debug] [Outpost][OBS_ASSOC] seq=7611 state=2 dt=0.0122s world=(2.698,-0.035,-0.815) yaw=24.1deg rho=0.338 radial_res=+0.063 raw_ang=-133.8deg pred=(105.1,-134.9,-14.9)deg err=(+121.1,+1.1,-118.9)deg chosen=1 changed=0 corrected=-133.8deg residual=+0.0deg z=(-0.665,-0.778,-0.624) seen=(1,1,1)
[2026-07-21 01:49:45.644] [autoaim] [debug] [Outpost][OBS_INPUT] seq=7821 candidates=1 confidence=0.994 image=(791.8,646.2) image_dist=122.8 camera=(0.058,0.163,2.571) gimbal=(2.677,-0.022,-0.806) world=(2.677,-0.022,-0.806) gimbal_ypr=(22.1,11.4,12.6)deg world_ypr=(22.1,11.4,12.6)deg
[2026-07-21 01:49:45.672] [autoaim] [debug] [Outpost][OBS_ASSOC] seq=7621 state=2 dt=0.0039s world=(2.695,-0.003,-0.811) yaw=14.4deg rho=0.318 radial_res=+0.043 raw_ang=-138.2deg pred=(98.2,-141.8,-21.8)deg err=(+123.6,+3.6,-116.4)deg chosen=1 changed=0 corrected=-138.2deg residual=+0.0deg z=(-0.665,-0.778,-0.624) seen=(1,1,1)
[2026-07-21 01:49:45.704] [autoaim] [debug] [Outpost][OBS_INPUT] seq=7831 candidates=1 confidence=0.999 image=(763.0,643.6) image_dist=113.8 camera=(0.017,0.159,2.567) gimbal=(2.674,0.019,-0.802) world=(2.674,0.019,-0.802) gimbal_ypr=(8.4,14.2,6.8)deg world_ypr=(8.4,14.2,6.8)deg
[2026-07-21 01:49:45.712] [autoaim] [debug] [Outpost][SELECT_PHASE] current_angle=1.654 target_v_yaw=-2.513 normalized_omega=-2.513 prediction_dt=0.258 future_angle=1.005 current_plate=1 selected_plate=1 candidate_phase=3.100 candidate_z=-0.778
[2026-07-21 01:49:45.734] [autoaim] [debug] [Outpost][OBS_ASSOC] seq=7631 state=2 dt=0.0121s world=(2.618,0.039,-0.781) yaw=9.7deg rho=0.357 radial_res=+0.082 raw_ang=-151.5deg pred=(90.8,-149.2,-29.2)deg err=(+117.7,-2.3,-122.3)deg chosen=1 changed=0 corrected=-151.5deg residual=+0.0deg z=(-0.665,-0.778,-0.624) seen=(1,1,1)
[2026-07-21 01:49:45.752] [autoaim] [debug] [Outpost][OBS_INPUT] seq=7841 candidates=1 confidence=0.999 image=(738.3,641.9) image_dist=112.2 camera=(-0.018,0.153,2.497) gimbal=(2.608,0.053,-0.776) world=(2.608,0.053,-0.776) gimbal_ypr=(5.3,31.8,4.2)deg world_ypr=(5.3,31.8,4.2)deg
[2026-07-21 01:49:45.780] [autoaim] [debug] [Outpost][OBS_ASSOC] seq=7641 state=2 dt=0.0036s world=(2.579,0.072,-0.766) yaw=4.4deg rho=0.379 radial_res=+0.104 raw_ang=-158.8deg pred=(80.7,-159.3,-39.3)deg err=(+120.5,+0.5,-119.5)deg chosen=1 changed=0 corrected=-158.8deg residual=+0.0deg z=(-0.665,-0.778,-0.624) seen=(1,1,1)
[2026-07-21 01:49:45.814] [autoaim] [debug] [Outpost][OBS_INPUT] seq=7851 candidates=1 confidence=0.999 image=(708.3,640.8) image_dist=118.3 camera=(-0.057,0.148,2.438) gimbal=(2.551,0.092,-0.755) world=(2.551,0.092,-0.755) gimbal_ypr=(10.3,34.5,5.0)deg world_ypr=(10.3,34.5,5.0)deg
[2026-07-21 01:49:45.820] [autoaim] [debug] [Outpost][SELECT_PHASE] current_angle=1.330 target_v_yaw=-2.513 normalized_omega=-2.513 prediction_dt=0.248 future_angle=0.706 current_plate=1 selected_plate=1 candidate_phase=2.801 candidate_z=-0.778
[2026-07-21 01:49:45.849] [autoaim] [debug] [Outpost][OBS_ASSOC] seq=7651 state=2 dt=0.0159s world=(2.565,0.119,-0.760) yaw=5.5deg rho=0.378 radial_res=+0.103 raw_ang=-166.2deg pred=(73.2,-166.8,-46.8)deg err=(+120.6,+0.6,-119.4)deg chosen=1 changed=0 corrected=-166.2deg residual=+0.0deg z=(-0.665,-0.778,-0.624) seen=(1,1,1)
[2026-07-21 01:49:45.864] [autoaim] [debug] [Outpost][OBS_INPUT] seq=7861 candidates=1 confidence=0.999 image=(678.0,640.6) image_dist=132.2 camera=(-0.099,0.149,2.454) gimbal=(2.566,0.134,-0.761) world=(2.566,0.134,-0.761) gimbal_ypr=(2.8,-0.3,0.7)deg world_ypr=(2.8,-0.3,0.7)deg
[2026-07-21 01:49:45.893] [autoaim] [debug] [Outpost][OBS_ASSOC] seq=7661 state=2 dt=0.0041s world=(2.589,0.155,-0.769) yaw=4.4deg rho=0.347 radial_res=+0.072 raw_ang=-171.0deg pred=(68.8,-171.2,-51.2)deg err=(+120.1,+0.1,-119.9)deg chosen=1 changed=0 corrected=-171.0deg residual=+0.0deg z=(-0.665,-0.778,-0.624) seen=(1,1,1)
[2026-07-21 01:49:45.928] [autoaim] [debug] [Outpost][OBS_INPUT] seq=7871 candidates=1 confidence=1.000 image=(646.4,641.2) image_dist=152.4 camera=(-0.145,0.153,2.514) gimbal=(2.622,0.180,-0.781) world=(2.622,0.180,-0.781) gimbal_ypr=(3.1,4.3,-0.6)deg world_ypr=(3.1,4.3,-0.6)deg
[2026-07-21 01:49:45.937] [autoaim] [debug] [Outpost][SELECT_PHASE] current_angle=1.122 target_v_yaw=-2.513 normalized_omega=-2.513 prediction_dt=0.248 future_angle=0.498 current_plate=1 selected_plate=1 candidate_phase=2.592 candidate_z=-0.778
[2026-07-21 01:49:46.060] [autoaim] [debug] [Outpost][SELECT_PHASE] current_angle=0.816 target_v_yaw=-2.513 normalized_omega=-2.513 prediction_dt=0.239 future_angle=0.214 current_plate=1 selected_plate=1 candidate_phase=2.309 candidate_z=-0.778
[2026-07-21 01:49:46.113] [autoaim] [debug] [Outpost][SELECT] mode=ROTATING selected=1 observed=1 changed=false fresh=false unseen=0.178s phase=0.0deg model_ok=false fire=false diff=-59.5deg cmd=(9.20,-10.56)
[2026-07-21 01:49:46.165] [autoaim] [debug] [Outpost][SELECT_PHASE] current_angle=0.555 target_v_yaw=-2.513 normalized_omega=-2.513 prediction_dt=0.234 future_angle=-0.033 current_plate=1 selected_plate=1 candidate_phase=2.062 candidate_z=-0.778
[2026-07-21 01:49:46.278] [autoaim] [debug] [Outpost][SELECT_PHASE] current_angle=0.261 target_v_yaw=-2.513 normalized_omega=-2.513 prediction_dt=0.229 future_angle=-0.314 current_plate=1 selected_plate=1 candidate_phase=1.781 candidate_z=-0.778
[2026-07-21 01:49:46.298] [autoaim] [debug] [Outpost][SWITCH_COMMIT] t=30731.220 from=1 phase_best=2 height_plate=0 tracked_err=+158.7deg new_phase_err=+38.7deg jump=106.5deg z=-0.691 z_err=0.026 margin=0.041 z_confident=1
[2026-07-21 01:49:46.298] [autoaim] [debug] [Outpost][OBS_ASSOC] seq=7669 state=2 dt=0.3622s world=(3.058,-0.123,-0.691) yaw=44.2deg rho=0.355 radial_res=+0.080 raw_ang=-69.2deg pred=(12.1,132.1,-107.9)deg err=(-81.3,+158.7,+38.7)deg chosen=2 changed=1 corrected=-69.2deg residual=+0.0deg z=(-0.665,-0.778,-0.624) seen=(1,1,1)
[2026-07-21 01:49:46.319] [autoaim] [debug] [Outpost][IDENTITY_LOCK] t=30731.241 tracked=2 phase_best=2 height_candidate=0 tracked_err=+4.2deg new_phase_err=+4.2deg jump=3.7deg z=-0.665 z_err=0.000 margin=0.041
[2026-07-21 01:49:46.319] [autoaim] [debug] [Outpost][OBS_ASSOC] seq=7671 state=2 dt=0.0040s world=(2.972,-0.111,-0.665) yaw=42.3deg rho=0.322 radial_res=+0.047 raw_ang=-82.9deg pred=(32.9,152.9,-87.1)deg err=(-115.8,+124.2,+4.2)deg chosen=2 changed=0 corrected=-82.9deg residual=+0.0deg z=(-0.665,-0.778,-0.624) seen=(1,1,1)
[2026-07-21 01:49:46.352] [autoaim] [debug] [Outpost][OBS_INPUT] seq=7881 candidates=1 confidence=0.997 image=(838.6,493.4) image_dist=95.1 camera=(0.132,-0.055,2.715) gimbal=(2.875,-0.092,-0.635) world=(2.875,-0.092,-0.635) gimbal_ypr=(39.6,7.6,18.9)deg world_ypr=(39.6,7.6,18.9)deg
[2026-07-21 01:49:46.370] [autoaim] [debug] [Outpost][OBS_ASSOC] seq=7681 state=2 dt=0.0042s world=(2.881,-0.082,-0.635) yaw=37.0deg rho=0.296 radial_res=+0.021 raw_ang=-100.0deg pred=(19.2,139.2,-100.8)deg err=(-119.2,+120.8,+0.8)deg chosen=2 changed=0 corrected=-100.0deg residual=+0.0deg z=(-0.665,-0.778,-0.624) seen=(1,1,1)
[2026-07-21 01:49:46.395] [autoaim] [debug] [Outpost][SELECT_PHASE] current_angle=0.213 target_v_yaw=-2.513 normalized_omega=-2.513 prediction_dt=0.228 future_angle=-0.360 current_plate=2 selected_plate=1 candidate_phase=1.734 candidate_z=-0.778
[2026-07-21 01:49:46.402] [autoaim] [debug] [Outpost][OBS_INPUT] seq=7891 candidates=1 confidence=0.999 image=(820.2,489.5) image_dist=80.3 camera=(0.102,-0.060,2.662) gimbal=(2.825,-0.063,-0.616) world=(2.825,-0.063,-0.616) gimbal_ypr=(32.9,9.7,16.4)deg world_ypr=(32.9,9.7,16.4)deg
[2026-07-21 01:49:46.402] [autoaim] [debug] [Outpost][SELECT] mode=ROTATING selected=2 observed=2 changed=true fresh=true unseen=0.000s phase=0.0deg model_ok=true fire=false diff=31.7deg cmd=(1.04,-7.94)
[2026-07-21 01:49:46.465] [autoaim] [debug] [Outpost][OBS_ASSOC] seq=7691 state=2 dt=0.0186s world=(2.815,-0.029,-0.608) yaw=154.5deg rho=0.265 radial_res=-0.010 raw_ang=-116.2deg pred=(1.8,121.8,-118.2)deg err=(-118.0,+122.0,+2.0)deg chosen=2 changed=0 corrected=-116.2deg residual=+0.0deg z=(-0.665,-0.778,-0.624) seen=(1,1,1)
[2026-07-21 01:49:46.480] [autoaim] [debug] [Outpost][OBS_INPUT] seq=7901 candidates=1 confidence=0.967 image=(789.1,484.3) image_dist=59.8 camera=(0.056,-0.067,2.653) gimbal=(2.818,-0.017,-0.607) world=(2.818,-0.017,-0.607) gimbal_ypr=(19.7,13.1,11.5)deg world_ypr=(19.7,13.1,11.5)deg
[2026-07-21 01:49:46.482] [autoaim] [debug] [Outpost][IMU] raw_deg=(0.00,0.00,0.00) solver_rad=(0.0000,-0.0000,0.0000)
[2026-07-21 01:49:46.507] [autoaim] [debug] [Outpost][GEOM_OK] state=2 rho=0.274 res=-0.001 yaw_radial=-68.0deg model_center=(2.932,0.209) center_minus=(3.013,-0.087) center_plus=(2.492,0.091)
[2026-07-21 01:49:46.511] [autoaim] [debug] [Outpost][OBS_ASSOC] seq=7701 state=2 dt=0.0038s world=(2.789,0.004,-0.597) yaw=15.0deg rho=0.250 radial_res=-0.025 raw_ang=-124.9deg pred=(-11.5,108.5,-131.5)deg err=(-113.5,+126.5,+6.5)deg chosen=2 changed=0 corrected=-124.9deg residual=+0.0deg z=(-0.665,-0.778,-0.624) seen=(1,1,1)
[2026-07-21 01:49:46.540] [autoaim] [debug] [Outpost][SELECT_PHASE] current_angle=-0.229 target_v_yaw=-2.513 normalized_omega=-2.513 prediction_dt=0.224 future_angle=-0.793 current_plate=2 selected_plate=2 candidate_phase=-2.887 candidate_z=-0.624
[2026-07-21 01:49:46.550] [autoaim] [debug] [Outpost][OBS_INPUT] seq=7911 candidates=1 confidence=1.000 image=(757.4,481.0) image_dist=49.8 camera=(0.009,-0.070,2.590) gimbal=(2.757,0.029,-0.587) world=(2.757,0.029,-0.587) gimbal_ypr=(173.7,168.6,-177.4)deg world_ypr=(173.7,168.6,-177.4)deg
[2026-07-21 01:49:46.583] [autoaim] [debug] [Outpost][OBS_ASSOC] seq=7711 state=2 dt=0.0042s world=(2.717,0.053,-0.575) yaw=3.0deg rho=0.265 radial_res=-0.010 raw_ang=-144.0deg pred=(-23.7,96.3,-143.7)deg err=(-120.4,+119.6,-0.4)deg chosen=2 changed=0 corrected=-144.0deg residual=+0.0deg z=(-0.665,-0.778,-0.624) seen=(1,1,1)
[2026-07-21 01:49:46.619] [autoaim] [debug] [Outpost][OBS_INPUT] seq=7921 candidates=1 confidence=0.994 image=(721.4,478.8) image_dist=59.6 camera=(-0.041,-0.071,2.504) gimbal=(2.674,0.077,-0.563) world=(2.674,0.077,-0.563) gimbal_ypr=(175.3,-175.5,-179.2)deg world_ypr=(175.3,-175.5,-179.2)deg
[2026-07-21 01:49:46.648] [autoaim] [debug] [Outpost][OBS_ASSOC] seq=7721 state=2 dt=0.0042s world=(2.658,0.096,-0.558) yaw=6.9deg rho=0.296 radial_res=+0.021 raw_ang=-157.6deg pred=(-37.7,82.3,-157.7)deg err=(-119.9,+120.1,+0.1)deg chosen=2 changed=0 corrected=-157.6deg residual=+0.0deg z=(-0.665,-0.778,-0.624) seen=(1,1,1)
[2026-07-21 01:49:46.659] [autoaim] [debug] [Outpost][SELECT_PHASE] current_angle=-0.678 target_v_yaw=-2.513 normalized_omega=-2.513 prediction_dt=0.254 future_angle=-1.316 current_plate=2 selected_plate=2 candidate_phase=-3.411 candidate_z=-0.624
[2026-07-21 01:49:46.677] [autoaim] [debug] [Outpost][OBS_INPUT] seq=7931 candidates=1 confidence=0.998 image=(692.4,478.2) image_dist=78.5 camera=(-0.081,-0.072,2.506) gimbal=(2.676,0.117,-0.562) world=(2.676,0.117,-0.562) gimbal_ypr=(2.8,29.9,0.5)deg world_ypr=(2.8,29.9,0.5)deg
[2026-07-21 01:49:46.696] [autoaim] [debug] [Outpost][OBS_ASSOC] seq=7731 state=2 dt=0.0040s world=(2.674,0.131,-0.562) yaw=0.5deg rho=0.269 radial_res=-0.006 raw_ang=-163.2deg pred=(-43.2,76.8,-163.2)deg err=(-120.0,+120.0,+0.0)deg chosen=2 changed=0 corrected=-163.2deg residual=+0.0deg z=(-0.665,-0.778,-0.624) seen=(1,1,1)
[2026-07-21 01:49:46.728] [autoaim] [debug] [Outpost][OBS_INPUT] seq=7941 candidates=1 confidence=0.999 image=(665.9,478.4) image_dist=99.8 camera=(-0.118,-0.072,2.525) gimbal=(2.693,0.155,-0.567) world=(2.693,0.155,-0.567) gimbal_ypr=(179.8,151.9,177.9)deg world_ypr=(179.8,151.9,177.9)deg
[2026-07-21 01:49:46.732] [autoaim] [debug] [Outpost][SELECT] mode=ROTATING selected=2 observed=2 changed=false fresh=true unseen=0.000s phase=0.0deg model_ok=true fire=false diff=-28.0deg cmd=(7.06,-8.04)
[2026-07-21 01:49:46.760] [autoaim] [debug] [Outpost][OBS_ASSOC] seq=7741 state=2 dt=0.0019s world=(2.732,0.180,-0.578) yaw=9.9deg rho=0.202 radial_res=-0.073 raw_ang=-171.6deg pred=(-51.1,68.9,-171.1)deg err=(-120.6,+119.4,-0.6)deg chosen=2 changed=0 corrected=-171.6deg residual=+0.0deg z=(-0.665,-0.778,-0.624) seen=(1,1,1)
[2026-07-21 01:49:46.781] [autoaim] [debug] [Outpost][SELECT_PHASE] current_angle=-0.963 target_v_yaw=-2.513 normalized_omega=-2.513 prediction_dt=0.248 future_angle=-1.587 current_plate=2 selected_plate=2 candidate_phase=-3.681 candidate_z=-0.624
[2026-07-21 01:49:46.900] [autoaim] [debug] [Outpost][SELECT_PHASE] current_angle=-1.265 target_v_yaw=-2.513 normalized_omega=-2.513 prediction_dt=0.240 future_angle=-1.869 current_plate=2 selected_plate=2 candidate_phase=-3.964 candidate_z=-0.624
[2026-07-21 01:49:47.035] [autoaim] [debug] [Outpost][SELECT_PHASE] current_angle=-1.598 target_v_yaw=-2.513 normalized_omega=-2.513 prediction_dt=0.234 future_angle=-2.185 current_plate=2 selected_plate=2 candidate_phase=-4.279 candidate_z=-0.624
[2026-07-21 01:49:47.089] [autoaim] [debug] [Outpost][SWITCH_COMMIT] t=30732.011 from=2 phase_best=0 height_plate=1 tracked_err=+108.6deg new_phase_err=-11.4deg jump=63.5deg z=-0.738 z_err=0.040 margin=0.033 z_confident=1
[2026-07-21 01:49:47.089] [autoaim] [debug] [Outpost][OBS_ASSOC] seq=7744 state=2 dt=0.3134s world=(2.800,-0.133,-0.738) yaw=55.2deg rho=0.367 radial_res=+0.092 raw_ang=-111.1deg pred=(-99.7,20.3,140.3)deg err=(-11.4,-131.4,+108.6)deg chosen=0 changed=1 corrected=-111.1deg residual=+0.0deg z=(-0.665,-0.778,-0.624) seen=(1,1,1)
[2026-07-21 01:49:47.090] [autoaim] [debug] [Outpost][SELECT] mode=ROTATING selected=0 observed=0 changed=true fresh=true unseen=0.000s phase=0.0deg model_ok=true fire=false diff=31.8deg cmd=(1.03,-8.99)
[2026-07-21 01:49:47.113] [autoaim] [debug] [Outpost][OBS_INPUT] seq=7951 candidates=1 confidence=1.000 image=(862.0,572.2) image_dist=118.5 camera=(0.164,0.061,2.676) gimbal=(2.807,-0.125,-0.737) world=(2.807,-0.125,-0.737) gimbal_ypr=(51.6,2.9,24.1)deg world_ypr=(51.6,2.9,24.1)deg
[2026-07-21 01:49:47.147] [autoaim] [debug] [Outpost][OBS_ASSOC] seq=7751 state=2 dt=0.0019s world=(2.746,-0.110,-0.715) yaw=48.2deg rho=0.369 radial_res=+0.094 raw_ang=-120.2deg pred=(-116.2,3.8,123.8)deg err=(-4.0,-124.0,+116.0)deg chosen=0 changed=0 corrected=-120.2deg residual=+0.0deg z=(-0.665,-0.778,-0.624) seen=(1,1,1)
[2026-07-21 01:49:47.151] [autoaim] [debug] [Outpost][SELECT_PHASE] current_angle=-2.113 target_v_yaw=-2.513 normalized_omega=-2.513 prediction_dt=0.226 future_angle=-2.682 current_plate=0 selected_plate=0 candidate_phase=-2.682 candidate_z=-0.665
[2026-07-21 01:49:47.181] [autoaim] [debug] [Outpost][OBS_INPUT] seq=7961 candidates=1 confidence=0.999 image=(842.8,566.9) image_dist=98.7 camera=(0.131,0.052,2.588) gimbal=(2.725,-0.094,-0.704) world=(2.725,-0.094,-0.704) gimbal_ypr=(43.3,5.1,20.9)deg world_ypr=(43.3,5.1,20.9)deg
[2026-07-21 01:49:47.216] [autoaim] [debug] [Outpost][OBS_ASSOC] seq=7761 state=2 dt=0.0051s world=(2.719,-0.079,-0.699) yaw=38.8deg rho=0.358 radial_res=+0.083 raw_ang=-126.5deg pred=(-127.1,-7.1,112.9)deg err=(+0.6,-119.4,+120.6)deg chosen=0 changed=0 corrected=-126.5deg residual=+0.0deg z=(-0.665,-0.778,-0.624) seen=(1,1,1)
[2026-07-21 01:49:47.246] [autoaim] [debug] [Outpost][OBS_INPUT] seq=7971 candidates=1 confidence=0.999 image=(820.2,562.1) image_dist=76.1 camera=(0.099,0.045,2.566) gimbal=(2.705,-0.062,-0.691) world=(2.705,-0.062,-0.691) gimbal_ypr=(35.4,9.5,17.8)deg world_ypr=(35.4,9.5,17.8)deg
[2026-07-21 01:49:47.278] [autoaim] [debug] [Outpost][OBS_ASSOC] seq=7771 state=2 dt=0.0121s world=(2.699,-0.045,-0.687) yaw=30.8deg rho=0.345 radial_res=+0.070 raw_ang=-132.5deg pred=(-130.4,-10.4,109.6)deg err=(-2.1,-122.1,+117.9)deg chosen=0 changed=0 corrected=-132.5deg residual=+0.0deg z=(-0.665,-0.778,-0.624) seen=(1,1,1)
[2026-07-21 01:49:47.280] [autoaim] [debug] [Outpost][SELECT_PHASE] current_angle=-2.302 target_v_yaw=-2.513 normalized_omega=-2.513 prediction_dt=0.225 future_angle=-2.868 current_plate=0 selected_plate=0 candidate_phase=-2.868 candidate_z=-0.665
[2026-07-21 01:49:47.294] [autoaim] [debug] [Outpost][OBS_INPUT] seq=7981 candidates=1 confidence=0.999 image=(800.4,559.3) image_dist=57.1 camera=(0.070,0.040,2.562) gimbal=(2.701,-0.033,-0.686) world=(2.701,-0.033,-0.686) gimbal_ypr=(28.1,10.8,14.7)deg world_ypr=(28.1,10.8,14.7)deg
[2026-07-21 01:49:47.330] [autoaim] [debug] [Outpost][OBS_ASSOC] seq=7781 state=2 dt=0.0036s world=(2.686,-0.011,-0.679) yaw=22.8deg rho=0.329 radial_res=+0.054 raw_ang=-138.2deg pred=(-138.4,-18.4,101.6)deg err=(+0.2,-119.8,+120.2)deg chosen=0 changed=0 corrected=-138.2deg residual=+0.0deg z=(-0.665,-0.778,-0.624) seen=(1,1,1)
[2026-07-21 01:49:47.366] [autoaim] [debug] [Outpost][OBS_INPUT] seq=7991 candidates=1 confidence=0.998 image=(767.3,555.6) image_dist=30.0 camera=(0.023,0.035,2.571) gimbal=(2.711,0.014,-0.683) world=(2.711,0.014,-0.683) gimbal_ypr=(14.2,11.8,8.7)deg world_ypr=(14.2,11.8,8.7)deg
[2026-07-21 01:49:47.366] [autoaim] [debug] [Outpost][SELECT] mode=ROTATING selected=0 observed=0 changed=false fresh=true unseen=0.000s phase=0.0deg model_ok=true fire=false diff=4.8deg cmd=(3.77,-9.10)
[2026-07-21 01:49:47.394] [autoaim] [debug] [Outpost][OBS_ASSOC] seq=7791 state=2 dt=0.0040s world=(2.657,0.032,-0.666) yaw=14.3deg rho=0.327 radial_res=+0.052 raw_ang=-147.2deg pred=(-145.0,-25.0,95.0)deg err=(-2.2,-122.2,+117.8)deg chosen=0 changed=0 corrected=-147.2deg residual=+0.0deg z=(-0.665,-0.778,-0.624) seen=(1,1,1)
[2026-07-21 01:49:47.398] [autoaim] [debug] [Outpost][SELECT_PHASE] current_angle=-2.523 target_v_yaw=-2.513 normalized_omega=-2.513 prediction_dt=0.262 future_angle=-3.181 current_plate=0 selected_plate=0 candidate_phase=-3.181 candidate_z=-0.665
[2026-07-21 01:49:47.424] [autoaim] [debug] [Outpost][OBS_INPUT] seq=8001 candidates=1 confidence=1.000 image=(739.9,553.6) image_dist=25.7 camera=(-0.015,0.032,2.514) gimbal=(2.656,0.051,-0.665) world=(2.656,0.051,-0.665) gimbal_ypr=(7.9,6.0,5.4)deg world_ypr=(7.9,6.0,5.4)deg
[2026-07-21 01:49:47.440] [autoaim] [debug] [Outpost][GEOM_OK] state=2 rho=0.321 res=+0.046 yaw_radial=-32.6deg model_center=(2.932,0.209) center_minus=(2.920,0.036) center_plus=(2.373,0.089)
[2026-07-21 01:49:47.462] [autoaim] [debug] [Outpost][OBS_ASSOC] seq=7801 state=2 dt=0.0184s world=(2.609,0.075,-0.649) yaw=171.4deg rho=0.349 radial_res=+0.074 raw_ang=-157.5deg pred=(-155.5,-35.5,84.5)deg err=(-2.0,-122.0,+118.0)deg chosen=0 changed=0 corrected=-157.5deg residual=+0.0deg z=(-0.665,-0.778,-0.624) seen=(1,1,1)
[2026-07-21 01:49:47.498] [autoaim] [debug] [Outpost][OBS_INPUT] seq=8011 candidates=1 confidence=1.000 image=(703.6,552.5) image_dist=52.3 camera=(-0.064,0.030,2.459) gimbal=(2.604,0.100,-0.648) world=(2.604,0.100,-0.648) gimbal_ypr=(174.9,177.1,-180.0)deg world_ypr=(174.9,177.1,-180.0)deg
[2026-07-21 01:49:47.531] [autoaim] [debug] [Outpost][OBS_ASSOC] seq=7811 state=2 dt=0.0040s world=(2.611,0.124,-0.649) yaw=4.4deg rho=0.332 radial_res=+0.057 raw_ang=-165.2deg pred=(-165.4,-45.4,74.6)deg err=(+0.1,-119.9,+120.1)deg chosen=0 changed=0 corrected=-165.2deg residual=+0.0deg z=(-0.665,-0.778,-0.624) seen=(1,1,1)
[2026-07-21 01:49:47.536] [autoaim] [debug] [Outpost][SELECT_PHASE] current_angle=-2.892 target_v_yaw=-2.513 normalized_omega=-2.513 prediction_dt=0.254 future_angle=-3.529 current_plate=0 selected_plate=0 candidate_phase=-3.529 candidate_z=-0.665
[2026-07-21 01:49:47.564] [autoaim] [debug] [Outpost][OBS_INPUT] seq=8021 candidates=1 confidence=0.991 image=(669.6,552.2) image_dist=84.3 camera=(-0.112,0.030,2.506) gimbal=(2.648,0.148,-0.660) world=(2.648,0.148,-0.660) gimbal_ypr=(2.1,28.8,0.0)deg world_ypr=(2.1,28.8,0.0)deg
[2026-07-21 01:49:47.596] [autoaim] [debug] [Outpost][OBS_ASSOC] seq=7821 state=2 dt=0.0120s world=(2.665,0.169,-0.666) yaw=1.6deg rho=0.269 radial_res=-0.006 raw_ang=-171.5deg pred=(-171.7,-51.7,68.3)deg err=(+0.2,-119.8,+120.2)deg chosen=0 changed=0 corrected=-171.5deg residual=+0.0deg z=(-0.665,-0.778,-0.624) seen=(1,1,1)
[2026-07-21 01:49:47.611] [autoaim] [debug] [Outpost][OBS_INPUT] seq=8031 candidates=1 confidence=0.997 image=(645.7,552.9) image_dist=107.7 camera=(-0.146,0.031,2.516) gimbal=(2.656,0.182,-0.664) world=(2.656,0.182,-0.664) gimbal_ypr=(172.4,152.6,175.4)deg world_ypr=(172.4,152.6,175.4)deg
[2026-07-21 01:49:47.647] [autoaim] [debug] [Outpost][SELECT_PHASE] current_angle=-3.135 target_v_yaw=-2.513 normalized_omega=-2.513 prediction_dt=0.248 future_angle=-3.759 current_plate=0 selected_plate=0 candidate_phase=-3.759 candidate_z=-0.665
[2026-07-21 01:49:47.714] [autoaim] [debug] [Outpost][IMU] raw_deg=(0.00,0.00,0.00) solver_rad=(0.0000,-0.0000,0.0000)
[2026-07-21 01:49:47.760] [autoaim] [debug] [Outpost][SELECT_PHASE] current_angle=2.865 target_v_yaw=-2.513 normalized_omega=-2.513 prediction_dt=0.242 future_angle=2.258 current_plate=0 selected_plate=0 candidate_phase=2.258 candidate_z=-0.665
[2026-07-21 01:49:47.892] [autoaim] [debug] [Outpost][SELECT_PHASE] current_angle=2.532 target_v_yaw=-2.513 normalized_omega=-2.513 prediction_dt=0.235 future_angle=1.941 current_plate=0 selected_plate=0 candidate_phase=1.941 candidate_z=-0.665
[2026-07-21 01:49:47.991] [autoaim] [debug] [Outpost][SELECT] mode=ROTATING selected=1 observed=0 changed=true fresh=false unseen=0.374s phase=0.0deg model_ok=false fire=false diff=33.7deg cmd=(0.88,-11.27)
[2026-07-21 01:49:47.992] [autoaim] [debug] [Outpost][SELECT] mode=ROTATING selected=1 observed=0 changed=false fresh=false unseen=0.377s phase=0.0deg model_ok=false fire=false diff=33.2deg cmd=(0.88,-11.27)
[2026-07-21 01:49:48.022] [autoaim] [debug] [Outpost][SELECT_PHASE] current_angle=2.206 target_v_yaw=-2.513 normalized_omega=-2.513 prediction_dt=0.230 future_angle=1.628 current_plate=0 selected_plate=1 candidate_phase=3.722 candidate_z=-0.778
[2026-07-21 01:49:48.027] [autoaim] [debug] [Outpost][SWITCH_COMMIT] t=30732.949 from=0 phase_best=1 height_plate=1 tracked_err=+123.5deg new_phase_err=+3.5deg jump=64.2deg z=-0.865 z_err=0.087 margin=0.113 z_confident=0
[2026-07-21 01:49:48.027] [autoaim] [debug] [Outpost][OBS_ASSOC] seq=7828 state=2 dt=0.4118s world=(2.812,-0.107,-0.865) yaw=41.3deg rho=0.338 radial_res=+0.063 raw_ang=-110.8deg pred=(125.7,-114.3,5.7)deg err=(+123.5,+3.5,-116.5)deg chosen=1 changed=1 corrected=-110.8deg residual=+0.0deg z=(-0.665,-0.778,-0.624) seen=(1,1,1)
[2026-07-21 01:49:48.041] [autoaim] [debug] [Outpost][OBS_ASSOC] seq=7831 state=2 dt=0.0050s world=(2.748,-0.096,-0.841) yaw=40.7deg rho=0.356 radial_res=+0.081 raw_ang=-121.1deg pred=(127.0,-113.0,7.0)deg err=(+111.9,-8.1,-128.1)deg chosen=1 changed=0 corrected=-121.1deg residual=+0.0deg z=(-0.665,-0.778,-0.624) seen=(1,1,1)
[2026-07-21 01:49:48.068] [autoaim] [debug] [Outpost][OBS_INPUT] seq=8041 candidates=1 confidence=1.000 image=(831.9,651.1) image_dist=145.2 camera=(0.118,0.175,2.640) gimbal=(2.741,-0.081,-0.836) world=(2.741,-0.081,-0.836) gimbal_ypr=(36.1,8.7,18.8)deg world_ypr=(36.1,8.7,18.8)deg
[2026-07-21 01:49:48.102] [autoaim] [debug] [Outpost][OBS_ASSOC] seq=7841 state=2 dt=0.0080s world=(2.721,-0.061,-0.826) yaw=31.2deg rho=0.342 radial_res=+0.067 raw_ang=-127.9deg pred=(108.6,-131.4,-11.4)deg err=(+123.5,+3.5,-116.5)deg chosen=1 changed=0 corrected=-127.9deg residual=+0.0deg z=(-0.665,-0.778,-0.624) seen=(1,1,1)
[2026-07-21 01:49:48.134] [autoaim] [debug] [Outpost][OBS_INPUT] seq=8051 candidates=1 confidence=0.998 image=(804.8,647.4) image_dist=128.7 camera=(0.077,0.166,2.589) gimbal=(2.693,-0.041,-0.814) world=(2.693,-0.041,-0.814) gimbal_ypr=(25.7,8.4,14.5)deg world_ypr=(25.7,8.4,14.5)deg
[2026-07-21 01:49:48.134] [autoaim] [debug] [Outpost][SELECT_PHASE] current_angle=1.854 target_v_yaw=-2.513 normalized_omega=-2.513 prediction_dt=0.228 future_angle=1.282 current_plate=1 selected_plate=1 candidate_phase=3.376 candidate_z=-0.778
[2026-07-21 01:49:48.169] [autoaim] [debug] [Outpost][OBS_ASSOC] seq=7851 state=2 dt=0.0084s world=(2.702,-0.019,-0.815) yaw=20.1deg rho=0.324 radial_res=+0.049 raw_ang=-135.2deg pred=(106.3,-133.7,-13.7)deg err=(+118.5,-1.5,-121.5)deg chosen=1 changed=0 corrected=-135.2deg residual=+0.0deg z=(-0.665,-0.778,-0.624) seen=(1,1,1)
[2026-07-21 01:49:48.201] [autoaim] [debug] [Outpost][OBS_INPUT] seq=8061 candidates=1 confidence=1.000 image=(772.3,644.1) image_dist=115.7 camera=(0.031,0.161,2.577) gimbal=(2.683,0.006,-0.806) world=(2.683,0.006,-0.806) gimbal_ypr=(12.9,13.8,8.8)deg world_ypr=(12.9,13.8,8.8)deg
[2026-07-21 01:49:48.221] [autoaim] [debug] [Outpost][OBS_ASSOC] seq=7861 state=2 dt=0.0040s world=(2.649,0.020,-0.793) yaw=10.6deg rho=0.340 radial_res=+0.065 raw_ang=-146.2deg pred=(93.6,-146.4,-26.4)deg err=(+120.1,+0.1,-119.9)deg chosen=1 changed=0 corrected=-146.2deg residual=+0.0deg z=(-0.665,-0.778,-0.624) seen=(1,1,1)
[2026-07-21 01:49:48.249] [autoaim] [debug] [Outpost][OBS_INPUT] seq=8071 candidates=1 confidence=0.992 image=(748.1,642.4) image_dist=112.0 camera=(-0.004,0.155,2.525) gimbal=(2.634,0.040,-0.786) world=(2.634,0.040,-0.786) gimbal_ypr=(175.8,148.3,-178.6)deg world_ypr=(175.8,148.3,-178.6)deg
[2026-07-21 01:49:48.250] [autoaim] [debug] [Outpost][SELECT_PHASE] current_angle=1.563 target_v_yaw=-2.513 normalized_omega=-2.513 prediction_dt=0.256 future_angle=0.919 current_plate=1 selected_plate=1 candidate_phase=3.013 candidate_z=-0.778
[2026-07-21 01:49:48.281] [autoaim] [debug] [Outpost][OBS_ASSOC] seq=7871 state=2 dt=0.0040s world=(2.583,0.062,-0.768) yaw=176.1deg rho=0.378 radial_res=+0.103 raw_ang=-157.1deg pred=(83.4,-156.6,-36.6)deg err=(+119.5,-0.5,-120.5)deg chosen=1 changed=0 corrected=-157.1deg residual=+0.0deg z=(-0.665,-0.778,-0.624) seen=(1,1,1)
[2026-07-21 01:49:48.311] [autoaim] [debug] [Outpost][OBS_INPUT] seq=8081 candidates=1 confidence=0.999 image=(717.1,641.3) image_dist=115.9 camera=(-0.046,0.149,2.454) gimbal=(2.567,0.081,-0.761) world=(2.567,0.081,-0.761) gimbal_ypr=(5.2,2.6,3.6)deg world_ypr=(5.2,2.6,3.6)deg
[2026-07-21 01:49:48.331] [autoaim] [debug] [Outpost][OBS_ASSOC] seq=7881 state=2 dt=0.0040s world=(2.573,0.095,-0.763) yaw=7.1deg rho=0.377 radial_res=+0.102 raw_ang=-162.4deg pred=(77.2,-162.8,-42.8)deg err=(+120.4,+0.4,-119.6)deg chosen=1 changed=0 corrected=-162.4deg residual=+0.0deg z=(-0.665,-0.778,-0.624) seen=(1,1,1)
[2026-07-21 01:49:48.361] [autoaim] [debug] [Outpost][OBS_INPUT] seq=8091 candidates=1 confidence=0.998 image=(689.9,641.0) image_dist=126.3 camera=(-0.083,0.148,2.450) gimbal=(2.563,0.117,-0.759) world=(2.563,0.117,-0.759) gimbal_ypr=(6.9,36.4,3.0)deg world_ypr=(6.9,36.4,3.0)deg
[2026-07-21 01:49:48.362] [autoaim] [debug] [Outpost][SELECT_PHASE] current_angle=1.290 target_v_yaw=-2.513 normalized_omega=-2.513 prediction_dt=0.248 future_angle=0.666 current_plate=1 selected_plate=1 candidate_phase=2.761 candidate_z=-0.778
[2026-07-21 01:49:48.390] [autoaim] [debug] [Outpost][OBS_ASSOC] seq=7891 state=2 dt=0.0041s world=(2.566,0.137,-0.760) yaw=2.9deg rho=0.373 radial_res=+0.098 raw_ang=-168.8deg pred=(71.0,-169.0,-49.0)deg err=(+120.2,+0.2,-119.8)deg chosen=1 changed=0 corrected=-168.8deg residual=+0.0deg z=(-0.665,-0.778,-0.624) seen=(1,1,1)
[2026-07-21 01:49:48.426] [autoaim] [debug] [Outpost][OBS_INPUT] seq=8101 candidates=1 confidence=0.997 image=(657.0,640.9) image_dist=145.1 camera=(-0.130,0.152,2.501) gimbal=(2.609,0.165,-0.777) world=(2.609,0.165,-0.777) gimbal_ypr=(7.4,6.2,1.2)deg world_ypr=(7.4,6.2,1.2)deg
[2026-07-21 01:49:48.453] [autoaim] [debug] [Outpost][GEOM_OK] state=2 rho=0.309 res=+0.034 yaw_radial=178.9deg model_center=(2.932,0.209) center_minus=(2.350,0.165) center_plus=(2.899,0.201)
[2026-07-21 01:49:48.456] [autoaim] [debug] [Outpost][OBS_ASSOC] seq=7901 state=2 dt=0.0057s world=(2.640,0.187,-0.787) yaw=3.8deg rho=0.293 radial_res=+0.018 raw_ang=-175.7deg pred=(64.1,-175.9,-55.9)deg err=(+120.2,+0.2,-119.8)deg chosen=1 changed=0 corrected=-175.7deg residual=+0.0deg z=(-0.665,-0.778,-0.624) seen=(1,1,1)
[2026-07-21 01:49:48.474] [autoaim] [debug] [Outpost][SELECT_PHASE] current_angle=1.073 target_v_yaw=-2.513 normalized_omega=-2.513 prediction_dt=0.245 future_angle=0.457 current_plate=1 selected_plate=1 candidate_phase=2.552 candidate_z=-0.778
[2026-07-21 01:49:48.570] [autoaim] [debug] [Outpost][SELECT] mode=ROTATING selected=1 observed=1 changed=false fresh=true unseen=0.108s phase=0.0deg model_ok=true fire=false diff=-51.1deg cmd=(8.79,-10.85)
[2026-07-21 01:49:48.602] [autoaim] [debug] [Outpost][SELECT_PHASE] current_angle=0.751 target_v_yaw=-2.513 normalized_omega=-2.513 prediction_dt=0.238 future_angle=0.153 current_plate=1 selected_plate=1 candidate_phase=2.247 candidate_z=-0.778
[2026-07-21 01:49:48.707] [autoaim] [debug] [Outpost][SELECT_PHASE] current_angle=0.488 target_v_yaw=-2.513 normalized_omega=-2.513 prediction_dt=0.233 future_angle=-0.096 current_plate=1 selected_plate=1 candidate_phase=1.998 candidate_z=-0.778
[2026-07-21 01:49:48.820] [autoaim] [debug] [Outpost][SWITCH_COMMIT] t=30733.742 from=1 phase_best=2 height_plate=0 tracked_err=+161.9deg new_phase_err=+41.9deg jump=110.5deg z=-0.695 z_err=0.030 margin=0.041 z_confident=1
[2026-07-21 01:49:48.820] [autoaim] [debug] [Outpost][OBS_ASSOC] seq=7904 state=2 dt=0.3573s world=(3.078,-0.124,-0.695) yaw=42.9deg rho=0.364 radial_res=+0.089 raw_ang=-66.3deg pred=(11.8,131.8,-108.2)deg err=(-78.1,+161.9,+41.9)deg chosen=2 changed=1 corrected=-66.3deg residual=+0.0deg z=(-0.665,-0.778,-0.624) seen=(1,1,1)
[2026-07-21 01:49:48.827] [autoaim] [debug] [Outpost][OBS_INPUT] seq=8111 candidates=1 confidence=0.990 image=(851.7,497.5) image_dist=105.9 camera=(0.161,-0.052,2.900) gimbal=(3.053,-0.119,-0.688) world=(3.053,-0.119,-0.688) gimbal_ypr=(42.8,7.1,21.8)deg world_ypr=(42.8,7.1,21.8)deg
[2026-07-21 01:49:48.845] [autoaim] [debug] [Outpost][SELECT_PHASE] current_angle=0.570 target_v_yaw=-2.513 normalized_omega=-2.513 prediction_dt=0.234 future_angle=-0.018 current_plate=2 selected_plate=1 candidate_phase=2.076 candidate_z=-0.778
[2026-07-21 01:49:48.856] [autoaim] [debug] [Outpost][OBS_ASSOC] seq=7911 state=2 dt=0.0050s world=(2.890,-0.100,-0.641) yaw=41.9deg rho=0.312 radial_res=+0.037 raw_ang=-97.7deg pred=(25.2,145.2,-94.8)deg err=(-122.9,+117.1,-2.9)deg chosen=2 changed=0 corrected=-97.7deg residual=+0.0deg z=(-0.665,-0.778,-0.624) seen=(1,1,1)
[2026-07-21 01:49:48.889] [autoaim] [debug] [Outpost][OBS_INPUT] seq=8121 candidates=1 confidence=0.989 image=(833.2,492.2) image_dist=90.5 camera=(0.123,-0.056,2.699) gimbal=(2.861,-0.083,-0.630) world=(2.861,-0.083,-0.630) gimbal_ypr=(37.6,9.0,18.5)deg world_ypr=(37.6,9.0,18.5)deg
[2026-07-21 01:49:48.904] [autoaim] [debug] [Outpost][SELECT] mode=ROTATING selected=2 observed=2 changed=true fresh=true unseen=0.000s phase=0.0deg model_ok=true fire=false diff=30.5deg cmd=(1.15,-7.96)
[2026-07-21 01:49:48.919] [autoaim] [debug] [Outpost][IMU] raw_deg=(0.00,0.00,0.00) solver_rad=(0.0000,-0.0000,0.0000)
[2026-07-21 01:49:48.922] [autoaim] [debug] [Outpost][OBS_ASSOC] seq=7921 state=2 dt=0.0159s world=(2.847,-0.066,-0.622) yaw=32.7deg rho=0.288 radial_res=+0.013 raw_ang=-107.2deg pred=(5.1,125.1,-114.9)deg err=(-112.3,+127.7,+7.7)deg chosen=2 changed=0 corrected=-107.2deg residual=+0.0deg z=(-0.665,-0.778,-0.624) seen=(1,1,1)
[2026-07-21 01:49:48.940] [autoaim] [debug] [Outpost][OBS_INPUT] seq=8131 candidates=1 confidence=0.986 image=(814.1,488.0) image_dist=76.0 camera=(0.094,-0.062,2.687) gimbal=(2.850,-0.055,-0.621) world=(2.850,-0.055,-0.621) gimbal_ypr=(29.2,10.2,14.9)deg world_ypr=(29.2,10.2,14.9)deg
[2026-07-21 01:49:48.957] [autoaim] [debug] [Outpost][SELECT_PHASE] current_angle=0.219 target_v_yaw=-2.513 normalized_omega=-2.513 prediction_dt=0.228 future_angle=-0.354 current_plate=2 selected_plate=2 candidate_phase=-2.449 candidate_z=-0.624
[2026-07-21 01:49:48.967] [autoaim] [debug] [Outpost][OBS_ASSOC] seq=7931 state=2 dt=0.0040s world=(2.843,-0.037,-0.616) yaw=24.9deg rho=0.262 radial_res=-0.013 raw_ang=-109.9deg pred=(11.3,131.3,-108.7)deg err=(-121.3,+118.7,-1.3)deg chosen=2 changed=0 corrected=-109.9deg residual=+0.0deg z=(-0.665,-0.778,-0.624) seen=(1,1,1)
[2026-07-21 01:49:48.996] [autoaim] [debug] [Outpost][OBS_INPUT] seq=8141 candidates=1 confidence=0.999 image=(790.1,484.4) image_dist=60.4 camera=(0.057,-0.066,2.616) gimbal=(2.782,-0.019,-0.598) world=(2.782,-0.019,-0.598) gimbal_ypr=(21.8,11.8,11.7)deg world_ypr=(21.8,11.8,11.7)deg
[2026-07-21 01:49:49.028] [autoaim] [debug] [Outpost][OBS_ASSOC] seq=7941 state=2 dt=0.0122s world=(2.758,0.001,-0.589) yaw=161.8deg rho=0.271 radial_res=-0.004 raw_ang=-129.9deg pred=(-0.6,119.4,-120.6)deg err=(-129.4,+110.6,-9.4)deg chosen=2 changed=0 corrected=-129.9deg residual=+0.0deg z=(-0.665,-0.778,-0.624) seen=(1,1,1)
[2026-07-21 01:49:49.044] [autoaim] [debug] [Outpost][OBS_INPUT] seq=8151 candidates=1 confidence=0.998 image=(767.6,481.9) image_dist=51.3 camera=(0.023,-0.069,2.582) gimbal=(2.749,0.015,-0.586) world=(2.749,0.015,-0.586) gimbal_ypr=(165.0,168.6,-178.4)deg world_ypr=(165.0,168.6,-178.4)deg
[2026-07-21 01:49:49.065] [autoaim] [debug] [Outpost][SELECT_PHASE] current_angle=-0.245 target_v_yaw=-2.513 normalized_omega=-2.513 prediction_dt=0.224 future_angle=-0.809 current_plate=2 selected_plate=2 candidate_phase=-2.903 candidate_z=-0.624
[2026-07-21 01:49:49.076] [autoaim] [debug] [Outpost][OBS_ASSOC] seq=7951 state=2 dt=0.0041s world=(2.737,0.037,-0.581) yaw=172.7deg rho=0.260 radial_res=-0.015 raw_ang=-138.6deg pred=(-14.5,105.5,-134.5)deg err=(-124.1,+115.9,-4.1)deg chosen=2 changed=0 corrected=-138.6deg residual=+0.0deg z=(-0.665,-0.778,-0.624) seen=(1,1,1)
[2026-07-21 01:49:49.104] [autoaim] [debug] [Outpost][OBS_INPUT] seq=8161 candidates=1 confidence=1.000 image=(737.7,479.6) image_dist=52.5 camera=(-0.019,-0.071,2.543) gimbal=(2.712,0.056,-0.573) world=(2.712,0.056,-0.573) gimbal_ypr=(179.2,-179.3,-177.0)deg world_ypr=(179.2,-179.3,-177.0)deg
[2026-07-21 01:49:49.139] [autoaim] [debug] [Outpost][OBS_ASSOC] seq=7961 state=2 dt=0.0136s world=(2.674,0.077,-0.563) yaw=9.2deg rho=0.290 radial_res=+0.015 raw_ang=-152.9deg pred=(-33.8,86.2,-153.8)deg err=(-119.1,+120.9,+0.9)deg chosen=2 changed=0 corrected=-152.9deg residual=+0.0deg z=(-0.665,-0.778,-0.624) seen=(1,1,1)
[2026-07-21 01:49:49.149] [autoaim] [debug] [Outpost][SELECT] mode=ROTATING selected=2 observed=2 changed=false fresh=true unseen=0.000s phase=0.0deg model_ok=true fire=false diff=-14.8deg cmd=(5.69,-8.23)
[2026-07-21 01:49:49.156] [autoaim] [debug] [Outpost][OBS_INPUT] seq=8171 candidates=1 confidence=0.897 image=(711.2,478.4) image_dist=65.6 camera=(-0.055,-0.071,2.500) gimbal=(2.670,0.091,-0.561) world=(2.670,0.091,-0.561) gimbal_ypr=(7.0,30.3,2.8)deg world_ypr=(7.0,30.3,2.8)deg
[2026-07-21 01:49:49.176] [autoaim] [debug] [Outpost][SELECT_PHASE] current_angle=-0.677 target_v_yaw=-2.513 normalized_omega=-2.513 prediction_dt=0.254 future_angle=-1.315 current_plate=2 selected_plate=2 candidate_phase=-3.410 candidate_z=-0.624
[2026-07-21 01:49:49.188] [autoaim] [debug] [Outpost][OBS_ASSOC] seq=7971 state=2 dt=0.0040s world=(2.664,0.113,-0.559) yaw=3.8deg rho=0.285 radial_res=+0.010 raw_ang=-160.3deg pred=(-40.4,79.6,-160.4)deg err=(-119.9,+120.1,+0.1)deg chosen=2 changed=0 corrected=-160.3deg residual=+0.0deg z=(-0.665,-0.778,-0.624) seen=(1,1,1)
[2026-07-21 01:49:49.217] [autoaim] [debug] [Outpost][OBS_INPUT] seq=8181 candidates=1 confidence=0.974 image=(680.7,478.0) image_dist=87.7 camera=(-0.097,-0.072,2.505) gimbal=(2.674,0.133,-0.562) world=(2.674,0.133,-0.562) gimbal_ypr=(0.6,30.0,-0.7)deg world_ypr=(0.6,30.0,-0.7)deg
[2026-07-21 01:49:49.249] [autoaim] [debug] [Outpost][OBS_ASSOC] seq=7981 state=2 dt=0.0039s world=(2.699,0.156,-0.569) yaw=4.9deg rho=0.239 radial_res=-0.036 raw_ang=-167.2deg pred=(-48.3,71.7,-168.3)deg err=(-119.0,+121.0,+1.0)deg chosen=2 changed=0 corrected=-167.2deg residual=+0.0deg z=(-0.665,-0.778,-0.624) seen=(1,1,1)
[2026-07-21 01:49:49.280] [autoaim] [debug] [Outpost][OBS_INPUT] seq=8191 candidates=1 confidence=1.000 image=(651.4,478.8) image_dist=112.3 camera=(-0.141,-0.073,2.574) gimbal=(2.740,0.179,-0.580) world=(2.740,0.179,-0.580) gimbal_ypr=(3.0,26.0,-2.3)deg world_ypr=(3.0,26.0,-2.3)deg
[2026-07-21 01:49:49.285] [autoaim] [debug] [Outpost][SELECT_PHASE] current_angle=-0.920 target_v_yaw=-2.513 normalized_omega=-2.513 prediction_dt=0.248 future_angle=-1.544 current_plate=2 selected_plate=2 candidate_phase=-3.638 candidate_z=-0.624
[2026-07-21 01:49:49.297] [autoaim] [debug] [Outpost][OBS_ASSOC] seq=7991 state=2 dt=0.0025s world=(2.787,0.195,-0.593) yaw=3.7deg rho=0.145 radial_res=-0.130 raw_ang=-174.7deg pred=(-54.1,65.9,-174.1)deg err=(-120.5,+119.5,-0.5)deg chosen=2 changed=0 corrected=-174.7deg residual=+0.0deg z=(-0.665,-0.778,-0.624) seen=(1,1,1)
[2026-07-21 01:49:49.405] [autoaim] [debug] [Outpost][SELECT_PHASE] current_angle=-1.227 target_v_yaw=-2.513 normalized_omega=-2.513 prediction_dt=0.241 future_angle=-1.833 current_plate=2 selected_plate=2 candidate_phase=-3.928 candidate_z=-0.624
[2026-07-21 01:49:49.511] [autoaim] [debug] [Outpost][SELECT_PHASE] current_angle=-1.493 target_v_yaw=-2.513 normalized_omega=-2.513 prediction_dt=0.236 future_angle=-2.085 current_plate=2 selected_plate=2 candidate_phase=-4.180 candidate_z=-0.624
[2026-07-21 01:49:49.608] [autoaim] [debug] [Outpost][SWITCH_COMMIT] t=30734.530 from=2 phase_best=0 height_plate=1 tracked_err=+107.4deg new_phase_err=-12.6deg jump=62.6deg z=-0.736 z_err=0.042 margin=0.029 z_confident=1
[2026-07-21 01:49:49.608] [autoaim] [debug] [Outpost][OBS_ASSOC] seq=7992 state=2 dt=0.3110s world=(2.793,-0.133,-0.736) yaw=55.0deg rho=0.370 radial_res=+0.095 raw_ang=-112.1deg pred=(-99.5,20.5,140.5)deg err=(-12.6,-132.6,+107.4)deg chosen=0 changed=1 corrected=-112.1deg residual=+0.0deg z=(-0.665,-0.778,-0.624) seen=(1,1,1)
[2026-07-21 01:49:49.608] [autoaim] [debug] [Outpost][SELECT] mode=ROTATING selected=0 observed=0 changed=true fresh=true unseen=0.000s phase=0.0deg model_ok=true fire=false diff=30.9deg cmd=(1.12,-9.01)
[2026-07-21 01:49:49.622] [autoaim] [debug] [Outpost][OBS_INPUT] seq=8201 candidates=1 confidence=0.847 image=(864.2,573.1) image_dist=120.9 camera=(0.167,0.063,2.675) gimbal=(2.806,-0.129,-0.738) world=(2.806,-0.129,-0.738) gimbal_ypr=(52.6,1.9,24.5)deg world_ypr=(52.6,1.9,24.5)deg
[2026-07-21 01:49:49.639] [autoaim] [debug] [Outpost][SELECT_PHASE] current_angle=-1.923 target_v_yaw=-2.513 normalized_omega=-2.513 prediction_dt=0.228 future_angle=-2.497 current_plate=0 selected_plate=0 candidate_phase=-2.497 candidate_z=-0.665
[2026-07-21 01:49:49.650] [autoaim] [debug] [Outpost][GEOM_OK] state=2 rho=0.381 res=+0.106 yaw_radial=171.7deg model_center=(2.932,0.209) center_minus=(2.553,-0.325) center_plus=(2.908,0.095)
[2026-07-21 01:49:49.654] [autoaim] [debug] [Outpost][OBS_ASSOC] seq=8001 state=2 dt=0.0039s world=(2.748,-0.114,-0.716) yaw=48.7deg rho=0.372 radial_res=+0.097 raw_ang=-119.7deg pred=(-122.4,-2.4,117.6)deg err=(+2.8,-117.2,+122.8)deg chosen=0 changed=0 corrected=-119.7deg residual=+0.0deg z=(-0.665,-0.778,-0.624) seen=(1,1,1)
[2026-07-21 01:49:49.682] [autoaim] [debug] [Outpost][OBS_INPUT] seq=8211 candidates=1 confidence=0.960 image=(848.2,568.2) image_dist=104.2 camera=(0.140,0.054,2.614) gimbal=(2.749,-0.103,-0.713) world=(2.749,-0.103,-0.713) gimbal_ypr=(45.6,5.6,21.7)deg world_ypr=(45.6,5.6,21.7)deg
[2026-07-21 01:49:49.716] [autoaim] [debug] [Outpost][OBS_ASSOC] seq=8011 state=2 dt=0.0035s world=(2.732,-0.088,-0.705) yaw=41.1deg rho=0.358 radial_res=+0.083 raw_ang=-124.0deg pred=(-125.3,-5.3,114.7)deg err=(+1.3,-118.7,+121.3)deg chosen=0 changed=0 corrected=-124.0deg residual=+0.0deg z=(-0.665,-0.778,-0.624) seen=(1,1,1)
[2026-07-21 01:49:49.727] [autoaim] [debug] [Outpost][SELECT] mode=ROTATING selected=0 observed=0 changed=false fresh=true unseen=0.000s phase=0.0deg model_ok=true fire=false diff=17.0deg cmd=(2.43,-8.93)
[2026-07-21 01:49:49.750] [autoaim] [debug] [Outpost][OBS_INPUT] seq=8221 candidates=1 confidence=1.000 image=(827.3,563.2) image_dist=83.0 camera=(0.109,0.046,2.567) gimbal=(2.705,-0.072,-0.692) world=(2.705,-0.072,-0.692) gimbal_ypr=(37.5,7.3,18.4)deg world_ypr=(37.5,7.3,18.4)deg
[2026-07-21 01:49:49.751] [autoaim] [debug] [Outpost][SELECT_PHASE] current_angle=-2.281 target_v_yaw=-2.513 normalized_omega=-2.513 prediction_dt=0.225 future_angle=-2.847 current_plate=0 selected_plate=0 candidate_phase=-2.847 candidate_z=-0.665
[2026-07-21 01:49:49.767] [autoaim] [debug] [Outpost][OBS_ASSOC] seq=8021 state=2 dt=0.0040s world=(2.698,-0.061,-0.689) yaw=34.6deg rho=0.357 radial_res=+0.082 raw_ang=-130.9deg pred=(-131.2,-11.2,108.8)deg err=(+0.4,-119.6,+120.4)deg chosen=0 changed=0 corrected=-130.9deg residual=+0.0deg z=(-0.665,-0.778,-0.624) seen=(1,1,1)
[2026-07-21 01:49:49.799] [autoaim] [debug] [Outpost][OBS_INPUT] seq=8231 candidates=1 confidence=0.999 image=(807.0,560.1) image_dist=63.4 camera=(0.080,0.042,2.574) gimbal=(2.713,-0.043,-0.690) world=(2.713,-0.043,-0.690) gimbal_ypr=(30.2,10.4,15.3)deg world_ypr=(30.2,10.4,15.3)deg
[2026-07-21 01:49:49.834] [autoaim] [debug] [Outpost][OBS_ASSOC] seq=8031 state=2 dt=0.0073s world=(2.681,-0.023,-0.678) yaw=26.4deg rho=0.342 radial_res=+0.067 raw_ang=-137.2deg pred=(-134.6,-14.6,105.4)deg err=(-2.6,-122.6,+117.4)deg chosen=0 changed=0 corrected=-137.2deg residual=+0.0deg z=(-0.665,-0.778,-0.624) seen=(1,1,1)
[2026-07-21 01:49:49.862] [autoaim] [debug] [Outpost][OBS_INPUT] seq=8241 candidates=1 confidence=0.999 image=(780.5,557.0) image_dist=39.7 camera=(0.042,0.037,2.541) gimbal=(2.682,-0.005,-0.676) world=(2.682,-0.005,-0.676) gimbal_ypr=(20.9,9.2,11.4)deg world_ypr=(20.9,9.2,11.4)deg
[2026-07-21 01:49:49.863] [autoaim] [debug] [Outpost][SELECT_PHASE] current_angle=-2.373 target_v_yaw=-2.513 normalized_omega=-2.513 prediction_dt=0.225 future_angle=-2.938 current_plate=0 selected_plate=0 candidate_phase=-2.938 candidate_z=-0.665
[2026-07-21 01:49:49.891] [autoaim] [debug] [Outpost][OBS_ASSOC] seq=8041 state=2 dt=0.0039s world=(2.711,0.017,-0.683) yaw=13.2deg rho=0.293 radial_res=+0.018 raw_ang=-139.0deg pred=(-139.5,-19.5,100.5)deg err=(+0.5,-119.5,+120.5)deg chosen=0 changed=0 corrected=-139.0deg residual=+0.0deg z=(-0.665,-0.778,-0.624) seen=(1,1,1)
[2026-07-21 01:49:49.924] [autoaim] [debug] [Outpost][OBS_INPUT] seq=8251 candidates=1 confidence=0.999 image=(749.5,554.1) image_dist=23.7 camera=(-0.002,0.033,2.531) gimbal=(2.673,0.038,-0.670) world=(2.673,0.038,-0.670) gimbal_ypr=(10.6,10.3,6.7)deg world_ypr=(10.6,10.3,6.7)deg
[2026-07-21 01:49:49.943] [autoaim] [debug] [Outpost][OBS_ASSOC] seq=8051 state=2 dt=0.0040s world=(2.681,0.053,-0.672) yaw=2.0deg rho=0.296 radial_res=+0.021 raw_ang=-148.2deg pred=(-149.0,-29.0,91.0)deg err=(+0.8,-119.2,+120.8)deg chosen=0 changed=0 corrected=-148.2deg residual=+0.0deg z=(-0.665,-0.778,-0.624) seen=(1,1,1)
[2026-07-21 01:49:50.003] [autoaim] [debug] [Outpost][OBS_INPUT] seq=8261 candidates=1 confidence=1.000 image=(711.0,552.4) image_dist=45.7 camera=(-0.055,0.030,2.469) gimbal=(2.613,0.090,-0.650) world=(2.613,0.090,-0.650) gimbal_ypr=(174.1,176.2,179.8)deg world_ypr=(174.1,176.2,179.8)deg
[2026-07-21 01:49:50.004] [autoaim] [debug] [Outpost][SELECT_PHASE] current_angle=-2.793 target_v_yaw=-2.513 normalized_omega=-2.513 prediction_dt=0.256 future_angle=-3.436 current_plate=0 selected_plate=0 candidate_phase=-3.436 candidate_z=-0.665
[2026-07-21 01:49:50.027] [autoaim] [debug] [Outpost][OBS_ASSOC] seq=8061 state=2 dt=0.0040s world=(2.603,0.109,-0.647) yaw=177.6deg rho=0.344 radial_res=+0.069 raw_ang=-163.1deg pred=(-163.3,-43.3,76.7)deg err=(+0.1,-119.9,+120.1)deg chosen=0 changed=0 corrected=-163.1deg residual=+0.0deg z=(-0.665,-0.778,-0.624) seen=(1,1,1)
[2026-07-21 01:49:50.047] [autoaim] [debug] [Outpost][OBS_INPUT] seq=8271 candidates=1 confidence=0.999 image=(686.4,552.4) image_dist=68.3 camera=(-0.088,0.030,2.480) gimbal=(2.623,0.124,-0.653) world=(2.623,0.124,-0.653) gimbal_ypr=(4.4,31.3,1.3)deg world_ypr=(4.4,31.3,1.3)deg
[2026-07-21 01:49:50.075] [autoaim] [debug] [Outpost][IMU] raw_deg=(0.00,0.00,0.00) solver_rad=(0.0000,-0.0000,0.0000)
[2026-07-21 01:49:50.080] [autoaim] [debug] [Outpost][OBS_ASSOC] seq=8071 state=2 dt=0.0039s world=(2.635,0.147,-0.657) yaw=2.3deg rho=0.303 radial_res=+0.028 raw_ang=-168.2deg pred=(-168.5,-48.5,71.5)deg err=(+0.3,-119.7,+120.3)deg chosen=0 changed=0 corrected=-168.2deg residual=+0.0deg z=(-0.665,-0.778,-0.624) seen=(1,1,1)
[2026-07-21 01:49:50.112] [autoaim] [debug] [Outpost][OBS_INPUT] seq=8281 candidates=1 confidence=0.993 image=(654.3,552.4) image_dist=99.3 camera=(-0.133,0.030,2.492) gimbal=(2.634,0.169,-0.657) world=(2.634,0.169,-0.657) gimbal_ypr=(172.7,153.9,175.8)deg world_ypr=(172.7,153.9,175.8)deg
[2026-07-21 01:49:50.116] [autoaim] [debug] [Outpost][SELECT_PHASE] current_angle=-3.017 target_v_yaw=-2.513 normalized_omega=-2.513 prediction_dt=0.248 future_angle=-3.641 current_plate=0 selected_plate=0 candidate_phase=-3.641 candidate_z=-0.665
[2026-07-21 01:49:50.260] [autoaim] [debug] [Outpost][SELECT_PHASE] current_angle=2.913 target_v_yaw=-2.513 normalized_omega=-2.513 prediction_dt=0.243 future_angle=2.303 current_plate=0 selected_plate=0 candidate_phase=2.303 candidate_z=-0.665
[2026-07-21 01:49:50.357] [autoaim] [debug] [Outpost][SELECT] mode=ROTATING selected=0 observed=0 changed=false fresh=false unseen=0.237s phase=0.0deg model_ok=false fire=false diff=-65.5deg cmd=(9.36,-8.11)
[2026-07-21 01:49:50.369] [autoaim] [debug] [Outpost][SELECT_PHASE] current_angle=2.641 target_v_yaw=-2.513 normalized_omega=-2.513 prediction_dt=0.237 future_angle=2.045 current_plate=0 selected_plate=0 candidate_phase=2.045 candidate_z=-0.665
[2026-07-21 01:49:50.497] [autoaim] [debug] [Outpost][SELECT_PHASE] current_angle=2.327 target_v_yaw=-2.513 normalized_omega=-2.513 prediction_dt=0.232 future_angle=1.745 current_plate=0 selected_plate=1 candidate_phase=3.839 candidate_z=-0.778
[2026-07-21 01:49:50.497] [autoaim] [debug] [Outpost][SELECT] mode=ROTATING selected=1 observed=0 changed=true fresh=false unseen=0.373s phase=0.0deg model_ok=false fire=false diff=35.8deg cmd=(0.70,-11.22)
[2026-07-21 01:49:50.542] [autoaim] [debug] [Outpost][SWITCH_COMMIT] t=30735.464 from=0 phase_best=1 height_plate=1 tracked_err=+125.3deg new_phase_err=+5.3deg jump=64.6deg z=-0.871 z_err=0.093 margin=0.113 z_confident=0
[2026-07-21 01:49:50.542] [autoaim] [debug] [Outpost][OBS_ASSOC] seq=8079 state=2 dt=0.4217s world=(2.827,-0.108,-0.871) yaw=41.2deg rho=0.334 radial_res=+0.059 raw_ang=-108.3deg pred=(126.4,-113.6,6.4)deg err=(+125.3,+5.3,-114.7)deg chosen=1 changed=1 corrected=-108.3deg residual=+0.0deg z=(-0.665,-0.778,-0.624) seen=(1,1,1)
[2026-07-21 01:49:50.555] [autoaim] [debug] [Outpost][OBS_ASSOC] seq=8081 state=2 dt=0.0043s world=(2.835,-0.102,-0.873) yaw=38.6deg rho=0.326 radial_res=+0.051 raw_ang=-107.3deg pred=(132.2,-107.8,12.2)deg err=(+120.5,+0.5,-119.5)deg chosen=1 changed=0 corrected=-107.3deg residual=+0.0deg z=(-0.665,-0.778,-0.624) seen=(1,1,1)
[2026-07-21 01:49:50.586] [autoaim] [debug] [Outpost][OBS_INPUT] seq=8291 candidates=1 confidence=0.980 image=(832.4,650.6) image_dist=145.1 camera=(0.121,0.178,2.690) gimbal=(2.788,-0.083,-0.853) world=(2.788,-0.083,-0.853) gimbal_ypr=(34.5,8.5,18.2)deg world_ypr=(34.5,8.5,18.2)deg
[2026-07-21 01:49:50.607] [autoaim] [debug] [Outpost][SELECT_PHASE] current_angle=2.024 target_v_yaw=-2.513 normalized_omega=-2.513 prediction_dt=0.229 future_angle=1.449 current_plate=1 selected_plate=1 candidate_phase=3.543 candidate_z=-0.778
[2026-07-21 01:49:50.614] [autoaim] [debug] [Outpost][OBS_ASSOC] seq=8091 state=2 dt=0.0039s world=(2.741,-0.065,-0.834) yaw=31.7deg rho=0.334 radial_res=+0.059 raw_ang=-124.9deg pred=(114.9,-125.1,-5.1)deg err=(+120.2,+0.2,-119.8)deg chosen=1 changed=0 corrected=-124.9deg residual=+0.0deg z=(-0.665,-0.778,-0.624) seen=(1,1,1)
[2026-07-21 01:49:50.646] [autoaim] [debug] [Outpost][OBS_INPUT] seq=8301 candidates=1 confidence=1.000 image=(807.7,647.5) image_dist=130.1 camera=(0.083,0.169,2.625) gimbal=(2.727,-0.045,-0.826) world=(2.727,-0.045,-0.826) gimbal_ypr=(26.0,10.3,14.5)deg world_ypr=(26.0,10.3,14.5)deg
[2026-07-21 01:49:50.677] [autoaim] [debug] [Outpost][GEOM_OK] state=2 rho=0.321 res=+0.046 yaw_radial=154.8deg model_center=(2.932,0.209) center_minus=(2.459,-0.130) center_plus=(2.969,0.076)
[2026-07-21 01:49:50.679] [autoaim] [debug] [Outpost][OBS_ASSOC] seq=8101 state=2 dt=0.0042s world=(2.729,-0.024,-0.825) yaw=19.9deg rho=0.309 radial_res=+0.034 raw_ang=-131.0deg pred=(106.6,-133.4,-13.4)deg err=(+122.4,+2.4,-117.6)deg chosen=1 changed=0 corrected=-131.0deg residual=+0.0deg z=(-0.665,-0.778,-0.624) seen=(1,1,1)
[2026-07-21 01:49:50.714] [autoaim] [debug] [Outpost][OBS_INPUT] seq=8311 candidates=1 confidence=0.998 image=(778.3,644.6) image_dist=117.4 camera=(0.039,0.163,2.589) gimbal=(2.694,-0.002,-0.811) world=(2.694,-0.002,-0.811) gimbal_ypr=(14.4,10.1,9.2)deg world_ypr=(14.4,10.1,9.2)deg
[2026-07-21 01:49:50.718] [autoaim] [debug] [Outpost][SELECT_PHASE] current_angle=1.669 target_v_yaw=-2.513 normalized_omega=-2.513 prediction_dt=0.259 future_angle=1.019 current_plate=1 selected_plate=1 candidate_phase=3.114 candidate_z=-0.778
[2026-07-21 01:49:50.744] [autoaim] [debug] [Outpost][OBS_ASSOC] seq=8111 state=2 dt=0.0143s world=(2.652,0.020,-0.794) yaw=10.2deg rho=0.338 radial_res=+0.063 raw_ang=-145.9deg pred=(96.7,-143.3,-23.3)deg err=(+117.4,-2.6,-122.6)deg chosen=1 changed=0 corrected=-145.9deg residual=+0.0deg z=(-0.665,-0.778,-0.624) seen=(1,1,1)
[2026-07-21 01:49:50.763] [autoaim] [debug] [Outpost][OBS_INPUT] seq=8321 candidates=1 confidence=0.999 image=(752.5,642.8) image_dist=112.3 camera=(0.002,0.157,2.546) gimbal=(2.653,0.034,-0.794) world=(2.653,0.034,-0.794) gimbal_ypr=(2.2,29.6,4.1)deg world_ypr=(2.2,29.6,4.1)deg
[2026-07-21 01:49:50.796] [autoaim] [debug] [Outpost][OBS_ASSOC] seq=8121 state=2 dt=0.0040s world=(2.605,0.056,-0.776) yaw=5.5deg rho=0.361 radial_res=+0.086 raw_ang=-154.9deg pred=(84.5,-155.5,-35.5)deg err=(+120.6,+0.6,-119.4)deg chosen=1 changed=0 corrected=-154.9deg residual=+0.0deg z=(-0.665,-0.778,-0.624) seen=(1,1,1)
[2026-07-21 01:49:50.822] [autoaim] [debug] [Outpost][OBS_INPUT] seq=8331 candidates=1 confidence=1.000 image=(721.7,641.5) image_dist=114.9 camera=(-0.039,0.150,2.459) gimbal=(2.571,0.074,-0.763) world=(2.571,0.074,-0.763) gimbal_ypr=(10.8,35.5,5.5)deg world_ypr=(10.8,35.5,5.5)deg
[2026-07-21 01:49:50.831] [autoaim] [debug] [Outpost][SELECT_PHASE] current_angle=1.391 target_v_yaw=-2.513 normalized_omega=-2.513 prediction_dt=0.253 future_angle=0.756 current_plate=1 selected_plate=1 candidate_phase=2.851 candidate_z=-0.778
[2026-07-21 01:49:50.854] [autoaim] [debug] [Outpost][OBS_ASSOC] seq=8131 state=2 dt=0.0041s world=(2.561,0.097,-0.759) yaw=7.1deg rho=0.387 radial_res=+0.112 raw_ang=-163.2deg pred=(76.5,-163.5,-43.5)deg err=(+120.3,+0.3,-119.7)deg chosen=1 changed=0 corrected=-163.2deg residual=+0.0deg z=(-0.665,-0.778,-0.624) seen=(1,1,1)
[2026-07-21 01:49:50.885] [autoaim] [debug] [Outpost][OBS_INPUT] seq=8341 candidates=1 confidence=0.995 image=(689.9,640.7) image_dist=126.1 camera=(-0.083,0.148,2.450) gimbal=(2.563,0.117,-0.759) world=(2.563,0.117,-0.759) gimbal_ypr=(6.9,36.4,3.0)deg world_ypr=(6.9,36.4,3.0)deg
[2026-07-21 01:49:50.903] [autoaim] [debug] [Outpost][OBS_ASSOC] seq=8141 state=2 dt=0.0037s world=(2.566,0.132,-0.761) yaw=2.8deg rho=0.374 radial_res=+0.099 raw_ang=-168.1deg pred=(71.5,-168.5,-48.5)deg err=(+120.4,+0.4,-119.6)deg chosen=1 changed=0 corrected=-168.1deg residual=+0.0deg z=(-0.665,-0.778,-0.624) seen=(1,1,1)
[2026-07-21 01:49:50.931] [autoaim] [debug] [Outpost][OBS_INPUT] seq=8351 candidates=1 confidence=0.999 image=(664.4,640.8) image_dist=140.3 camera=(-0.118,0.150,2.479) gimbal=(2.589,0.154,-0.769) world=(2.589,0.154,-0.769) gimbal_ypr=(4.4,4.3,0.8)deg world_ypr=(4.4,4.3,0.8)deg
[2026-07-21 01:49:50.931] [autoaim] [debug] [Outpost][SELECT] mode=ROTATING selected=1 observed=1 changed=false fresh=true unseen=0.000s phase=0.0deg model_ok=true fire=false diff=-30.8deg cmd=(7.26,-11.33)
[2026-07-21 01:49:50.939] [autoaim] [debug] [Outpost][SELECT_PHASE] current_angle=1.192 target_v_yaw=-2.513 normalized_omega=-2.513 prediction_dt=0.248 future_angle=0.568 current_plate=1 selected_plate=1 candidate_phase=2.662 candidate_z=-0.778
[2026-07-21 01:49:50.959] [autoaim] [debug] [Outpost][OBS_ASSOC] seq=8151 state=2 dt=0.0038s world=(2.629,0.177,-0.783) yaw=3.4deg rho=0.304 radial_res=+0.029 raw_ang=-173.9deg pred=(66.0,-174.0,-54.0)deg err=(+120.1,+0.1,-119.9)deg chosen=1 changed=0 corrected=-173.9deg residual=+0.0deg z=(-0.665,-0.778,-0.624) seen=(1,1,1)
[2026-07-21 01:49:51.060] [autoaim] [debug] [Outpost][SELECT_PHASE] current_angle=0.905 target_v_yaw=-2.513 normalized_omega=-2.513 prediction_dt=0.241 future_angle=0.298 current_plate=1 selected_plate=1 candidate_phase=2.393 candidate_z=-0.778
[2026-07-21 01:49:51.173] [autoaim] [debug] [Outpost][SELECT_PHASE] current_angle=0.620 target_v_yaw=-2.513 normalized_omega=-2.513 prediction_dt=0.235 future_angle=0.029 current_plate=1 selected_plate=1 candidate_phase=2.123 candidate_z=-0.778
[2026-07-21 01:49:51.241] [autoaim] [debug] [Outpost][IMU] raw_deg=(0.00,0.00,0.00) solver_rad=(0.0000,-0.0000,0.0000)
[2026-07-21 01:49:51.277] [autoaim] [debug] [Outpost][SELECT_PHASE] current_angle=0.359 target_v_yaw=-2.513 normalized_omega=-2.513 prediction_dt=0.230 future_angle=-0.219 current_plate=1 selected_plate=1 candidate_phase=1.875 candidate_z=-0.778
[2026-07-21 01:49:51.328] [autoaim] [debug] [Outpost][SELECT] mode=ROTATING selected=2 observed=1 changed=true fresh=false unseen=0.353s phase=0.0deg model_ok=false fire=false diff=36.0deg cmd=(0.68,-7.85)
[2026-07-21 01:49:51.351] [autoaim] [debug] [Outpost][OBS_INPUT] seq=8361 candidates=1 confidence=0.999 image=(851.6,497.4) image_dist=105.8 camera=(0.161,-0.052,2.900) gimbal=(3.053,-0.119,-0.688) world=(3.053,-0.119,-0.688) gimbal_ypr=(42.5,7.2,21.8)deg world_ypr=(42.5,7.2,21.8)deg
[2026-07-21 01:49:51.351] [autoaim] [debug] [Outpost][SWITCH_COMMIT] t=30736.271 from=1 phase_best=2 height_plate=0 tracked_err=+160.1deg new_phase_err=+40.1deg jump=106.3deg z=-0.688 z_err=0.023 margin=0.041 z_confident=1
[2026-07-21 01:49:51.351] [autoaim] [debug] [Outpost][OBS_ASSOC] seq=8156 state=2 dt=0.3734s world=(3.053,-0.119,-0.688) yaw=42.5deg rho=0.350 radial_res=+0.075 raw_ang=-69.7deg pred=(10.2,130.2,-109.8)deg err=(-79.9,+160.1,+40.1)deg chosen=2 changed=1 corrected=-69.7deg residual=+0.0deg z=(-0.665,-0.778,-0.624) seen=(1,1,1)
[2026-07-21 01:49:51.353] [autoaim] [debug] [Outpost][IDENTITY_LOCK] t=30736.275 tracked=2 phase_best=2 height_candidate=0 tracked_err=-19.8deg new_phase_err=-19.8deg jump=20.4deg z=-0.655 z_err=0.010 margin=0.021
[2026-07-21 01:49:51.368] [autoaim] [debug] [Outpost][OBS_ASSOC] seq=8161 state=2 dt=0.0039s world=(2.957,-0.106,-0.659) yaw=41.1deg rho=0.316 radial_res=+0.041 raw_ang=-85.4deg pred=(36.0,156.0,-84.0)deg err=(-121.4,+118.6,-1.4)deg chosen=2 changed=0 corrected=-85.4deg residual=+0.0deg z=(-0.665,-0.778,-0.624) seen=(1,1,1)
[2026-07-21 01:49:51.388] [autoaim] [debug] [Outpost][SELECT_PHASE] current_angle=0.522 target_v_yaw=-2.513 normalized_omega=-2.513 prediction_dt=0.233 future_angle=-0.064 current_plate=2 selected_plate=2 candidate_phase=-2.158 candidate_z=-0.624
[2026-07-21 01:49:51.396] [autoaim] [debug] [Outpost][OBS_INPUT] seq=8371 candidates=1 confidence=0.996 image=(836.3,492.6) image_dist=93.3 camera=(0.130,-0.057,2.765) gimbal=(2.924,-0.090,-0.647) world=(2.924,-0.090,-0.647) gimbal_ypr=(37.6,9.3,18.8)deg world_ypr=(37.6,9.3,18.8)deg
[2026-07-21 01:49:51.429] [autoaim] [debug] [Outpost][OBS_ASSOC] seq=8171 state=2 dt=0.0041s world=(2.838,-0.070,-0.621) yaw=34.6deg rho=0.295 radial_res=+0.020 raw_ang=-108.6deg pred=(20.5,140.5,-99.5)deg err=(-129.1,+110.9,-9.1)deg chosen=2 changed=0 corrected=-108.6deg residual=+0.0deg z=(-0.665,-0.778,-0.624) seen=(1,1,1)
[2026-07-21 01:49:51.461] [autoaim] [debug] [Outpost][OBS_INPUT] seq=8381 candidates=1 confidence=0.999 image=(812.4,487.9) image_dist=74.6 camera=(0.090,-0.062,2.659) gimbal=(2.823,-0.052,-0.614) world=(2.823,-0.052,-0.614) gimbal_ypr=(29.7,10.8,15.1)deg world_ypr=(29.7,10.8,15.1)deg
[2026-07-21 01:49:51.495] [autoaim] [debug] [Outpost][OBS_ASSOC] seq=8181 state=2 dt=0.0041s world=(2.808,-0.031,-0.607) yaw=153.5deg rho=0.270 radial_res=-0.005 raw_ang=-117.2deg pred=(2.0,122.0,-118.0)deg err=(-119.2,+120.8,+0.8)deg chosen=2 changed=0 corrected=-117.2deg residual=+0.0deg z=(-0.665,-0.778,-0.624) seen=(1,1,1)
[2026-07-21 01:49:51.501] [autoaim] [debug] [Outpost][SELECT] mode=ROTATING selected=2 observed=2 changed=false fresh=true unseen=0.000s phase=0.0deg model_ok=true fire=false diff=26.3deg cmd=(1.53,-8.03)
[2026-07-21 01:49:51.505] [autoaim] [debug] [Outpost][SELECT_PHASE] current_angle=-0.048 target_v_yaw=-2.513 normalized_omega=-2.513 prediction_dt=0.225 future_angle=-0.615 current_plate=2 selected_plate=2 candidate_phase=-2.709 candidate_z=-0.624
[2026-07-21 01:49:51.532] [autoaim] [debug] [Outpost][OBS_INPUT] seq=8391 candidates=1 confidence=0.988 image=(783.4,483.6) image_dist=56.9 camera=(0.047,-0.067,2.624) gimbal=(2.790,-0.009,-0.599) world=(2.790,-0.009,-0.599) gimbal_ypr=(19.1,13.6,10.9)deg world_ypr=(19.1,13.6,10.9)deg
[2026-07-21 01:49:51.573] [autoaim] [debug] [Outpost][OBS_ASSOC] seq=8191 state=2 dt=0.0202s world=(2.778,0.018,-0.593) yaw=11.7deg rho=0.245 radial_res=-0.030 raw_ang=-128.8deg pred=(-7.9,112.1,-127.9)deg err=(-120.9,+119.1,-0.9)deg chosen=2 changed=0 corrected=-128.8deg residual=+0.0deg z=(-0.665,-0.778,-0.624) seen=(1,1,1)
[2026-07-21 01:49:51.605] [autoaim] [debug] [Outpost][OBS_INPUT] seq=8401 candidates=1 confidence=0.996 image=(749.8,480.5) image_dist=50.0 camera=(-0.002,-0.070,2.556) gimbal=(2.724,0.039,-0.578) world=(2.724,0.039,-0.578) gimbal_ypr=(172.3,176.0,-178.4)deg world_ypr=(172.3,176.0,-178.4)deg
[2026-07-21 01:49:51.617] [autoaim] [debug] [Outpost][GEOM_OK] state=2 rho=0.277 res=+0.002 yaw_radial=-42.3deg model_center=(2.932,0.209) center_minus=(2.979,0.015) center_plus=(2.433,0.084)
[2026-07-21 01:49:51.621] [autoaim] [debug] [Outpost][OBS_ASSOC] seq=8201 state=2 dt=0.0039s world=(2.685,0.052,-0.567) yaw=170.5deg rho=0.293 radial_res=+0.018 raw_ang=-147.5deg pred=(-25.4,94.6,-145.4)deg err=(-122.1,+117.9,-2.1)deg chosen=2 changed=0 corrected=-147.5deg residual=+0.0deg z=(-0.665,-0.778,-0.624) seen=(1,1,1)
[2026-07-21 01:49:51.646] [autoaim] [debug] [Outpost][SELECT_PHASE] current_angle=-0.544 target_v_yaw=-2.513 normalized_omega=-2.513 prediction_dt=0.257 future_angle=-1.190 current_plate=2 selected_plate=2 candidate_phase=-3.284 candidate_z=-0.624
[2026-07-21 01:49:51.654] [autoaim] [debug] [Outpost][OBS_INPUT] seq=8411 candidates=1 confidence=0.977 image=(724.2,478.9) image_dist=58.2 camera=(-0.036,-0.071,2.504) gimbal=(2.674,0.073,-0.563) world=(2.674,0.073,-0.563) gimbal_ypr=(9.1,29.9,3.9)deg world_ypr=(9.1,29.9,3.9)deg
[2026-07-21 01:49:51.685] [autoaim] [debug] [Outpost][OBS_ASSOC] seq=8211 state=2 dt=0.0040s world=(2.670,0.095,-0.561) yaw=7.1deg rho=0.285 radial_res=+0.010 raw_ang=-156.5deg pred=(-36.6,83.4,-156.6)deg err=(-119.9,+120.1,+0.1)deg chosen=2 changed=0 corrected=-156.5deg residual=+0.0deg z=(-0.665,-0.778,-0.624) seen=(1,1,1)
[2026-07-21 01:49:51.718] [autoaim] [debug] [Outpost][OBS_INPUT] seq=8421 candidates=1 confidence=0.999 image=(691.4,478.1) image_dist=79.3 camera=(-0.082,-0.072,2.506) gimbal=(2.675,0.119,-0.562) world=(2.675,0.119,-0.562) gimbal_ypr=(1.2,26.8,-0.2)deg world_ypr=(1.2,26.8,-0.2)deg
[2026-07-21 01:49:51.750] [autoaim] [debug] [Outpost][OBS_ASSOC] seq=8221 state=2 dt=0.0044s world=(2.681,0.142,-0.564) yaw=178.1deg rho=0.260 radial_res=-0.015 raw_ang=-165.0deg pred=(-44.8,75.2,-164.8)deg err=(-120.2,+119.8,-0.2)deg chosen=2 changed=0 corrected=-165.0deg residual=+0.0deg z=(-0.665,-0.778,-0.624) seen=(1,1,1)
[2026-07-21 01:49:51.762] [autoaim] [debug] [Outpost][SELECT_PHASE] current_angle=-0.797 target_v_yaw=-2.513 normalized_omega=-2.513 prediction_dt=0.248 future_angle=-1.421 current_plate=2 selected_plate=2 candidate_phase=-3.515 candidate_z=-0.624
[2026-07-21 01:49:51.789] [autoaim] [debug] [Outpost][OBS_INPUT] seq=8431 candidates=1 confidence=0.956 image=(659.4,478.5) image_dist=105.4 camera=(-0.127,-0.072,2.513) gimbal=(2.682,0.163,-0.564) world=(2.682,0.163,-0.564) gimbal_ypr=(173.3,150.9,175.6)deg world_ypr=(173.3,150.9,175.6)deg
[2026-07-21 01:49:51.902] [autoaim] [debug] [Outpost][SELECT_PHASE] current_angle=-1.155 target_v_yaw=-2.513 normalized_omega=-2.513 prediction_dt=0.243 future_angle=-1.765 current_plate=2 selected_plate=2 candidate_phase=-3.859 candidate_z=-0.624
[2026-07-21 01:49:52.014] [autoaim] [debug] [Outpost][SELECT_PHASE] current_angle=-1.437 target_v_yaw=-2.513 normalized_omega=-2.513 prediction_dt=0.237 future_angle=-2.031 current_plate=2 selected_plate=2 candidate_phase=-4.126 candidate_z=-0.624
[2026-07-21 01:49:52.115] [autoaim] [debug] [Outpost][SELECT] mode=ROTATING selected=2 observed=2 changed=false fresh=false unseen=0.313s phase=0.0deg model_ok=false fire=false diff=-74.4deg cmd=(9.64,-7.02)
[2026-07-21 01:49:52.119] [autoaim] [debug] [Outpost][SELECT_PHASE] current_angle=-1.699 target_v_yaw=-2.513 normalized_omega=-2.513 prediction_dt=0.232 future_angle=-2.282 current_plate=2 selected_plate=2 candidate_phase=-4.376 candidate_z=-0.624
[2026-07-21 01:49:52.131] [autoaim] [debug] [Outpost][SWITCH_COMMIT] t=30737.052 from=2 phase_best=0 height_plate=1 tracked_err=+107.4deg new_phase_err=-12.6deg jump=60.2deg z=-0.737 z_err=0.041 margin=0.030 z_confident=1
[2026-07-21 01:49:52.131] [autoaim] [debug] [Outpost][OBS_ASSOC] seq=8231 state=2 dt=0.3278s world=(2.797,-0.134,-0.737) yaw=55.0deg rho=0.368 radial_res=+0.093 raw_ang=-111.5deg pred=(-98.9,21.1,141.1)deg err=(-12.6,-132.6,+107.4)deg chosen=0 changed=1 corrected=-111.5deg residual=+0.0deg z=(-0.665,-0.778,-0.624) seen=(1,1,1)
[2026-07-21 01:49:52.131] [autoaim] [debug] [Outpost][SELECT] mode=ROTATING selected=0 observed=0 changed=true fresh=true unseen=0.000s phase=0.0deg model_ok=true fire=false diff=31.5deg cmd=(1.06,-9.00)
[2026-07-21 01:49:52.163] [autoaim] [debug] [Outpost][OBS_INPUT] seq=8441 candidates=1 confidence=1.000 image=(859.6,571.4) image_dist=116.0 camera=(0.160,0.060,2.676) gimbal=(2.807,-0.122,-0.735) world=(2.807,-0.122,-0.735) gimbal_ypr=(50.4,4.6,23.7)deg world_ypr=(50.4,4.6,23.7)deg
[2026-07-21 01:49:52.199] [autoaim] [debug] [Outpost][OBS_ASSOC] seq=8241 state=2 dt=0.0067s world=(2.741,-0.106,-0.711) yaw=46.8deg rho=0.368 radial_res=+0.093 raw_ang=-121.2deg pred=(-111.5,8.5,128.5)deg err=(-9.7,-129.7,+110.3)deg chosen=0 changed=0 corrected=-121.2deg residual=+0.0deg z=(-0.665,-0.778,-0.624) seen=(1,1,1)
[2026-07-21 01:49:52.228] [autoaim] [debug] [Outpost][OBS_INPUT] seq=8451 candidates=1 confidence=1.000 image=(840.4,566.0) image_dist=96.1 camera=(0.127,0.050,2.580) gimbal=(2.717,-0.090,-0.700) world=(2.717,-0.090,-0.700) gimbal_ypr=(42.7,6.0,20.7)deg world_ypr=(42.7,6.0,20.7)deg
[2026-07-21 01:49:52.240] [autoaim] [debug] [Outpost][SELECT_PHASE] current_angle=-2.117 target_v_yaw=-2.513 normalized_omega=-2.513 prediction_dt=0.226 future_angle=-2.686 current_plate=0 selected_plate=0 candidate_phase=-2.686 candidate_z=-0.665
[2026-07-21 01:49:52.261] [autoaim] [debug] [Outpost][OBS_ASSOC] seq=8251 state=2 dt=0.0014s world=(2.719,-0.075,-0.698) yaw=37.8deg rho=0.355 radial_res=+0.080 raw_ang=-127.0deg pred=(-122.1,-2.1,117.9)deg err=(-4.8,-124.8,+115.2)deg chosen=0 changed=0 corrected=-127.0deg residual=+0.0deg z=(-0.665,-0.778,-0.624) seen=(1,1,1)
[2026-07-21 01:49:52.296] [autoaim] [debug] [Outpost][OBS_INPUT] seq=8461 candidates=1 confidence=1.000 image=(817.1,561.7) image_dist=73.1 camera=(0.094,0.044,2.561) gimbal=(2.700,-0.057,-0.689) world=(2.700,-0.057,-0.689) gimbal_ypr=(34.5,9.7,17.0)deg world_ypr=(34.5,9.7,17.0)deg
[2026-07-21 01:49:52.315] [autoaim] [debug] [Outpost][OBS_ASSOC] seq=8261 state=2 dt=0.0042s world=(2.701,-0.046,-0.688) yaw=31.4deg rho=0.344 radial_res=+0.069 raw_ang=-132.2deg pred=(-129.7,-9.7,110.3)deg err=(-2.5,-122.5,+117.5)deg chosen=0 changed=0 corrected=-132.2deg residual=+0.0deg z=(-0.665,-0.778,-0.624) seen=(1,1,1)
[2026-07-21 01:49:52.348] [autoaim] [debug] [Outpost][OBS_INPUT] seq=8471 candidates=1 confidence=0.999 image=(793.8,558.5) image_dist=51.1 camera=(0.061,0.040,2.564) gimbal=(2.703,-0.024,-0.685) world=(2.703,-0.024,-0.685) gimbal_ypr=(24.7,8.8,13.5)deg world_ypr=(24.7,8.8,13.5)deg
[2026-07-21 01:49:52.378] [autoaim] [debug] [Outpost][SELECT_PHASE] current_angle=-2.461 target_v_yaw=-2.513 normalized_omega=-2.513 prediction_dt=0.263 future_angle=-3.122 current_plate=0 selected_plate=0 candidate_phase=-3.122 candidate_z=-0.665
[2026-07-21 01:49:52.399] [autoaim] [debug] [Outpost][OBS_ASSOC] seq=8271 state=2 dt=0.0155s world=(2.709,0.007,-0.683) yaw=17.6deg rho=0.300 radial_res=+0.025 raw_ang=-137.8deg pred=(-142.5,-22.5,97.5)deg err=(+4.7,-115.3,+124.7)deg chosen=0 changed=0 corrected=-137.8deg residual=+0.0deg z=(-0.665,-0.778,-0.624) seen=(1,1,1)
[2026-07-21 01:49:52.417] [autoaim] [debug] [Outpost][OBS_INPUT] seq=8481 candidates=1 confidence=0.999 image=(762.5,555.1) image_dist=27.2 camera=(0.016,0.034,2.511) gimbal=(2.654,0.020,-0.666) world=(2.654,0.020,-0.666) gimbal_ypr=(17.7,12.8,9.5)deg world_ypr=(17.7,12.8,9.5)deg
[2026-07-21 01:49:52.444] [autoaim] [debug] [Outpost][OBS_ASSOC] seq=8281 state=2 dt=0.0040s world=(2.666,0.039,-0.668) yaw=9.3deg rho=0.315 radial_res=+0.040 raw_ang=-147.5deg pred=(-148.9,-28.9,91.1)deg err=(+1.4,-118.6,+121.4)deg chosen=0 changed=0 corrected=-147.5deg residual=+0.0deg z=(-0.665,-0.778,-0.624) seen=(1,1,1)
[2026-07-21 01:49:52.447] [autoaim] [debug] [Outpost][IMU] raw_deg=(0.00,0.00,0.00) solver_rad=(0.0000,-0.0000,0.0000)
[2026-07-21 01:49:52.473] [autoaim] [debug] [Outpost][OBS_INPUT] seq=8491 candidates=1 confidence=0.996 image=(734.7,553.1) image_dist=28.0 camera=(-0.023,0.032,2.494) gimbal=(2.637,0.058,-0.659) world=(2.637,0.058,-0.659) gimbal_ypr=(172.0,172.7,-179.6)deg world_ypr=(172.0,172.7,-179.6)deg
[2026-07-21 01:49:52.485] [autoaim] [debug] [Outpost][SELECT_PHASE] current_angle=-2.674 target_v_yaw=-2.513 normalized_omega=-2.513 prediction_dt=0.258 future_angle=-3.323 current_plate=0 selected_plate=0 candidate_phase=-3.323 candidate_z=-0.665
[2026-07-21 01:49:52.504] [autoaim] [debug] [Outpost][OBS_ASSOC] seq=8291 state=2 dt=0.0122s world=(2.625,0.077,-0.654) yaw=11.3deg rho=0.334 radial_res=+0.059 raw_ang=-156.7deg pred=(-155.4,-35.4,84.6)deg err=(-1.3,-121.3,+118.7)deg chosen=0 changed=0 corrected=-156.7deg residual=+0.0deg z=(-0.665,-0.778,-0.624) seen=(1,1,1)
[2026-07-21 01:49:52.520] [autoaim] [debug] [Outpost][OBS_INPUT] seq=8501 candidates=1 confidence=0.999 image=(710.9,552.3) image_dist=45.7 camera=(-0.055,0.030,2.469) gimbal=(2.613,0.090,-0.650) world=(2.613,0.090,-0.650) gimbal_ypr=(174.1,176.2,179.8)deg world_ypr=(174.1,176.2,179.8)deg
[2026-07-21 01:49:52.545] [autoaim] [debug] [Outpost][GEOM_OK] state=2 rho=0.334 res=+0.059 yaw_radial=-20.7deg model_center=(2.932,0.209) center_minus=(2.888,0.093) center_plus=(2.339,0.121)
[2026-07-21 01:49:52.560] [autoaim] [debug] [Outpost][OBS_ASSOC] seq=8301 state=2 dt=0.0053s world=(2.608,0.109,-0.649) yaw=179.4deg rho=0.339 radial_res=+0.064 raw_ang=-162.9deg pred=(-163.0,-43.0,77.0)deg err=(+0.0,-120.0,+120.0)deg chosen=0 changed=0 corrected=-162.9deg residual=+0.0deg z=(-0.665,-0.778,-0.624) seen=(1,1,1)
[2026-07-21 01:49:52.589] [autoaim] [debug] [Outpost][OBS_INPUT] seq=8511 candidates=1 confidence=1.000 image=(676.0,552.1) image_dist=78.2 camera=(-0.103,0.030,2.494) gimbal=(2.636,0.139,-0.657) world=(2.636,0.139,-0.657) gimbal_ypr=(3.3,6.7,0.7)deg world_ypr=(3.3,6.7,0.7)deg
[2026-07-21 01:49:52.612] [autoaim] [debug] [Outpost][SELECT_PHASE] current_angle=-2.952 target_v_yaw=-2.513 normalized_omega=-2.513 prediction_dt=0.252 future_angle=-3.586 current_plate=0 selected_plate=0 candidate_phase=-3.586 candidate_z=-0.665
[2026-07-21 01:49:52.618] [autoaim] [debug] [Outpost][OBS_ASSOC] seq=8311 state=2 dt=0.0043s world=(2.652,0.160,-0.662) yaw=178.6deg rho=0.284 radial_res=+0.009 raw_ang=-170.1deg pred=(-170.1,-50.1,69.9)deg err=(+0.1,-119.9,+120.1)deg chosen=0 changed=0 corrected=-170.1deg residual=+0.0deg z=(-0.665,-0.778,-0.624) seen=(1,1,1)
[2026-07-21 01:49:52.654] [autoaim] [debug] [Outpost][OBS_INPUT] seq=8521 candidates=1 confidence=0.992 image=(643.8,552.9) image_dist=109.6 camera=(-0.149,0.031,2.523) gimbal=(2.663,0.185,-0.666) world=(2.663,0.185,-0.666) gimbal_ypr=(173.3,149.7,175.3)deg world_ypr=(173.3,149.7,175.3)deg
[2026-07-21 01:49:52.729] [autoaim] [debug] [Outpost][SELECT_PHASE] current_angle=3.038 target_v_yaw=-2.513 normalized_omega=-2.513 prediction_dt=0.248 future_angle=2.414 current_plate=0 selected_plate=0 candidate_phase=2.414 candidate_z=-0.665
[2026-07-21 01:49:52.729] [autoaim] [debug] [Outpost][SELECT] mode=ROTATING selected=0 observed=0 changed=false fresh=true unseen=0.068s phase=0.0deg model_ok=true fire=false diff=-45.9deg cmd=(8.43,-8.68)
[2026-07-21 01:49:52.838] [autoaim] [debug] [Outpost][SELECT_PHASE] current_angle=2.765 target_v_yaw=-2.513 normalized_omega=-2.513 prediction_dt=0.240 future_angle=2.163 current_plate=0 selected_plate=0 candidate_phase=2.163 candidate_z=-0.665
[2026-07-21 01:49:52.969] [autoaim] [debug] [Outpost][SELECT_PHASE] current_angle=2.442 target_v_yaw=-2.513 normalized_omega=-2.513 prediction_dt=0.234 future_angle=1.855 current_plate=0 selected_plate=0 candidate_phase=1.855 candidate_z=-0.665
[2026-07-21 01:49:53.038] [autoaim] [debug] [Outpost][SELECT] mode=ROTATING selected=1 observed=0 changed=true fresh=false unseen=0.373s phase=0.0deg model_ok=false fire=false diff=32.6deg cmd=(0.97,-11.29)
[2026-07-21 01:49:53.071] [autoaim] [debug] [Outpost][SWITCH_COMMIT] t=30737.990 from=0 phase_best=1 height_plate=1 tracked_err=+124.9deg new_phase_err=+4.9deg jump=66.5deg z=-0.867 z_err=0.089 margin=0.113 z_confident=0
[2026-07-21 01:49:53.071] [autoaim] [debug] [Outpost][OBS_ASSOC] seq=8319 state=2 dt=0.4060s world=(2.820,-0.105,-0.867) yaw=40.2deg rho=0.333 radial_res=+0.058 raw_ang=-109.7deg pred=(125.4,-114.6,5.4)deg err=(+124.9,+4.9,-115.1)deg chosen=1 changed=1 corrected=-109.7deg residual=+0.0deg z=(-0.665,-0.778,-0.624) seen=(1,1,1)
[2026-07-21 01:49:53.083] [autoaim] [debug] [Outpost][OBS_ASSOC] seq=8321 state=2 dt=0.0086s world=(2.820,-0.101,-0.867) yaw=38.9deg rho=0.330 radial_res=+0.055 raw_ang=-109.9deg pred=(129.0,-111.0,9.0)deg err=(+121.1,+1.1,-118.9)deg chosen=1 changed=0 corrected=-109.9deg residual=+0.0deg z=(-0.665,-0.778,-0.624) seen=(1,1,1)
[2026-07-21 01:49:53.085] [autoaim] [debug] [Outpost][SELECT_PHASE] current_angle=2.113 target_v_yaw=-2.513 normalized_omega=-2.513 prediction_dt=0.229 future_angle=1.536 current_plate=1 selected_plate=1 candidate_phase=3.631 candidate_z=-0.778
[2026-07-21 01:49:53.109] [autoaim] [debug] [Outpost][OBS_INPUT] seq=8531 candidates=1 confidence=1.000 image=(831.9,651.1) image_dist=145.2 camera=(0.118,0.175,2.645) gimbal=(2.746,-0.081,-0.838) world=(2.746,-0.081,-0.838) gimbal_ypr=(35.4,7.3,18.8)deg world_ypr=(35.4,7.3,18.8)deg
[2026-07-21 01:49:53.127] [autoaim] [debug] [Outpost][OBS_ASSOC] seq=8331 state=2 dt=0.0032s world=(2.705,-0.069,-0.822) yaw=34.1deg rho=0.358 radial_res=+0.083 raw_ang=-129.2deg pred=(116.3,-123.7,-3.7)deg err=(+114.5,-5.5,-125.5)deg chosen=1 changed=0 corrected=-129.2deg residual=+0.0deg z=(-0.665,-0.778,-0.624) seen=(1,1,1)
[2026-07-21 01:49:53.157] [autoaim] [debug] [Outpost][OBS_INPUT] seq=8541 candidates=1 confidence=0.999 image=(812.6,647.8) image_dist=132.5 camera=(0.090,0.170,2.631) gimbal=(2.733,-0.053,-0.829) world=(2.733,-0.053,-0.829) gimbal_ypr=(27.3,8.6,15.1)deg world_ypr=(27.3,8.6,15.1)deg
[2026-07-21 01:49:53.187] [autoaim] [debug] [Outpost][OBS_ASSOC] seq=8341 state=2 dt=0.0039s world=(2.671,-0.031,-0.805) yaw=24.9deg rho=0.354 radial_res=+0.079 raw_ang=-137.3deg pred=(106.1,-133.9,-13.9)deg err=(+116.6,-3.4,-123.4)deg chosen=1 changed=0 corrected=-137.3deg residual=+0.0deg z=(-0.665,-0.778,-0.624) seen=(1,1,1)
[2026-07-21 01:49:53.191] [autoaim] [debug] [Outpost][SELECT_PHASE] current_angle=1.794 target_v_yaw=-2.513 normalized_omega=-2.513 prediction_dt=0.228 future_angle=1.222 current_plate=1 selected_plate=1 candidate_phase=3.317 candidate_z=-0.778
[2026-07-21 01:49:53.227] [autoaim] [debug] [Outpost][OBS_INPUT] seq=8551 candidates=1 confidence=1.000 image=(781.6,644.6) image_dist=118.2 camera=(0.044,0.162,2.574) gimbal=(2.680,-0.007,-0.806) world=(2.680,-0.007,-0.806) gimbal_ypr=(17.9,14.9,10.5)deg world_ypr=(17.9,14.9,10.5)deg
[2026-07-21 01:49:53.259] [autoaim] [debug] [Outpost][OBS_ASSOC] seq=8351 state=2 dt=0.0022s world=(2.676,0.015,-0.802) yaw=9.8deg rho=0.321 radial_res=+0.046 raw_ang=-142.9deg pred=(97.2,-142.8,-22.8)deg err=(+119.9,-0.1,-120.1)deg chosen=1 changed=0 corrected=-142.9deg residual=+0.0deg z=(-0.665,-0.778,-0.624) seen=(1,1,1)
[2026-07-21 01:49:53.284] [autoaim] [debug] [Outpost][OBS_INPUT] seq=8561 candidates=1 confidence=0.999 image=(751.8,642.6) image_dist=112.2 camera=(0.001,0.156,2.519) gimbal=(2.628,0.034,-0.785) world=(2.628,0.034,-0.785) gimbal_ypr=(8.1,5.6,6.1)deg world_ypr=(8.1,5.6,6.1)deg
[2026-07-21 01:49:53.303] [autoaim] [debug] [Outpost][OBS_ASSOC] seq=8361 state=2 dt=0.0041s world=(2.597,0.048,-0.773) yaw=10.2deg rho=0.371 radial_res=+0.096 raw_ang=-154.4deg pred=(86.3,-153.7,-33.7)deg err=(+119.3,-0.7,-120.7)deg chosen=1 changed=0 corrected=-154.4deg residual=+0.0deg z=(-0.665,-0.778,-0.624) seen=(1,1,1)
[2026-07-21 01:49:53.319] [autoaim] [debug] [Outpost][SELECT_PHASE] current_angle=1.469 target_v_yaw=-2.513 normalized_omega=-2.513 prediction_dt=0.254 future_angle=0.830 current_plate=1 selected_plate=1 candidate_phase=2.924 candidate_z=-0.778
[2026-07-21 01:49:53.322] [autoaim] [debug] [Outpost][SELECT] mode=ROTATING selected=1 observed=1 changed=false fresh=true unseen=0.000s phase=0.0deg model_ok=true fire=false diff=-16.8deg cmd=(5.96,-11.61)
[2026-07-21 01:49:53.332] [autoaim] [debug] [Outpost][OBS_INPUT] seq=8571 candidates=1 confidence=0.999 image=(726.8,641.4) image_dist=113.6 camera=(-0.032,0.149,2.447) gimbal=(2.560,0.067,-0.759) world=(2.560,0.067,-0.759) gimbal_ypr=(12.7,33.5,6.4)deg world_ypr=(12.7,33.5,6.4)deg
[2026-07-21 01:49:53.364] [autoaim] [debug] [Outpost][OBS_ASSOC] seq=8371 state=2 dt=0.0041s world=(2.568,0.090,-0.761) yaw=8.6deg rho=0.382 radial_res=+0.107 raw_ang=-161.9deg pred=(78.0,-162.0,-42.0)deg err=(+120.1,+0.1,-119.9)deg chosen=1 changed=0 corrected=-161.9deg residual=+0.0deg z=(-0.665,-0.778,-0.624) seen=(1,1,1)
[2026-07-21 01:49:53.394] [autoaim] [debug] [Outpost][OBS_INPUT] seq=8581 candidates=1 confidence=0.999 image=(694.8,640.6) image_dist=123.7 camera=(-0.076,0.148,2.450) gimbal=(2.563,0.111,-0.759) world=(2.563,0.111,-0.759) gimbal_ypr=(6.7,36.4,2.9)deg world_ypr=(6.7,36.4,2.9)deg
[2026-07-21 01:49:53.412] [autoaim] [debug] [Outpost][OBS_ASSOC] seq=8381 state=2 dt=0.0040s world=(2.553,0.125,-0.756) yaw=5.7deg rho=0.388 radial_res=+0.113 raw_ang=-167.5deg pred=(73.1,-166.9,-46.9)deg err=(+119.4,-0.6,-120.6)deg chosen=1 changed=0 corrected=-167.5deg residual=+0.0deg z=(-0.665,-0.778,-0.624) seen=(1,1,1)
[2026-07-21 01:49:53.429] [autoaim] [debug] [Outpost][SELECT_PHASE] current_angle=1.250 target_v_yaw=-2.513 normalized_omega=-2.513 prediction_dt=0.248 future_angle=0.626 current_plate=1 selected_plate=1 candidate_phase=2.720 candidate_z=-0.778
[2026-07-21 01:49:53.440] [autoaim] [debug] [Outpost][OBS_INPUT] seq=8591 candidates=1 confidence=0.998 image=(669.4,640.6) image_dist=137.1 camera=(-0.111,0.150,2.467) gimbal=(2.577,0.146,-0.765) world=(2.577,0.146,-0.765) gimbal_ypr=(4.1,3.2,0.8)deg world_ypr=(4.1,3.2,0.8)deg
[2026-07-21 01:49:53.468] [autoaim] [debug] [Outpost][OBS_ASSOC] seq=8391 state=2 dt=0.0043s world=(2.608,0.168,-0.776) yaw=7.7deg rho=0.326 radial_res=+0.051 raw_ang=-172.8deg pred=(67.1,-172.9,-52.9)deg err=(+120.1,+0.1,-119.9)deg chosen=1 changed=0 corrected=-172.8deg residual=+0.0deg z=(-0.665,-0.778,-0.624) seen=(1,1,1)
[2026-07-21 01:49:53.502] [autoaim] [debug] [Outpost][OBS_INPUT] seq=8601 candidates=1 confidence=0.994 image=(638.4,641.9) image_dist=158.4 camera=(-0.159,0.157,2.563) gimbal=(2.667,0.195,-0.798) world=(2.667,0.195,-0.798) gimbal_ypr=(178.5,137.0,176.8)deg world_ypr=(178.5,137.0,176.8)deg
[2026-07-21 01:49:53.535] [autoaim] [debug] [Outpost][SELECT_PHASE] current_angle=1.018 target_v_yaw=-2.513 normalized_omega=-2.513 prediction_dt=0.244 future_angle=0.405 current_plate=1 selected_plate=1 candidate_phase=2.500 candidate_z=-0.778
[2026-07-21 01:49:53.608] [autoaim] [debug] [Outpost][IMU] raw_deg=(0.00,0.00,0.00) solver_rad=(0.0000,-0.0000,0.0000)
[2026-07-21 01:49:53.649] [autoaim] [debug] [Outpost][SELECT_PHASE] current_angle=0.726 target_v_yaw=-2.513 normalized_omega=-2.513 prediction_dt=0.237 future_angle=0.130 current_plate=1 selected_plate=1 candidate_phase=2.224 candidate_z=-0.778
[2026-07-21 01:49:53.761] [autoaim] [debug] [Outpost][SELECT_PHASE] current_angle=0.443 target_v_yaw=-2.513 normalized_omega=-2.513 prediction_dt=0.232 future_angle=-0.139 current_plate=1 selected_plate=1 candidate_phase=1.955 candidate_z=-0.778
[2026-07-21 01:49:53.860] [autoaim] [debug] [Outpost][SWITCH_COMMIT] t=30738.780 from=1 phase_best=2 height_plate=0 tracked_err=+174.0deg new_phase_err=+54.0deg jump=122.5deg z=-0.720 z_err=0.055 margin=0.003 z_confident=0
[2026-07-21 01:49:53.860] [autoaim] [debug] [Outpost][OBS_ASSOC] seq=8397 state=2 dt=0.3572s world=(3.172,-0.128,-0.720) yaw=42.1deg rho=0.414 radial_res=+0.139 raw_ang=-54.5deg pred=(11.5,131.5,-108.5)deg err=(-66.0,+174.0,+54.0)deg chosen=2 changed=1 corrected=-54.5deg residual=+0.0deg z=(-0.665,-0.778,-0.624) seen=(1,1,1)
[2026-07-21 01:49:53.870] [autoaim] [debug] [Outpost][GEOM_OK] state=2 rho=0.323 res=+0.048 yaw_radial=129.4deg model_center=(2.932,0.209) center_minus=(2.758,-0.304) center_plus=(3.155,0.077)
[2026-07-21 01:49:53.871] [autoaim] [debug] [Outpost][SELECT_PHASE] current_angle=0.601 target_v_yaw=-2.513 normalized_omega=-2.513 prediction_dt=0.235 future_angle=0.011 current_plate=2 selected_plate=1 candidate_phase=2.105 candidate_z=-0.778
[2026-07-21 01:49:53.874] [autoaim] [debug] [Outpost][OBS_ASSOC] seq=8401 state=2 dt=0.0040s world=(3.047,-0.115,-0.685) yaw=41.4deg rho=0.344 radial_res=+0.069 raw_ang=-70.4deg pred=(33.8,153.8,-86.2)deg err=(-104.2,+135.8,+15.8)deg chosen=2 changed=0 corrected=-71.2deg residual=+0.8deg z=(-0.665,-0.778,-0.624) seen=(1,1,1)
[2026-07-21 01:49:53.874] [autoaim] [debug] [Outpost][SELECT] mode=ROTATING selected=1 observed=2 changed=false fresh=true unseen=0.000s phase=0.8deg model_ok=true fire=false diff=-49.9deg cmd=(8.72,-10.83)
[2026-07-21 01:49:53.910] [autoaim] [debug] [Outpost][OBS_INPUT] seq=8611 candidates=1 confidence=0.994 image=(838.5,493.0) image_dist=95.1 camera=(0.132,-0.056,2.739) gimbal=(2.899,-0.093,-0.641) world=(2.899,-0.093,-0.641) gimbal_ypr=(39.0,8.3,19.1)deg world_ypr=(39.0,8.3,19.1)deg
[2026-07-21 01:49:53.947] [autoaim] [debug] [Outpost][OBS_ASSOC] seq=8411 state=2 dt=0.0021s world=(2.874,-0.073,-0.631) yaw=34.5deg rho=0.288 radial_res=+0.013 raw_ang=-101.6deg pred=(18.6,138.6,-101.4)deg err=(-120.2,+119.8,-0.2)deg chosen=2 changed=0 corrected=-101.6deg residual=+0.0deg z=(-0.665,-0.778,-0.624) seen=(1,1,1)
[2026-07-21 01:49:53.982] [autoaim] [debug] [Outpost][SELECT] mode=ROTATING selected=2 observed=2 changed=true fresh=true unseen=0.000s phase=0.0deg model_ok=true fire=false diff=27.8deg cmd=(1.39,-8.01)
[2026-07-21 01:49:54.002] [autoaim] [debug] [Outpost][OBS_INPUT] seq=8621 candidates=1 confidence=0.997 image=(805.7,486.8) image_dist=70.0 camera=(0.080,-0.063,2.626) gimbal=(2.792,-0.041,-0.604) world=(2.792,-0.041,-0.604) gimbal_ypr=(28.5,11.7,14.4)deg world_ypr=(28.5,11.7,14.4)deg
[2026-07-21 01:49:54.014] [autoaim] [debug] [Outpost][SELECT_PHASE] current_angle=0.167 target_v_yaw=-2.513 normalized_omega=-2.513 prediction_dt=0.227 future_angle=-0.405 current_plate=2 selected_plate=2 candidate_phase=-2.499 candidate_z=-0.624
[2026-07-21 01:49:54.018] [autoaim] [debug] [Outpost][OBS_ASSOC] seq=8421 state=2 dt=0.0042s world=(2.781,-0.029,-0.599) yaw=25.5deg rho=0.282 radial_res=+0.007 raw_ang=-122.3deg pred=(8.9,128.9,-111.1)deg err=(-131.3,+108.7,-11.3)deg chosen=2 changed=0 corrected=-122.3deg residual=+0.0deg z=(-0.665,-0.778,-0.624) seen=(1,1,1)
[2026-07-21 01:49:54.046] [autoaim] [debug] [Outpost][OBS_INPUT] seq=8631 candidates=1 confidence=0.997 image=(785.0,483.8) image_dist=57.7 camera=(0.050,-0.068,2.653) gimbal=(2.818,-0.011,-0.606) world=(2.818,-0.011,-0.606) gimbal_ypr=(17.6,14.7,10.4)deg world_ypr=(17.6,14.7,10.4)deg
[2026-07-21 01:49:54.075] [autoaim] [debug] [Outpost][OBS_ASSOC] seq=8431 state=2 dt=0.0018s world=(2.821,0.008,-0.605) yaw=9.7deg rho=0.230 radial_res=-0.045 raw_ang=-118.8deg pred=(0.2,120.2,-119.8)deg err=(-119.0,+121.0,+1.0)deg chosen=2 changed=0 corrected=-118.8deg residual=+0.0deg z=(-0.665,-0.778,-0.624) seen=(1,1,1)
[2026-07-21 01:49:54.106] [autoaim] [debug] [Outpost][OBS_INPUT] seq=8641 candidates=1 confidence=0.952 image=(758.6,481.0) image_dist=50.0 camera=(0.011,-0.070,2.605) gimbal=(2.772,0.027,-0.591) world=(2.772,0.027,-0.591) gimbal_ypr=(9.1,21.3,6.7)deg world_ypr=(9.1,21.3,6.7)deg
[2026-07-21 01:49:54.119] [autoaim] [debug] [Outpost][SELECT_PHASE] current_angle=-0.279 target_v_yaw=-2.513 normalized_omega=-2.513 prediction_dt=0.224 future_angle=-0.843 current_plate=2 selected_plate=2 candidate_phase=-2.937 candidate_z=-0.624
[2026-07-21 01:49:54.123] [autoaim] [debug] [Outpost][OBS_ASSOC] seq=8441 state=2 dt=0.0040s world=(2.744,0.041,-0.582) yaw=179.5deg rho=0.252 radial_res=-0.023 raw_ang=-138.2deg pred=(-16.6,103.4,-136.6)deg err=(-121.6,+118.4,-1.6)deg chosen=2 changed=0 corrected=-138.2deg residual=+0.0deg z=(-0.665,-0.778,-0.624) seen=(1,1,1)
[2026-07-21 01:49:54.155] [autoaim] [debug] [Outpost][OBS_INPUT] seq=8651 candidates=1 confidence=0.929 image=(732.6,479.1) image_dist=54.5 camera=(-0.025,-0.070,2.506) gimbal=(2.676,0.062,-0.564) world=(2.676,0.062,-0.564) gimbal_ypr=(173.0,-175.7,-179.2)deg world_ypr=(173.0,-175.7,-179.2)deg
[2026-07-21 01:49:54.187] [autoaim] [debug] [Outpost][OBS_ASSOC] seq=8451 state=2 dt=0.0041s world=(2.673,0.084,-0.562) yaw=175.4deg rho=0.287 radial_res=+0.012 raw_ang=-154.2deg pred=(-34.2,85.8,-154.2)deg err=(-120.0,+120.0,-0.0)deg chosen=2 changed=0 corrected=-154.2deg residual=+0.0deg z=(-0.665,-0.778,-0.624) seen=(1,1,1)
[2026-07-21 01:49:54.225] [autoaim] [debug] [Outpost][OBS_INPUT] seq=8661 candidates=1 confidence=0.997 image=(698.0,477.9) image_dist=74.7 camera=(-0.073,-0.072,2.506) gimbal=(2.676,0.109,-0.562) world=(2.676,0.109,-0.562) gimbal_ypr=(3.7,32.6,1.0)deg world_ypr=(3.7,32.6,1.0)deg
[2026-07-21 01:49:54.253] [autoaim] [debug] [Outpost][SELECT_PHASE] current_angle=-0.737 target_v_yaw=-2.513 normalized_omega=-2.513 prediction_dt=0.253 future_angle=-1.371 current_plate=2 selected_plate=2 candidate_phase=-3.466 candidate_z=-0.624
[2026-07-21 01:49:54.255] [autoaim] [debug] [Outpost][OBS_ASSOC] seq=8461 state=2 dt=0.0025s world=(2.687,0.133,-0.565) yaw=0.4deg rho=0.257 radial_res=-0.018 raw_ang=-162.8deg pred=(-42.6,77.4,-162.6)deg err=(-120.2,+119.8,-0.2)deg chosen=2 changed=0 corrected=-162.8deg residual=+0.0deg z=(-0.665,-0.778,-0.624) seen=(1,1,1)
[2026-07-21 01:49:54.283] [autoaim] [debug] [Outpost][OBS_INPUT] seq=8671 candidates=1 confidence=0.997 image=(667.7,478.1) image_dist=98.4 camera=(-0.116,-0.073,2.524) gimbal=(2.693,0.153,-0.567) world=(2.693,0.153,-0.567) gimbal_ypr=(175.2,151.8,176.7)deg world_ypr=(175.2,151.8,176.7)deg
[2026-07-21 01:49:54.303] [autoaim] [debug] [Outpost][OBS_ASSOC] seq=8471 state=2 dt=0.0039s world=(2.715,0.168,-0.573) yaw=8.3deg rho=0.221 radial_res=-0.054 raw_ang=-169.2deg pred=(-49.1,70.9,-169.1)deg err=(-120.1,+119.9,-0.1)deg chosen=2 changed=0 corrected=-169.2deg residual=+0.0deg z=(-0.665,-0.778,-0.624) seen=(1,1,1)
[2026-07-21 01:49:54.332] [autoaim] [debug] [Outpost][OBS_INPUT] seq=8681 candidates=1 confidence=0.997 image=(644.1,479.5) image_dist=118.5 camera=(-0.154,-0.073,2.609) gimbal=(2.774,0.192,-0.589) world=(2.774,0.192,-0.589) gimbal_ypr=(1.4,-1.4,-3.4)deg world_ypr=(1.4,-1.4,-3.4)deg
[2026-07-21 01:49:54.362] [autoaim] [debug] [Outpost][SELECT_PHASE] current_angle=-1.016 target_v_yaw=-2.513 normalized_omega=-2.513 prediction_dt=0.248 future_angle=-1.640 current_plate=2 selected_plate=2 candidate_phase=-3.734 candidate_z=-0.624
[2026-07-21 01:49:54.476] [autoaim] [debug] [Outpost][SELECT_PHASE] current_angle=-1.306 target_v_yaw=-2.513 normalized_omega=-2.513 prediction_dt=0.239 future_angle=-1.908 current_plate=2 selected_plate=2 candidate_phase=-4.002 candidate_z=-0.624
[2026-07-21 01:49:54.484] [autoaim] [debug] [Outpost][SELECT] mode=ROTATING selected=2 observed=2 changed=false fresh=true unseen=0.149s phase=0.0deg model_ok=true fire=false diff=-54.6deg cmd=(8.93,-7.47)
[2026-07-21 01:49:54.588] [autoaim] [debug] [Outpost][SELECT_PHASE] current_angle=-1.588 target_v_yaw=-2.513 normalized_omega=-2.513 prediction_dt=0.234 future_angle=-2.176 current_plate=2 selected_plate=2 candidate_phase=-4.270 candidate_z=-0.624
[2026-07-21 01:49:54.649] [autoaim] [debug] [Outpost][SWITCH_COMMIT] t=30739.571 from=2 phase_best=0 height_plate=1 tracked_err=+101.7deg new_phase_err=-18.3deg jump=56.6deg z=-0.723 z_err=0.055 margin=0.003 z_confident=0
[2026-07-21 01:49:54.649] [autoaim] [debug] [Outpost][OBS_ASSOC] seq=8478 state=2 dt=0.3133s world=(2.751,-0.131,-0.723) yaw=55.3deg rho=0.385 radial_res=+0.110 raw_ang=-118.0deg pred=(-99.7,20.3,140.3)deg err=(-18.3,-138.3,+101.7)deg chosen=0 changed=1 corrected=-118.0deg residual=+0.0deg z=(-0.665,-0.778,-0.624) seen=(1,1,1)
[2026-07-21 01:49:54.649] [autoaim] [debug] [Outpost][SELECT] mode=ROTATING selected=0 observed=0 changed=true fresh=true unseen=0.000s phase=0.0deg model_ok=true fire=false diff=25.1deg cmd=(1.64,-8.90)
[2026-07-21 01:49:54.657] [autoaim] [debug] [Outpost][IDENTITY_LOCK] t=30739.579 tracked=0 phase_best=0 height_candidate=1 tracked_err=-3.1deg new_phase_err=-3.1deg jump=3.7deg z=-0.738 z_err=0.040 margin=0.033
[2026-07-21 01:49:54.661] [autoaim] [debug] [Outpost][OBS_ASSOC] seq=8481 state=2 dt=0.0039s world=(2.769,-0.128,-0.727) yaw=53.1deg rho=0.374 radial_res=+0.099 raw_ang=-115.8deg pred=(-110.9,9.1,129.1)deg err=(-4.9,-124.9,+115.1)deg chosen=0 changed=0 corrected=-115.8deg residual=+0.0deg z=(-0.665,-0.778,-0.624) seen=(1,1,1)
[2026-07-21 01:49:54.716] [autoaim] [debug] [Outpost][OBS_INPUT] seq=8691 candidates=1 confidence=0.997 image=(850.1,568.7) image_dist=106.2 camera=(0.141,0.054,2.579) gimbal=(2.715,-0.104,-0.703) world=(2.715,-0.104,-0.703) gimbal_ypr=(46.3,3.9,22.1)deg world_ypr=(46.3,3.9,22.1)deg
[2026-07-21 01:49:54.725] [autoaim] [debug] [Outpost][SELECT_PHASE] current_angle=-2.102 target_v_yaw=-2.513 normalized_omega=-2.513 prediction_dt=0.227 future_angle=-2.671 current_plate=0 selected_plate=0 candidate_phase=-2.671 candidate_z=-0.665
[2026-07-21 01:49:54.751] [autoaim] [debug] [Outpost][OBS_ASSOC] seq=8491 state=2 dt=0.0161s world=(2.745,-0.091,-0.709) yaw=41.8deg rho=0.353 radial_res=+0.078 raw_ang=-121.9deg pred=(-127.5,-7.5,112.5)deg err=(+5.6,-114.4,+125.6)deg chosen=0 changed=0 corrected=-121.9deg residual=+0.0deg z=(-0.665,-0.778,-0.624) seen=(1,1,1)
[2026-07-21 01:49:54.772] [autoaim] [debug] [Outpost][OBS_INPUT] seq=8701 candidates=1 confidence=0.951 image=(833.3,564.5) image_dist=89.0 camera=(0.118,0.049,2.589) gimbal=(2.726,-0.081,-0.701) world=(2.726,-0.081,-0.701) gimbal_ypr=(39.0,6.1,19.2)deg world_ypr=(39.0,6.1,19.2)deg
[2026-07-21 01:49:54.842] [autoaim] [debug] [Outpost][GEOM_OK] state=2 rho=0.328 res=+0.053 yaw_radial=159.2deg model_center=(2.932,0.209) center_minus=(2.479,-0.174) center_plus=(2.961,0.092)
[2026-07-21 01:49:54.844] [autoaim] [debug] [Outpost][IMU] raw_deg=(0.00,0.00,0.00) solver_rad=(0.0000,-0.0000,0.0000)
[2026-07-21 01:49:54.845] [autoaim] [debug] [Outpost][OBS_ASSOC] seq=8501 state=2 dt=0.0041s world=(2.726,-0.039,-0.694) yaw=28.3deg rho=0.322 radial_res=+0.047 raw_ang=-129.8deg pred=(-130.9,-10.9,109.1)deg err=(+1.1,-118.9,+121.1)deg chosen=0 changed=0 corrected=-129.8deg residual=+0.0deg z=(-0.665,-0.778,-0.624) seen=(1,1,1)
[2026-07-21 01:49:54.883] [autoaim] [debug] [Outpost][OBS_INPUT] seq=8711 candidates=1 confidence=0.980 image=(787.9,557.7) image_dist=45.9 camera=(0.053,0.039,2.578) gimbal=(2.718,-0.016,-0.688) world=(2.718,-0.016,-0.688) gimbal_ypr=(23.1,14.1,12.8)deg world_ypr=(23.1,14.1,12.8)deg
[2026-07-21 01:49:54.907] [autoaim] [debug] [Outpost][SELECT_PHASE] current_angle=-2.464 target_v_yaw=-2.513 normalized_omega=-2.513 prediction_dt=0.263 future_angle=-3.124 current_plate=0 selected_plate=0 candidate_phase=-3.124 candidate_z=-0.665
[2026-07-21 01:49:54.917] [autoaim] [debug] [Outpost][OBS_ASSOC] seq=8511 state=2 dt=0.0041s world=(2.699,0.008,-0.681) yaw=16.1deg rho=0.307 radial_res=+0.032 raw_ang=-139.2deg pred=(-141.4,-21.4,98.6)deg err=(+2.2,-117.8,+122.2)deg chosen=0 changed=0 corrected=-139.2deg residual=+0.0deg z=(-0.665,-0.778,-0.624) seen=(1,1,1)
[2026-07-21 01:49:54.952] [autoaim] [debug] [Outpost][OBS_INPUT] seq=8721 candidates=1 confidence=1.000 image=(755.9,554.9) image_dist=24.9 camera=(0.007,0.034,2.546) gimbal=(2.687,0.030,-0.675) world=(2.687,0.030,-0.675) gimbal_ypr=(11.2,15.5,7.5)deg world_ypr=(11.2,15.5,7.5)deg
[2026-07-21 01:49:55.009] [autoaim] [debug] [Outpost][OBS_ASSOC] seq=8521 state=2 dt=0.0038s world=(2.634,0.070,-0.657) yaw=176.3deg rho=0.329 radial_res=+0.054 raw_ang=-155.0deg pred=(-156.4,-36.4,83.6)deg err=(+1.4,-118.6,+121.4)deg chosen=0 changed=0 corrected=-155.0deg residual=+0.0deg z=(-0.665,-0.778,-0.624) seen=(1,1,1)
[2026-07-21 01:49:55.038] [autoaim] [debug] [Outpost][OBS_INPUT] seq=8731 candidates=1 confidence=1.000 image=(712.2,552.5) image_dist=44.7 camera=(-0.053,0.030,2.480) gimbal=(2.624,0.089,-0.653) world=(2.624,0.089,-0.653) gimbal_ypr=(178.4,174.6,-178.9)deg world_ypr=(178.4,174.6,-178.9)deg
[2026-07-21 01:49:55.046] [autoaim] [debug] [Outpost][SELECT_PHASE] current_angle=-2.786 target_v_yaw=-2.513 normalized_omega=-2.513 prediction_dt=0.256 future_angle=-3.429 current_plate=0 selected_plate=0 candidate_phase=-3.429 candidate_z=-0.665
[2026-07-21 01:49:55.073] [autoaim] [debug] [Outpost][OBS_ASSOC] seq=8531 state=2 dt=0.0162s world=(2.620,0.111,-0.652) yaw=179.2deg rho=0.327 radial_res=+0.052 raw_ang=-162.6deg pred=(-162.8,-42.8,77.2)deg err=(+0.2,-119.8,+120.2)deg chosen=0 changed=0 corrected=-162.6deg residual=+0.0deg z=(-0.665,-0.778,-0.624) seen=(1,1,1)
[2026-07-21 01:49:55.093] [autoaim] [debug] [Outpost][OBS_INPUT] seq=8741 candidates=1 confidence=0.999 image=(685.7,552.2) image_dist=68.9 camera=(-0.089,0.030,2.480) gimbal=(2.623,0.125,-0.653) world=(2.623,0.125,-0.653) gimbal_ypr=(4.5,31.3,1.3)deg world_ypr=(4.5,31.3,1.3)deg
[2026-07-21 01:49:55.122] [autoaim] [debug] [Outpost][OBS_ASSOC] seq=8541 state=2 dt=0.0041s world=(2.632,0.148,-0.656) yaw=180.0deg rho=0.306 radial_res=+0.031 raw_ang=-168.6deg pred=(-168.5,-48.5,71.5)deg err=(-0.0,-120.0,+120.0)deg chosen=0 changed=0 corrected=-168.6deg residual=+0.0deg z=(-0.665,-0.778,-0.624) seen=(1,1,1)
[2026-07-21 01:49:55.155] [autoaim] [debug] [Outpost][OBS_INPUT] seq=8751 candidates=1 confidence=1.000 image=(652.9,552.6) image_dist=100.6 camera=(-0.136,0.031,2.513) gimbal=(2.654,0.172,-0.663) world=(2.654,0.172,-0.663) gimbal_ypr=(175.7,169.2,176.7)deg world_ypr=(175.7,169.2,176.7)deg
[2026-07-21 01:49:55.163] [autoaim] [debug] [Outpost][SELECT_PHASE] current_angle=-3.026 target_v_yaw=-2.513 normalized_omega=-2.513 prediction_dt=0.248 future_angle=-3.650 current_plate=0 selected_plate=0 candidate_phase=-3.650 candidate_z=-0.665
[2026-07-21 01:49:55.183] [autoaim] [debug] [Outpost][SELECT] mode=ROTATING selected=0 observed=0 changed=false fresh=true unseen=0.003s phase=0.0deg model_ok=true fire=false diff=-36.3deg cmd=(7.67,-8.90)
[2026-07-21 01:49:55.271] [autoaim] [debug] [Outpost][SELECT_PHASE] current_angle=2.984 target_v_yaw=-2.513 normalized_omega=-2.513 prediction_dt=0.244 future_angle=2.371 current_plate=0 selected_plate=0 candidate_phase=2.371 candidate_z=-0.665
[2026-07-21 01:49:55.439] [autoaim] [debug] [Outpost][SELECT_PHASE] current_angle=2.561 target_v_yaw=-2.513 normalized_omega=-2.513 prediction_dt=0.236 future_angle=1.969 current_plate=0 selected_plate=0 candidate_phase=1.969 candidate_z=-0.665
[2026-07-21 01:49:55.534] [autoaim] [debug] [Outpost][SELECT] mode=ROTATING selected=1 observed=0 changed=true fresh=false unseen=0.353s phase=0.0deg model_ok=false fire=false diff=35.7deg cmd=(0.71,-11.22)
[2026-07-21 01:49:55.544] [autoaim] [debug] [Outpost][SELECT_PHASE] current_angle=2.299 target_v_yaw=-2.513 normalized_omega=-2.513 prediction_dt=0.231 future_angle=1.717 current_plate=0 selected_plate=1 candidate_phase=3.811 candidate_z=-0.778
[2026-07-21 01:49:55.572] [autoaim] [debug] [Outpost][SWITCH_COMMIT] t=30740.490 from=0 phase_best=1 height_plate=1 tracked_err=+131.4deg new_phase_err=+11.4deg jump=75.5deg z=-0.889 z_err=0.111 margin=0.113 z_confident=0
[2026-07-21 01:49:55.572] [autoaim] [debug] [Outpost][OBS_ASSOC] seq=8551 state=2 dt=0.3882s world=(2.872,-0.117,-0.889) yaw=42.6deg rho=0.331 radial_res=+0.056 raw_ang=-100.4deg pred=(128.2,-111.8,8.2)deg err=(+131.4,+11.4,-108.6)deg chosen=1 changed=1 corrected=-100.4deg residual=+0.0deg z=(-0.665,-0.778,-0.624) seen=(1,1,1)
[2026-07-21 01:49:55.588] [autoaim] [debug] [Outpost][OBS_INPUT] seq=8761 candidates=1 confidence=0.998 image=(846.0,653.0) image_dist=155.0 camera=(0.144,0.184,2.740) gimbal=(2.835,-0.105,-0.872) world=(2.835,-0.105,-0.872) gimbal_ypr=(38.8,5.7,20.2)deg world_ypr=(38.8,5.7,20.2)deg
[2026-07-21 01:49:55.620] [autoaim] [debug] [Outpost][OBS_ASSOC] seq=8561 state=2 dt=0.0042s world=(2.746,-0.084,-0.838) yaw=37.1deg rho=0.347 radial_res=+0.072 raw_ang=-122.3deg pred=(121.6,-118.4,1.6)deg err=(+116.1,-3.9,-123.9)deg chosen=1 changed=0 corrected=-122.3deg residual=+0.0deg z=(-0.665,-0.778,-0.624) seen=(1,1,1)
[2026-07-21 01:49:55.652] [autoaim] [debug] [Outpost][OBS_INPUT] seq=8771 candidates=1 confidence=1.000 image=(821.4,649.5) image_dist=138.3 camera=(0.104,0.173,2.651) gimbal=(2.752,-0.066,-0.838) world=(2.752,-0.066,-0.838) gimbal_ypr=(31.1,10.5,17.0)deg world_ypr=(31.1,10.5,17.0)deg
[2026-07-21 01:49:55.656] [autoaim] [debug] [Outpost][SELECT_PHASE] current_angle=1.953 target_v_yaw=-2.513 normalized_omega=-2.513 prediction_dt=0.228 future_angle=1.379 current_plate=1 selected_plate=1 candidate_phase=3.474 candidate_z=-0.778
[2026-07-21 01:49:55.684] [autoaim] [debug] [Outpost][OBS_ASSOC] seq=8571 state=2 dt=0.0040s world=(2.727,-0.046,-0.826) yaw=25.8deg rho=0.327 radial_res=+0.052 raw_ang=-128.8deg pred=(115.0,-125.0,-5.0)deg err=(+116.2,-3.8,-123.8)deg chosen=1 changed=0 corrected=-128.8deg residual=+0.0deg z=(-0.665,-0.778,-0.624) seen=(1,1,1)
[2026-07-21 01:49:55.720] [autoaim] [debug] [Outpost][OBS_INPUT] seq=8781 candidates=1 confidence=1.000 image=(793.4,645.8) image_dist=122.8 camera=(0.061,0.166,2.604) gimbal=(2.708,-0.024,-0.818) world=(2.708,-0.024,-0.818) gimbal_ypr=(21.0,12.1,12.0)deg world_ypr=(21.0,12.1,12.0)deg
[2026-07-21 01:49:55.736] [autoaim] [debug] [Outpost][OBS_ASSOC] seq=8581 state=2 dt=0.0039s world=(2.713,-0.011,-0.818) yaw=16.6deg rho=0.310 radial_res=+0.035 raw_ang=-134.8deg pred=(105.5,-134.5,-14.5)deg err=(+119.7,-0.3,-120.3)deg chosen=1 changed=0 corrected=-134.8deg residual=+0.0deg z=(-0.665,-0.778,-0.624) seen=(1,1,1)
[2026-07-21 01:49:55.769] [autoaim] [debug] [Outpost][OBS_INPUT] seq=8791 candidates=1 confidence=0.999 image=(768.8,644.0) image_dist=114.9 camera=(0.025,0.160,2.561) gimbal=(2.668,0.011,-0.800) world=(2.668,0.011,-0.800) gimbal_ypr=(11.5,7.0,8.2)deg world_ypr=(11.5,7.0,8.2)deg
[2026-07-21 01:49:55.776] [autoaim] [debug] [Outpost][SELECT_PHASE] current_angle=1.629 target_v_yaw=-2.513 normalized_omega=-2.513 prediction_dt=0.258 future_angle=0.981 current_plate=1 selected_plate=1 candidate_phase=3.076 candidate_z=-0.778
[2026-07-21 01:49:55.804] [autoaim] [debug] [Outpost][OBS_ASSOC] seq=8591 state=2 dt=0.0039s world=(2.647,0.036,-0.791) yaw=2.6deg rho=0.334 radial_res=+0.059 raw_ang=-148.8deg pred=(91.6,-148.4,-28.4)deg err=(+119.7,-0.3,-120.3)deg chosen=1 changed=0 corrected=-148.8deg residual=+0.0deg z=(-0.665,-0.778,-0.624) seen=(1,1,1)
[2026-07-21 01:49:55.805] [autoaim] [debug] [Outpost][SELECT] mode=ROTATING selected=1 observed=1 changed=false fresh=true unseen=0.000s phase=0.0deg model_ok=true fire=false diff=-10.0deg cmd=(5.18,-11.60)
[2026-07-21 01:49:55.832] [autoaim] [debug] [Outpost][OBS_INPUT] seq=8801 candidates=1 confidence=0.999 image=(737.2,642.0) image_dist=112.4 camera=(-0.019,0.152,2.480) gimbal=(2.591,0.054,-0.771) world=(2.591,0.054,-0.771) gimbal_ypr=(9.9,30.2,6.0)deg world_ypr=(9.9,30.2,6.0)deg
[2026-07-21 01:49:55.849] [autoaim] [debug] [Outpost][GEOM_OK] state=2 rho=0.372 res=+0.097 yaw_radial=163.4deg model_center=(2.932,0.209) center_minus=(2.315,0.036) center_plus=(2.862,0.095)
[2026-07-21 01:49:55.866] [autoaim] [debug] [Outpost][OBS_ASSOC] seq=8601 state=2 dt=0.0120s world=(2.575,0.073,-0.765) yaw=6.9deg rho=0.381 radial_res=+0.106 raw_ang=-159.2deg pred=(81.0,-159.0,-39.0)deg err=(+119.9,-0.1,-120.1)deg chosen=1 changed=0 corrected=-159.2deg residual=+0.0deg z=(-0.665,-0.778,-0.624) seen=(1,1,1)
[2026-07-21 01:49:55.881] [autoaim] [debug] [Outpost][OBS_INPUT] seq=8811 candidates=1 confidence=1.000 image=(712.1,641.1) image_dist=117.3 camera=(-0.053,0.149,2.456) gimbal=(2.569,0.087,-0.762) world=(2.569,0.087,-0.762) gimbal_ypr=(8.6,35.9,4.1)deg world_ypr=(8.6,35.9,4.1)deg
[2026-07-21 01:49:55.885] [autoaim] [debug] [Outpost][SELECT_PHASE] current_angle=1.363 target_v_yaw=-2.513 normalized_omega=-2.513 prediction_dt=0.252 future_angle=0.730 current_plate=1 selected_plate=1 candidate_phase=2.824 candidate_z=-0.778
[2026-07-21 01:49:55.909] [autoaim] [debug] [Outpost][OBS_ASSOC] seq=8611 state=2 dt=0.0040s world=(2.550,0.107,-0.755) yaw=7.3deg rho=0.395 radial_res=+0.120 raw_ang=-165.0deg pred=(75.2,-164.8,-44.8)deg err=(+119.8,-0.2,-120.2)deg chosen=1 changed=0 corrected=-165.0deg residual=+0.0deg z=(-0.665,-0.778,-0.624) seen=(1,1,1)
[2026-07-21 01:49:55.937] [autoaim] [debug] [Outpost][OBS_INPUT] seq=8821 candidates=1 confidence=0.998 image=(682.0,640.5) image_dist=129.9 camera=(-0.093,0.148,2.453) gimbal=(2.565,0.128,-0.760) world=(2.565,0.128,-0.760) gimbal_ypr=(5.8,38.7,2.3)deg world_ypr=(5.8,38.7,2.3)deg
[2026-07-21 01:49:55.974] [autoaim] [debug] [Outpost][OBS_ASSOC] seq=8621 state=2 dt=0.0194s world=(2.601,0.157,-0.773) yaw=4.5deg rho=0.335 radial_res=+0.060 raw_ang=-171.0deg pred=(68.2,-171.8,-51.8)deg err=(+120.8,+0.8,-119.2)deg chosen=1 changed=0 corrected=-171.0deg residual=+0.0deg z=(-0.665,-0.778,-0.624) seen=(1,1,1)
[2026-07-21 01:49:56.012] [autoaim] [debug] [Outpost][OBS_INPUT] seq=8831 candidates=1 confidence=0.998 image=(643.6,641.4) image_dist=154.5 camera=(-0.150,0.154,2.536) gimbal=(2.642,0.186,-0.788) world=(2.642,0.186,-0.788) gimbal_ypr=(9.2,2.9,1.2)deg world_ypr=(9.2,2.9,1.2)deg
[2026-07-21 01:49:56.015] [autoaim] [debug] [Outpost][SELECT_PHASE] current_angle=1.117 target_v_yaw=-2.513 normalized_omega=-2.513 prediction_dt=0.248 future_angle=0.493 current_plate=1 selected_plate=1 candidate_phase=2.587 candidate_z=-0.778
[2026-07-21 01:49:56.092] [autoaim] [debug] [Outpost][IMU] raw_deg=(0.00,0.00,0.00) solver_rad=(0.0000,-0.0000,0.0000)
[2026-07-21 01:49:56.150] [autoaim] [debug] [Outpost][SELECT_PHASE] current_angle=0.774 target_v_yaw=-2.513 normalized_omega=-2.513 prediction_dt=0.238 future_angle=0.175 current_plate=1 selected_plate=1 candidate_phase=2.269 candidate_z=-0.778
[2026-07-21 01:49:56.256] [autoaim] [debug] [Outpost][SELECT_PHASE] current_angle=0.511 target_v_yaw=-2.513 normalized_omega=-2.513 prediction_dt=0.233 future_angle=-0.075 current_plate=1 selected_plate=1 candidate_phase=2.020 candidate_z=-0.778
[2026-07-21 01:49:56.367] [autoaim] [debug] [Outpost][SELECT] mode=ROTATING selected=2 observed=1 changed=true fresh=false unseen=0.349s phase=0.0deg model_ok=false fire=false diff=36.0deg cmd=(0.68,-7.85)
[2026-07-21 01:49:56.375] [autoaim] [debug] [Outpost][SELECT_PHASE] current_angle=0.209 target_v_yaw=-2.513 normalized_omega=-2.513 prediction_dt=0.228 future_angle=-0.364 current_plate=1 selected_plate=2 candidate_phase=-2.459 candidate_z=-0.624
[2026-07-21 01:49:56.383] [autoaim] [debug] [Outpost][SWITCH_COMMIT] t=30741.305 from=1 phase_best=2 height_plate=0 tracked_err=+156.1deg new_phase_err=+36.1deg jump=103.5deg z=-0.684 z_err=0.018 margin=0.041 z_confident=1
[2026-07-21 01:49:56.383] [autoaim] [debug] [Outpost][OBS_ASSOC] seq=8629 state=2 dt=0.3654s world=(3.032,-0.121,-0.684) yaw=43.9deg rho=0.345 radial_res=+0.070 raw_ang=-73.1deg pred=(10.8,130.8,-109.2)deg err=(-83.9,+156.1,+36.1)deg chosen=2 changed=1 corrected=-73.1deg residual=+0.0deg z=(-0.665,-0.778,-0.624) seen=(1,1,1)
[2026-07-21 01:49:56.408] [autoaim] [debug] [Outpost][OBS_ASSOC] seq=8631 state=2 dt=0.0020s world=(2.966,-0.107,-0.663) yaw=41.0deg rho=0.318 radial_res=+0.043 raw_ang=-83.8deg pred=(45.8,165.8,-74.2)deg err=(-129.6,+110.4,-9.6)deg chosen=2 changed=0 corrected=-83.8deg residual=+0.0deg z=(-0.665,-0.778,-0.624) seen=(1,1,1)
[2026-07-21 01:49:56.411] [autoaim] [debug] [Outpost][SELECT] mode=ROTATING selected=2 observed=2 changed=false fresh=true unseen=0.000s phase=0.0deg model_ok=true fire=false diff=61.3deg cmd=(-0.87,-7.29)
[2026-07-21 01:49:56.440] [autoaim] [debug] [Outpost][OBS_INPUT] seq=8841 candidates=1 confidence=0.985 image=(835.5,493.2) image_dist=92.3 camera=(0.127,-0.055,2.709) gimbal=(2.870,-0.087,-0.634) world=(2.870,-0.087,-0.634) gimbal_ypr=(38.7,9.7,19.0)deg world_ypr=(38.7,9.7,19.0)deg
[2026-07-21 01:49:56.475] [autoaim] [debug] [Outpost][OBS_ASSOC] seq=8641 state=2 dt=0.0159s world=(2.861,-0.070,-0.627) yaw=33.4deg rho=0.288 radial_res=+0.013 raw_ang=-104.3deg pred=(16.4,136.4,-103.6)deg err=(-120.7,+119.3,-0.7)deg chosen=2 changed=0 corrected=-104.3deg residual=+0.0deg z=(-0.665,-0.778,-0.624) seen=(1,1,1)
[2026-07-21 01:49:56.491] [autoaim] [debug] [Outpost][OBS_INPUT] seq=8851 candidates=1 confidence=1.000 image=(816.3,489.1) image_dist=77.2 camera=(0.097,-0.061,2.691) gimbal=(2.853,-0.058,-0.623) world=(2.853,-0.058,-0.623) gimbal_ypr=(31.0,13.2,15.8)deg world_ypr=(31.0,13.2,15.8)deg
[2026-07-21 01:49:56.510] [autoaim] [debug] [Outpost][SELECT_PHASE] current_angle=0.122 target_v_yaw=-2.513 normalized_omega=-2.513 prediction_dt=0.227 future_angle=-0.449 current_plate=2 selected_plate=2 candidate_phase=-2.543 candidate_z=-0.624
[2026-07-21 01:49:56.524] [autoaim] [debug] [Outpost][OBS_ASSOC] seq=8651 state=2 dt=0.0045s world=(2.815,-0.038,-0.610) yaw=25.4deg rho=0.274 radial_res=-0.001 raw_ang=-115.4deg pred=(10.7,130.7,-109.3)deg err=(-126.1,+113.9,-6.1)deg chosen=2 changed=0 corrected=-115.4deg residual=+0.0deg z=(-0.665,-0.778,-0.624) seen=(1,1,1)
[2026-07-21 01:49:56.551] [autoaim] [debug] [Outpost][OBS_INPUT] seq=8861 candidates=1 confidence=0.999 image=(791.3,485.0) image_dist=60.7 camera=(0.060,-0.067,2.690) gimbal=(2.853,-0.021,-0.617) world=(2.853,-0.021,-0.617) gimbal_ypr=(18.9,15.7,11.1)deg world_ypr=(18.9,15.7,11.1)deg
[2026-07-21 01:49:56.579] [autoaim] [debug] [Outpost][OBS_ASSOC] seq=8661 state=2 dt=0.0039s world=(2.814,-0.001,-0.605) yaw=165.0deg rho=0.241 radial_res=-0.034 raw_ang=-119.3deg pred=(-1.8,118.2,-121.8)deg err=(-117.5,+122.5,+2.5)deg chosen=2 changed=0 corrected=-119.3deg residual=+0.0deg z=(-0.665,-0.778,-0.624) seen=(1,1,1)
[2026-07-21 01:49:56.619] [autoaim] [debug] [Outpost][OBS_INPUT] seq=8871 candidates=1 confidence=0.994 image=(761.7,481.9) image_dist=49.7 camera=(0.015,-0.070,2.620) gimbal=(2.787,0.023,-0.595) world=(2.787,0.023,-0.595) gimbal_ypr=(175.7,169.3,-176.6)deg world_ypr=(175.7,169.3,-176.6)deg
[2026-07-21 01:49:56.621] [autoaim] [debug] [Outpost][SELECT_PHASE] current_angle=-0.221 target_v_yaw=-2.513 normalized_omega=-2.513 prediction_dt=0.224 future_angle=-0.785 current_plate=2 selected_plate=2 candidate_phase=-2.879 candidate_z=-0.624
[2026-07-21 01:49:56.655] [autoaim] [debug] [Outpost][OBS_ASSOC] seq=8671 state=2 dt=0.0183s world=(2.717,0.047,-0.576) yaw=174.5deg rho=0.269 radial_res=-0.006 raw_ang=-143.1deg pred=(-17.3,102.7,-137.3)deg err=(-125.8,+114.2,-5.8)deg chosen=2 changed=0 corrected=-143.1deg residual=+0.0deg z=(-0.665,-0.778,-0.624) seen=(1,1,1)
[2026-07-21 01:49:56.690] [autoaim] [debug] [Outpost][OBS_INPUT] seq=8881 candidates=1 confidence=0.994 image=(726.1,479.4) image_dist=56.8 camera=(-0.035,-0.070,2.521) gimbal=(2.690,0.071,-0.568) world=(2.690,0.071,-0.568) gimbal_ypr=(176.1,-179.9,-178.7)deg world_ypr=(176.1,-179.9,-178.7)deg
[2026-07-21 01:49:56.728] [autoaim] [debug] [Outpost][OBS_ASSOC] seq=8681 state=2 dt=0.0201s world=(2.674,0.096,-0.563) yaw=179.5deg rho=0.282 radial_res=+0.007 raw_ang=-156.4deg pred=(-36.1,83.9,-156.1)deg err=(-120.4,+119.6,-0.4)deg chosen=2 changed=0 corrected=-156.4deg residual=+0.0deg z=(-0.665,-0.778,-0.624) seen=(1,1,1)
[2026-07-21 01:49:56.764] [autoaim] [debug] [Outpost][OBS_INPUT] seq=8891 candidates=1 confidence=0.988 image=(689.3,478.3) image_dist=80.8 camera=(-0.085,-0.071,2.507) gimbal=(2.676,0.122,-0.563) world=(2.676,0.122,-0.563) gimbal_ypr=(2.8,29.9,0.5)deg world_ypr=(2.8,29.9,0.5)deg
[2026-07-21 01:49:56.770] [autoaim] [debug] [Outpost][SELECT_PHASE] current_angle=-0.729 target_v_yaw=-2.513 normalized_omega=-2.513 prediction_dt=0.253 future_angle=-1.364 current_plate=2 selected_plate=2 candidate_phase=-3.458 candidate_z=-0.624
[2026-07-21 01:49:56.797] [autoaim] [debug] [Outpost][OBS_ASSOC] seq=8691 state=2 dt=0.0046s world=(2.695,0.148,-0.568) yaw=5.1deg rho=0.245 radial_res=-0.030 raw_ang=-165.5deg pred=(-46.3,73.7,-166.3)deg err=(-119.2,+120.8,+0.8)deg chosen=2 changed=0 corrected=-165.5deg residual=+0.0deg z=(-0.665,-0.778,-0.624) seen=(1,1,1)
[2026-07-21 01:49:56.825] [autoaim] [debug] [Outpost][OBS_INPUT] seq=8901 candidates=1 confidence=1.000 image=(657.1,479.0) image_dist=107.1 camera=(-0.132,-0.072,2.555) gimbal=(2.722,0.169,-0.575) world=(2.722,0.169,-0.575) gimbal_ypr=(178.1,155.2,176.9)deg world_ypr=(178.1,155.2,176.9)deg
[2026-07-21 01:49:56.841] [autoaim] [debug] [Outpost][GEOM_OK] state=2 rho=0.215 res=-0.060 yaw_radial=-175.0deg model_center=(2.932,0.209) center_minus=(2.451,0.119) center_plus=(2.987,0.241)
[2026-07-21 01:49:56.881] [autoaim] [debug] [Outpost][SELECT_PHASE] current_angle=-1.011 target_v_yaw=-2.513 normalized_omega=-2.513 prediction_dt=0.248 future_angle=-1.635 current_plate=2 selected_plate=2 candidate_phase=-3.730 candidate_z=-0.624
[2026-07-21 01:49:57.045] [autoaim] [debug] [Outpost][SELECT_PHASE] current_angle=-1.425 target_v_yaw=-2.513 normalized_omega=-2.513 prediction_dt=0.237 future_angle=-2.020 current_plate=2 selected_plate=2 candidate_phase=-4.115 candidate_z=-0.624
[2026-07-21 01:49:57.073] [autoaim] [debug] [Outpost][SELECT] mode=ROTATING selected=2 observed=2 changed=false fresh=false unseen=0.232s phase=0.0deg model_ok=false fire=false diff=-63.8deg cmd=(9.39,-7.13)
[2026-07-21 01:49:57.153] [autoaim] [debug] [Outpost][SELECT_PHASE] current_angle=-1.698 target_v_yaw=-2.513 normalized_omega=-2.513 prediction_dt=0.232 future_angle=-2.280 current_plate=2 selected_plate=2 candidate_phase=-4.374 candidate_z=-0.624
[2026-07-21 01:49:57.158] [autoaim] [debug] [Outpost][SWITCH_COMMIT] t=30742.080 from=2 phase_best=0 height_plate=1 tracked_err=+112.9deg new_phase_err=-7.1deg jump=67.2deg z=-0.752 z_err=0.026 margin=0.060 z_confident=1
[2026-07-21 01:49:57.158] [autoaim] [debug] [Outpost][OBS_ASSOC] seq=8701 state=2 dt=0.3169s world=(2.839,-0.139,-0.752) yaw=55.3deg rho=0.360 radial_res=+0.085 raw_ang=-105.0deg pred=(-97.8,22.2,142.2)deg err=(-7.1,-127.1,+112.9)deg chosen=0 changed=1 corrected=-105.0deg residual=+0.0deg z=(-0.665,-0.778,-0.624) seen=(1,1,1)
[2026-07-21 01:49:57.190] [autoaim] [debug] [Outpost][OBS_INPUT] seq=8911 candidates=1 confidence=0.998 image=(862.5,572.9) image_dist=119.2 camera=(0.163,0.062,2.643) gimbal=(2.775,-0.125,-0.728) world=(2.775,-0.125,-0.728) gimbal_ypr=(52.6,4.0,24.4)deg world_ypr=(52.6,4.0,24.4)deg
[2026-07-21 01:49:57.190] [autoaim] [debug] [Outpost][SELECT] mode=ROTATING selected=0 observed=0 changed=true fresh=true unseen=0.000s phase=0.0deg model_ok=true fire=false diff=27.9deg cmd=(1.38,-9.07)
[2026-07-21 01:49:57.222] [autoaim] [debug] [Outpost][OBS_ASSOC] seq=8711 state=2 dt=0.0080s world=(2.748,-0.111,-0.716) yaw=48.1deg rho=0.369 radial_res=+0.094 raw_ang=-119.9deg pred=(-121.2,-1.2,118.8)deg err=(+1.3,-118.7,+121.3)deg chosen=0 changed=0 corrected=-119.9deg residual=+0.0deg z=(-0.665,-0.778,-0.624) seen=(1,1,1)
[2026-07-21 01:49:57.262] [autoaim] [debug] [Outpost][OBS_INPUT] seq=8921 candidates=1 confidence=0.999 image=(842.1,567.0) image_dist=98.1 camera=(0.131,0.052,2.594) gimbal=(2.730,-0.093,-0.706) world=(2.730,-0.093,-0.706) gimbal_ypr=(43.0,5.9,20.7)deg world_ypr=(43.0,5.9,20.7)deg
[2026-07-21 01:49:57.266] [autoaim] [debug] [Outpost][SELECT_PHASE] current_angle=-2.192 target_v_yaw=-2.513 normalized_omega=-2.513 prediction_dt=0.226 future_angle=-2.759 current_plate=0 selected_plate=0 candidate_phase=-2.759 candidate_z=-0.665
[2026-07-21 01:49:57.294] [autoaim] [debug] [Outpost][OBS_ASSOC] seq=8721 state=2 dt=0.0041s world=(2.726,-0.078,-0.701) yaw=38.8deg rho=0.353 radial_res=+0.078 raw_ang=-125.6deg pred=(-126.2,-6.2,113.8)deg err=(+0.6,-119.4,+120.6)deg chosen=0 changed=0 corrected=-125.6deg residual=+0.0deg z=(-0.665,-0.778,-0.624) seen=(1,1,1)
[2026-07-21 01:49:57.328] [autoaim] [debug] [Outpost][OBS_INPUT] seq=8931 candidates=1 confidence=1.000 image=(819.7,562.7) image_dist=75.8 camera=(0.097,0.045,2.559) gimbal=(2.697,-0.061,-0.690) world=(2.697,-0.061,-0.690) gimbal_ypr=(34.2,6.3,17.0)deg world_ypr=(34.2,6.3,17.0)deg
[2026-07-21 01:49:57.341] [autoaim] [debug] [Outpost][IMU] raw_deg=(0.00,0.00,0.00) solver_rad=(0.0000,-0.0000,0.0000)
[2026-07-21 01:49:57.346] [autoaim] [debug] [Outpost][OBS_ASSOC] seq=8731 state=2 dt=0.0040s world=(2.696,-0.049,-0.687) yaw=32.6deg rho=0.350 radial_res=+0.075 raw_ang=-132.4deg pred=(-130.1,-10.1,109.9)deg err=(-2.3,-122.3,+117.7)deg chosen=0 changed=0 corrected=-132.4deg residual=+0.0deg z=(-0.665,-0.778,-0.624) seen=(1,1,1)
[2026-07-21 01:49:57.380] [autoaim] [debug] [Outpost][OBS_INPUT] seq=8941 candidates=1 confidence=1.000 image=(798.2,559.3) image_dist=55.3 camera=(0.068,0.041,2.592) gimbal=(2.731,-0.031,-0.695) world=(2.731,-0.031,-0.695) gimbal_ypr=(25.7,10.9,13.9)deg world_ypr=(25.7,10.9,13.9)deg
[2026-07-21 01:49:57.395] [autoaim] [debug] [Outpost][SELECT_PHASE] current_angle=-2.287 target_v_yaw=-2.513 normalized_omega=-2.513 prediction_dt=0.225 future_angle=-2.854 current_plate=0 selected_plate=0 candidate_phase=-2.854 candidate_z=-0.665
[2026-07-21 01:49:57.407] [autoaim] [debug] [Outpost][OBS_ASSOC] seq=8741 state=2 dt=0.0048s world=(2.713,-0.013,-0.687) yaw=22.3deg rho=0.312 radial_res=+0.037 raw_ang=-134.7deg pred=(-134.9,-14.9,105.1)deg err=(+0.3,-119.7,+120.3)deg chosen=0 changed=0 corrected=-134.7deg residual=+0.0deg z=(-0.665,-0.778,-0.624) seen=(1,1,1)
[2026-07-21 01:49:57.435] [autoaim] [debug] [Outpost][OBS_INPUT] seq=8951 candidates=1 confidence=0.991 image=(772.6,556.4) image_dist=33.7 camera=(0.031,0.037,2.573) gimbal=(2.712,0.006,-0.685) world=(2.712,0.006,-0.685) gimbal_ypr=(15.5,10.8,9.7)deg world_ypr=(15.5,10.8,9.7)deg
[2026-07-21 01:49:57.467] [autoaim] [debug] [Outpost][OBS_ASSOC] seq=8751 state=2 dt=0.0161s world=(2.700,0.028,-0.679) yaw=9.9deg rho=0.294 radial_res=+0.019 raw_ang=-142.1deg pred=(-144.4,-24.4,95.6)deg err=(+2.3,-117.7,+122.3)deg chosen=0 changed=0 corrected=-142.1deg residual=+0.0deg z=(-0.665,-0.778,-0.624) seen=(1,1,1)
[2026-07-21 01:49:57.487] [autoaim] [debug] [Outpost][OBS_INPUT] seq=8961 candidates=1 confidence=0.986 image=(747.0,554.5) image_dist=24.4 camera=(-0.006,0.034,2.555) gimbal=(2.695,0.043,-0.677) world=(2.695,0.043,-0.677) gimbal_ypr=(178.8,154.9,-176.9)deg world_ypr=(178.8,154.9,-176.9)deg
[2026-07-21 01:49:57.509] [autoaim] [debug] [Outpost][SELECT_PHASE] current_angle=-2.626 target_v_yaw=-2.513 normalized_omega=-2.513 prediction_dt=0.259 future_angle=-3.278 current_plate=0 selected_plate=0 candidate_phase=-3.278 candidate_z=-0.665
[2026-07-21 01:49:57.519] [autoaim] [debug] [Outpost][OBS_ASSOC] seq=8761 state=2 dt=0.0037s world=(2.635,0.064,-0.658) yaw=172.4deg rho=0.330 radial_res=+0.055 raw_ang=-153.9deg pred=(-154.0,-34.0,86.0)deg err=(+0.1,-119.9,+120.1)deg chosen=0 changed=0 corrected=-153.9deg residual=+0.0deg z=(-0.665,-0.778,-0.624) seen=(1,1,1)
[2026-07-21 01:49:57.549] [autoaim] [debug] [Outpost][OBS_INPUT] seq=8971 candidates=1 confidence=1.000 image=(716.3,552.9) image_dist=41.3 camera=(-0.048,0.031,2.491) gimbal=(2.634,0.083,-0.657) world=(2.634,0.083,-0.657) gimbal_ypr=(0.4,25.8,2.3)deg world_ypr=(0.4,25.8,2.3)deg
[2026-07-21 01:49:57.590] [autoaim] [debug] [Outpost][OBS_ASSOC] seq=8771 state=2 dt=0.0040s world=(2.620,0.111,-0.653) yaw=6.7deg rho=0.327 radial_res=+0.052 raw_ang=-162.6deg pred=(-162.7,-42.7,77.3)deg err=(+0.1,-119.9,+120.1)deg chosen=0 changed=0 corrected=-162.6deg residual=+0.0deg z=(-0.665,-0.778,-0.624) seen=(1,1,1)
[2026-07-21 01:49:57.621] [autoaim] [debug] [Outpost][OBS_INPUT] seq=8981 candidates=1 confidence=0.999 image=(679.7,552.5) image_dist=74.7 camera=(-0.097,0.030,2.493) gimbal=(2.636,0.133,-0.657) world=(2.636,0.133,-0.657) gimbal_ypr=(3.0,-0.2,0.6)deg world_ypr=(3.0,-0.2,0.6)deg
[2026-07-21 01:49:57.629] [autoaim] [debug] [Outpost][SELECT_PHASE] current_angle=-2.900 target_v_yaw=-2.513 normalized_omega=-2.513 prediction_dt=0.253 future_angle=-3.537 current_plate=0 selected_plate=0 candidate_phase=-3.537 candidate_z=-0.665
[2026-07-21 01:49:57.660] [autoaim] [debug] [Outpost][OBS_ASSOC] seq=8781 state=2 dt=0.0040s world=(2.640,0.161,-0.659) yaw=175.6deg rho=0.296 radial_res=+0.021 raw_ang=-170.7deg pred=(-170.8,-50.8,69.2)deg err=(+0.0,-120.0,+120.0)deg chosen=0 changed=0 corrected=-170.7deg residual=+0.0deg z=(-0.665,-0.778,-0.624) seen=(1,1,1)
[2026-07-21 01:49:57.668] [autoaim] [debug] [Outpost][SELECT] mode=ROTATING selected=0 observed=0 changed=false fresh=true unseen=0.000s phase=0.0deg model_ok=true fire=false diff=-31.6deg cmd=(7.36,-9.00)
[2026-07-21 01:49:57.688] [autoaim] [debug] [Outpost][OBS_INPUT] seq=8991 candidates=1 confidence=1.000 image=(646.5,553.3) image_dist=107.0 camera=(-0.147,0.032,2.563) gimbal=(2.701,0.184,-0.678) world=(2.701,0.184,-0.678) gimbal_ypr=(0.9,26.1,-1.9)deg world_ypr=(0.9,26.1,-1.9)deg
[2026-07-21 01:49:57.740] [autoaim] [debug] [Outpost][SELECT_PHASE] current_angle=3.111 target_v_yaw=-2.513 normalized_omega=-2.513 prediction_dt=0.248 future_angle=2.487 current_plate=0 selected_plate=0 candidate_phase=2.487 candidate_z=-0.665
[2026-07-21 01:49:57.848] [autoaim] [debug] [Outpost][SELECT_PHASE] current_angle=2.840 target_v_yaw=-2.513 normalized_omega=-2.513 prediction_dt=0.241 future_angle=2.234 current_plate=0 selected_plate=0 candidate_phase=2.234 candidate_z=-0.665
[2026-07-21 01:49:57.956] [autoaim] [debug] [Outpost][SELECT_PHASE] current_angle=2.567 target_v_yaw=-2.513 normalized_omega=-2.513 prediction_dt=0.236 future_angle=1.975 current_plate=0 selected_plate=0 candidate_phase=1.975 candidate_z=-0.665
[2026-07-21 01:49:58.049] [autoaim] [debug] [Outpost][SELECT] mode=ROTATING selected=1 observed=0 changed=true fresh=false unseen=0.349s phase=0.0deg model_ok=false fire=false diff=36.2deg cmd=(0.67,-11.21)
[2026-07-21 01:49:58.080] [autoaim] [debug] [Outpost][SWITCH_COMMIT] t=30742.999 from=0 phase_best=1 height_plate=1 tracked_err=+137.7deg new_phase_err=+17.7deg jump=83.3deg z=-0.907 z_err=0.129 margin=0.113 z_confident=0
[2026-07-21 01:49:58.080] [autoaim] [debug] [Outpost][OBS_ASSOC] seq=8790 state=2 dt=0.3773s world=(2.917,-0.124,-0.907) yaw=43.6deg rho=0.333 radial_res=+0.058 raw_ang=-92.6deg pred=(129.8,-110.2,9.8)deg err=(+137.7,+17.7,-102.3)deg chosen=1 changed=1 corrected=-92.6deg residual=+0.0deg z=(-0.665,-0.778,-0.624) seen=(1,1,1)
[2026-07-21 01:49:58.089] [autoaim] [debug] [Outpost][SELECT_PHASE] current_angle=2.543 target_v_yaw=-2.513 normalized_omega=-2.513 prediction_dt=0.235 future_angle=1.952 current_plate=1 selected_plate=1 candidate_phase=4.046 candidate_z=-0.778
[2026-07-21 01:49:58.097] [autoaim] [debug] [Outpost][OBS_ASSOC] seq=8791 state=2 dt=0.0199s world=(2.834,-0.110,-0.875) yaw=42.5deg rho=0.334 radial_res=+0.059 raw_ang=-107.0deg pred=(144.6,-95.4,24.6)deg err=(+108.5,-11.5,-131.5)deg chosen=1 changed=0 corrected=-107.0deg residual=+0.0deg z=(-0.665,-0.778,-0.624) seen=(1,1,1)
[2026-07-21 01:49:58.133] [autoaim] [debug] [Outpost][OBS_INPUT] seq=9001 candidates=1 confidence=0.999 image=(837.0,652.1) image_dist=149.0 camera=(0.128,0.180,2.685) gimbal=(2.783,-0.090,-0.853) world=(2.783,-0.090,-0.853) gimbal_ypr=(36.9,8.5,19.5)deg world_ypr=(36.9,8.5,19.5)deg
[2026-07-21 01:49:58.161] [autoaim] [debug] [Outpost][GEOM_OK] state=2 rho=0.329 res=+0.054 yaw_radial=153.4deg model_center=(2.932,0.209) center_minus=(2.531,-0.221) center_plus=(2.995,0.074)
[2026-07-21 01:49:58.165] [autoaim] [debug] [Outpost][OBS_ASSOC] seq=8801 state=2 dt=0.0042s world=(2.738,-0.070,-0.834) yaw=32.5deg rho=0.340 radial_res=+0.065 raw_ang=-124.7deg pred=(118.5,-121.5,-1.5)deg err=(+116.8,-3.2,-123.2)deg chosen=1 changed=0 corrected=-124.7deg residual=+0.0deg z=(-0.665,-0.778,-0.624) seen=(1,1,1)
[2026-07-21 01:49:58.193] [autoaim] [debug] [Outpost][OBS_INPUT] seq=9011 candidates=1 confidence=1.000 image=(813.1,648.5) image_dist=133.4 camera=(0.090,0.168,2.599) gimbal=(2.702,-0.053,-0.819) world=(2.702,-0.053,-0.819) gimbal_ypr=(29.1,9.8,15.5)deg world_ypr=(29.1,9.8,15.5)deg
[2026-07-21 01:49:58.205] [autoaim] [debug] [Outpost][SELECT_PHASE] current_angle=1.895 target_v_yaw=-2.513 normalized_omega=-2.513 prediction_dt=0.228 future_angle=1.322 current_plate=1 selected_plate=1 candidate_phase=3.417 candidate_z=-0.778
[2026-07-21 01:49:58.221] [autoaim] [debug] [Outpost][OBS_ASSOC] seq=8811 state=2 dt=0.0038s world=(2.705,-0.035,-0.818) yaw=24.2deg rho=0.333 radial_res=+0.058 raw_ang=-133.0deg pred=(109.8,-130.2,-10.2)deg err=(+117.2,-2.8,-122.8)deg chosen=1 changed=0 corrected=-133.0deg residual=+0.0deg z=(-0.665,-0.778,-0.624) seen=(1,1,1)
[2026-07-21 01:49:58.241] [autoaim] [debug] [Outpost][OBS_INPUT] seq=9021 candidates=1 confidence=0.999 image=(791.4,646.0) image_dist=122.4 camera=(0.058,0.166,2.607) gimbal=(2.711,-0.021,-0.819) world=(2.711,-0.021,-0.819) gimbal_ypr=(20.4,13.2,11.7)deg world_ypr=(20.4,13.2,11.7)deg
[2026-07-21 01:49:58.242] [autoaim] [debug] [Outpost][SELECT] mode=ROTATING selected=1 observed=1 changed=false fresh=true unseen=0.000s phase=0.0deg model_ok=true fire=false diff=9.1deg cmd=(3.16,-11.56)
[2026-07-21 01:49:58.274] [autoaim] [debug] [Outpost][OBS_ASSOC] seq=8821 state=2 dt=0.0041s world=(2.659,0.001,-0.799) yaw=16.1deg rho=0.343 radial_res=+0.068 raw_ang=-142.7deg pred=(99.3,-140.7,-20.7)deg err=(+118.1,-1.9,-121.9)deg chosen=1 changed=0 corrected=-142.7deg residual=+0.0deg z=(-0.665,-0.778,-0.624) seen=(1,1,1)
[2026-07-21 01:49:58.306] [autoaim] [debug] [Outpost][OBS_INPUT] seq=9031 candidates=1 confidence=0.999 image=(759.7,643.6) image_dist=113.5 camera=(0.012,0.157,2.521) gimbal=(2.630,0.023,-0.787) world=(2.630,0.023,-0.787) gimbal_ypr=(14.8,28.3,8.6)deg world_ypr=(14.8,28.3,8.6)deg
[2026-07-21 01:49:58.334] [autoaim] [debug] [Outpost][SELECT_PHASE] current_angle=1.545 target_v_yaw=-2.513 normalized_omega=-2.513 prediction_dt=0.256 future_angle=0.901 current_plate=1 selected_plate=1 candidate_phase=2.996 candidate_z=-0.778
[2026-07-21 01:49:58.340] [autoaim] [debug] [Outpost][OBS_ASSOC] seq=8831 state=2 dt=0.0035s world=(2.617,0.046,-0.781) yaw=1.0deg rho=0.354 radial_res=+0.079 raw_ang=-152.7deg pred=(87.7,-152.3,-32.3)deg err=(+119.6,-0.4,-120.4)deg chosen=1 changed=0 corrected=-152.7deg residual=+0.0deg z=(-0.665,-0.778,-0.624) seen=(1,1,1)
[2026-07-21 01:49:58.367] [autoaim] [debug] [Outpost][OBS_INPUT] seq=9041 candidates=1 confidence=0.999 image=(728.8,641.9) image_dist=113.6 camera=(-0.030,0.152,2.476) gimbal=(2.588,0.065,-0.769) world=(2.588,0.065,-0.769) gimbal_ypr=(5.3,36.5,4.0)deg world_ypr=(5.3,36.5,4.0)deg
[2026-07-21 01:49:58.386] [autoaim] [debug] [Outpost][OBS_ASSOC] seq=8841 state=2 dt=0.0039s world=(2.551,0.078,-0.756) yaw=10.2deg rho=0.403 radial_res=+0.128 raw_ang=-161.1deg pred=(79.5,-160.5,-40.5)deg err=(+119.4,-0.6,-120.6)deg chosen=1 changed=0 corrected=-161.1deg residual=+0.0deg z=(-0.665,-0.778,-0.624) seen=(1,1,1)
[2026-07-21 01:49:58.414] [autoaim] [debug] [Outpost][OBS_INPUT] seq=9051 candidates=1 confidence=0.999 image=(703.7,641.2) image_dist=120.5 camera=(-0.063,0.149,2.445) gimbal=(2.557,0.098,-0.758) world=(2.557,0.098,-0.758) gimbal_ypr=(8.7,36.7,4.2)deg world_ypr=(8.7,36.7,4.2)deg
[2026-07-21 01:49:58.439] [autoaim] [debug] [Outpost][SELECT_PHASE] current_angle=1.289 target_v_yaw=-2.513 normalized_omega=-2.513 prediction_dt=0.248 future_angle=0.665 current_plate=1 selected_plate=1 candidate_phase=2.759 candidate_z=-0.778
[2026-07-21 01:49:58.446] [autoaim] [debug] [Outpost][OBS_ASSOC] seq=8851 state=2 dt=0.0039s world=(2.565,0.122,-0.761) yaw=1.6deg rho=0.377 radial_res=+0.102 raw_ang=-166.6deg pred=(72.9,-167.1,-47.1)deg err=(+120.5,+0.5,-119.5)deg chosen=1 changed=0 corrected=-166.6deg residual=+0.0deg z=(-0.665,-0.778,-0.624) seen=(1,1,1)
[2026-07-21 01:49:58.480] [autoaim] [debug] [Outpost][OBS_INPUT] seq=9061 candidates=1 confidence=0.999 image=(670.0,641.0) image_dist=137.1 camera=(-0.110,0.151,2.479) gimbal=(2.589,0.145,-0.769) world=(2.589,0.145,-0.769) gimbal_ypr=(3.1,1.5,0.7)deg world_ypr=(3.1,1.5,0.7)deg
[2026-07-21 01:49:58.509] [autoaim] [debug] [Outpost][OBS_ASSOC] seq=8861 state=2 dt=0.0122s world=(2.603,0.167,-0.775) yaw=2.3deg rho=0.331 radial_res=+0.056 raw_ang=-172.6deg pred=(66.9,-173.1,-53.1)deg err=(+120.4,+0.4,-119.6)deg chosen=1 changed=0 corrected=-172.6deg residual=+0.0deg z=(-0.665,-0.778,-0.624) seen=(1,1,1)
[2026-07-21 01:49:58.511] [autoaim] [debug] [Outpost][IMU] raw_deg=(0.00,0.00,0.00) solver_rad=(0.0000,-0.0000,0.0000)
[2026-07-21 01:49:58.527] [autoaim] [debug] [Outpost][OBS_INPUT] seq=9071 candidates=1 confidence=0.998 image=(645.1,641.4) image_dist=153.4 camera=(-0.147,0.155,2.527) gimbal=(2.634,0.183,-0.786) world=(2.634,0.183,-0.786) gimbal_ypr=(2.3,9.3,-1.1)deg world_ypr=(2.3,9.3,-1.1)deg
[2026-07-21 01:49:58.548] [autoaim] [debug] [Outpost][SELECT_PHASE] current_angle=1.085 target_v_yaw=-2.513 normalized_omega=-2.513 prediction_dt=0.248 future_angle=0.461 current_plate=1 selected_plate=1 candidate_phase=2.555 candidate_z=-0.778
[2026-07-21 01:49:58.652] [autoaim] [debug] [Outpost][SELECT_PHASE] current_angle=0.823 target_v_yaw=-2.513 normalized_omega=-2.513 prediction_dt=0.239 future_angle=0.221 current_plate=1 selected_plate=1 candidate_phase=2.316 candidate_z=-0.778
[2026-07-21 01:49:58.747] [autoaim] [debug] [Outpost][SELECT_PHASE] current_angle=0.580 target_v_yaw=-2.513 normalized_omega=-2.513 prediction_dt=0.234 future_angle=-0.008 current_plate=1 selected_plate=1 candidate_phase=2.086 candidate_z=-0.778
[2026-07-21 01:49:58.783] [autoaim] [debug] [Outpost][SELECT] mode=ROTATING selected=1 observed=1 changed=false fresh=false unseen=0.253s phase=0.0deg model_ok=false fire=false diff=-69.6deg cmd=(9.51,-10.24)
[2026-07-21 01:49:58.851] [autoaim] [debug] [Outpost][SELECT_PHASE] current_angle=0.319 target_v_yaw=-2.513 normalized_omega=-2.513 prediction_dt=0.230 future_angle=-0.258 current_plate=1 selected_plate=1 candidate_phase=1.836 candidate_z=-0.778
[2026-07-21 01:49:58.888] [autoaim] [debug] [Outpost][SELECT] mode=ROTATING selected=2 observed=1 changed=true fresh=false unseen=0.357s phase=0.0deg model_ok=false fire=false diff=36.0deg cmd=(0.69,-7.85)
[2026-07-21 01:49:58.907] [autoaim] [debug] [Outpost][SWITCH_COMMIT] t=30743.826 from=1 phase_best=2 height_plate=0 tracked_err=+161.5deg new_phase_err=+41.5deg jump=107.7deg z=-0.692 z_err=0.027 margin=0.041 z_confident=1
[2026-07-21 01:49:58.907] [autoaim] [debug] [Outpost][OBS_ASSOC] seq=8868 state=2 dt=0.3734s world=(3.067,-0.121,-0.692) yaw=42.0deg rho=0.356 radial_res=+0.081 raw_ang=-67.8deg pred=(10.7,130.7,-109.3)deg err=(-78.5,+161.5,+41.5)deg chosen=2 changed=1 corrected=-67.8deg residual=+0.0deg z=(-0.665,-0.778,-0.624) seen=(1,1,1)
[2026-07-21 01:49:58.916] [autoaim] [debug] [Outpost][OBS_ASSOC] seq=8871 state=2 dt=0.0041s world=(3.028,-0.113,-0.681) yaw=41.7deg rho=0.336 radial_res=+0.061 raw_ang=-73.4deg pred=(36.1,156.1,-83.9)deg err=(-109.5,+130.5,+10.5)deg chosen=2 changed=0 corrected=-73.4deg residual=+0.0deg z=(-0.665,-0.778,-0.624) seen=(1,1,1)
[2026-07-21 01:49:58.948] [autoaim] [debug] [Outpost][OBS_INPUT] seq=9081 candidates=1 confidence=1.000 image=(838.4,494.1) image_dist=94.6 camera=(0.135,-0.056,2.789) gimbal=(2.947,-0.094,-0.655) world=(2.947,-0.094,-0.655) gimbal_ypr=(38.3,9.8,19.5)deg world_ypr=(38.3,9.8,19.5)deg
[2026-07-21 01:49:58.960] [autoaim] [debug] [Outpost][SELECT_PHASE] current_angle=0.443 target_v_yaw=-2.513 normalized_omega=-2.513 prediction_dt=0.232 future_angle=-0.140 current_plate=2 selected_plate=2 candidate_phase=-2.234 candidate_z=-0.624
[2026-07-21 01:49:58.980] [autoaim] [debug] [Outpost][OBS_ASSOC] seq=8881 state=2 dt=0.0121s world=(2.872,-0.077,-0.632) yaw=34.3deg rho=0.292 radial_res=+0.017 raw_ang=-101.8deg pred=(17.1,137.1,-102.9)deg err=(-118.9,+121.1,+1.1)deg chosen=2 changed=0 corrected=-101.8deg residual=+0.0deg z=(-0.665,-0.778,-0.624) seen=(1,1,1)
[2026-07-21 01:49:58.996] [autoaim] [debug] [Outpost][OBS_INPUT] seq=9091 candidates=1 confidence=0.999 image=(821.1,489.9) image_dist=80.9 camera=(0.105,-0.060,2.719) gimbal=(2.881,-0.066,-0.631) world=(2.881,-0.066,-0.631) gimbal_ypr=(31.0,9.5,16.4)deg world_ypr=(31.0,9.5,16.4)deg
[2026-07-21 01:49:59.024] [autoaim] [debug] [Outpost][OBS_ASSOC] seq=8891 state=2 dt=0.0041s world=(2.823,-0.048,-0.614) yaw=28.6deg rho=0.279 radial_res=+0.004 raw_ang=-113.0deg pred=(7.1,127.1,-112.9)deg err=(-120.1,+119.9,-0.1)deg chosen=2 changed=0 corrected=-113.0deg residual=+0.0deg z=(-0.665,-0.778,-0.624) seen=(1,1,1)
[2026-07-21 01:49:59.053] [autoaim] [debug] [Outpost][OBS_INPUT] seq=9101 candidates=1 confidence=1.000 image=(798.4,486.2) image_dist=64.7 camera=(0.069,-0.064,2.625) gimbal=(2.791,-0.031,-0.603) world=(2.791,-0.031,-0.603) gimbal_ypr=(24.8,11.5,13.0)deg world_ypr=(24.8,11.5,13.0)deg
[2026-07-21 01:49:59.065] [autoaim] [debug] [Outpost][SELECT_PHASE] current_angle=0.047 target_v_yaw=-2.513 normalized_omega=-2.513 prediction_dt=0.226 future_angle=-0.521 current_plate=2 selected_plate=2 candidate_phase=-2.616 candidate_z=-0.624
[2026-07-21 01:49:59.068] [autoaim] [debug] [Outpost][GEOM_OK] state=2 rho=0.257 res=-0.018 yaw_radial=-84.7deg model_center=(2.932,0.209) center_minus=(3.071,-0.121) center_plus=(2.560,0.082)
[2026-07-21 01:49:59.072] [autoaim] [debug] [Outpost][OBS_ASSOC] seq=8901 state=2 dt=0.0041s world=(2.789,-0.018,-0.600) yaw=21.1deg rho=0.269 radial_res=-0.006 raw_ang=-122.2deg pred=(2.4,122.4,-117.6)deg err=(-124.6,+115.4,-4.6)deg chosen=2 changed=0 corrected=-122.2deg residual=+0.0deg z=(-0.665,-0.778,-0.624) seen=(1,1,1)
[2026-07-21 01:49:59.100] [autoaim] [debug] [Outpost][OBS_INPUT] seq=9111 candidates=1 confidence=0.999 image=(777.3,483.3) image_dist=54.0 camera=(0.038,-0.068,2.617) gimbal=(2.783,-0.000,-0.596) world=(2.783,-0.000,-0.596) gimbal_ypr=(16.4,16.1,9.7)deg world_ypr=(16.4,16.1,9.7)deg
[2026-07-21 01:49:59.133] [autoaim] [debug] [Outpost][OBS_ASSOC] seq=8911 state=2 dt=0.0026s world=(2.782,0.022,-0.594) yaw=172.5deg rho=0.240 radial_res=-0.035 raw_ang=-128.7deg pred=(-12.7,107.3,-132.7)deg err=(-115.9,+124.1,+4.1)deg chosen=2 changed=0 corrected=-128.7deg residual=+0.0deg z=(-0.665,-0.778,-0.624) seen=(1,1,1)
[2026-07-21 01:49:59.162] [autoaim] [debug] [Outpost][OBS_INPUT] seq=9121 candidates=1 confidence=0.907 image=(749.3,480.8) image_dist=49.7 camera=(-0.002,-0.070,2.576) gimbal=(2.744,0.040,-0.583) world=(2.744,0.040,-0.583) gimbal_ypr=(7.7,25.7,5.7)deg world_ypr=(7.7,25.7,5.7)deg
[2026-07-21 01:49:59.173] [autoaim] [debug] [Outpost][SELECT_PHASE] current_angle=-0.366 target_v_yaw=-2.513 normalized_omega=-2.513 prediction_dt=0.260 future_angle=-1.021 current_plate=2 selected_plate=2 candidate_phase=-3.115 candidate_z=-0.624
[2026-07-21 01:49:59.181] [autoaim] [debug] [Outpost][OBS_ASSOC] seq=8921 state=2 dt=0.0039s world=(2.722,0.053,-0.577) yaw=2.1deg rho=0.261 radial_res=-0.014 raw_ang=-143.4deg pred=(-26.9,93.1,-146.9)deg err=(-116.5,+123.5,+3.5)deg chosen=2 changed=0 corrected=-143.4deg residual=+0.0deg z=(-0.665,-0.778,-0.624) seen=(1,1,1)
[2026-07-21 01:49:59.209] [autoaim] [debug] [Outpost][OBS_INPUT] seq=9131 candidates=1 confidence=0.992 image=(725.7,479.3) image_dist=57.1 camera=(-0.035,-0.070,2.516) gimbal=(2.686,0.072,-0.567) world=(2.686,0.072,-0.567) gimbal_ypr=(8.2,28.8,4.3)deg world_ypr=(8.2,28.8,4.3)deg
[2026-07-21 01:49:59.237] [autoaim] [debug] [Outpost][OBS_ASSOC] seq=8931 state=2 dt=0.0037s world=(2.682,0.091,-0.564) yaw=7.3deg rho=0.276 radial_res=+0.001 raw_ang=-154.7deg pred=(-35.4,84.6,-155.4)deg err=(-119.3,+120.7,+0.7)deg chosen=2 changed=0 corrected=-154.7deg residual=+0.0deg z=(-0.665,-0.778,-0.624) seen=(1,1,1)
[2026-07-21 01:49:59.267] [autoaim] [debug] [Outpost][OBS_INPUT] seq=9141 candidates=1 confidence=0.883 image=(696.8,478.5) image_dist=75.1 camera=(-0.074,-0.071,2.493) gimbal=(2.664,0.110,-0.560) world=(2.664,0.110,-0.560) gimbal_ypr=(2.6,30.9,0.4)deg world_ypr=(2.6,30.9,0.4)deg
[2026-07-21 01:49:59.278] [autoaim] [debug] [Outpost][SELECT_PHASE] current_angle=-0.713 target_v_yaw=-2.513 normalized_omega=-2.513 prediction_dt=0.253 future_angle=-1.349 current_plate=2 selected_plate=2 candidate_phase=-3.444 candidate_z=-0.624
[2026-07-21 01:49:59.285] [autoaim] [debug] [Outpost][OBS_ASSOC] seq=8941 state=2 dt=0.0040s world=(2.674,0.126,-0.562) yaw=0.5deg rho=0.271 radial_res=-0.004 raw_ang=-162.1deg pred=(-42.0,78.0,-162.0)deg err=(-120.1,+119.9,-0.1)deg chosen=2 changed=0 corrected=-162.1deg residual=+0.0deg z=(-0.665,-0.778,-0.624) seen=(1,1,1)
[2026-07-21 01:49:59.313] [autoaim] [debug] [Outpost][OBS_INPUT] seq=9151 candidates=1 confidence=0.860 image=(671.8,478.6) image_dist=94.7 camera=(-0.110,-0.072,2.523) gimbal=(2.692,0.147,-0.567) world=(2.692,0.147,-0.567) gimbal_ypr=(177.8,151.6,178.0)deg world_ypr=(177.8,151.6,178.0)deg
[2026-07-21 01:49:59.318] [autoaim] [debug] [Outpost][SELECT] mode=ROTATING selected=2 observed=2 changed=false fresh=true unseen=0.000s phase=0.0deg model_ok=true fire=false diff=-25.7deg cmd=(6.84,-8.05)
[2026-07-21 01:49:59.341] [autoaim] [debug] [Outpost][OBS_ASSOC] seq=8951 state=2 dt=0.0039s world=(2.681,0.166,-0.565) yaw=173.4deg rho=0.254 radial_res=-0.021 raw_ang=-170.3deg pred=(-50.2,69.8,-170.2)deg err=(-120.1,+119.9,-0.1)deg chosen=2 changed=0 corrected=-170.3deg residual=+0.0deg z=(-0.665,-0.778,-0.624) seen=(1,1,1)
[2026-07-21 01:49:59.361] [autoaim] [debug] [Outpost][OBS_INPUT] seq=9161 candidates=1 confidence=0.994 image=(647.2,479.4) image_dist=115.7 camera=(-0.148,-0.072,2.591) gimbal=(2.757,0.186,-0.585) world=(2.757,0.186,-0.585) gimbal_ypr=(179.6,162.4,176.6)deg world_ypr=(179.6,162.4,176.6)deg
[2026-07-21 01:49:59.382] [autoaim] [debug] [Outpost][SELECT_PHASE] current_angle=-0.980 target_v_yaw=-2.513 normalized_omega=-2.513 prediction_dt=0.248 future_angle=-1.604 current_plate=2 selected_plate=2 candidate_phase=-3.699 candidate_z=-0.624
[2026-07-21 01:49:59.490] [autoaim] [debug] [Outpost][SELECT_PHASE] current_angle=-1.253 target_v_yaw=-2.513 normalized_omega=-2.513 prediction_dt=0.241 future_angle=-1.857 current_plate=2 selected_plate=2 candidate_phase=-3.952 candidate_z=-0.624
[2026-07-21 01:49:59.561] [autoaim] [debug] [Outpost][IMU] raw_deg=(0.00,0.00,0.00) solver_rad=(0.0000,-0.0000,0.0000)
[2026-07-21 01:49:59.598] [autoaim] [debug] [Outpost][SELECT_PHASE] current_angle=-1.524 target_v_yaw=-2.513 normalized_omega=-2.513 prediction_dt=0.235 future_angle=-2.115 current_plate=2 selected_plate=2 candidate_phase=-4.209 candidate_z=-0.624
[2026-07-21 01:49:59.675] [autoaim] [debug] [Outpost][SWITCH_COMMIT] t=30744.597 from=2 phase_best=0 height_plate=1 tracked_err=+118.8deg new_phase_err=-1.2deg jump=75.4deg z=-0.763 z_err=0.016 margin=0.082 z_confident=1
[2026-07-21 01:49:59.675] [autoaim] [debug] [Outpost][OBS_ASSOC] seq=8958 state=2 dt=0.3009s world=(2.873,-0.142,-0.763) yaw=55.9deg rho=0.356 radial_res=+0.081 raw_ang=-99.6deg pred=(-98.3,21.7,141.7)deg err=(-1.2,-121.2,+118.8)deg chosen=0 changed=1 corrected=-99.6deg residual=+0.0deg z=(-0.665,-0.778,-0.624) seen=(1,1,1)
[2026-07-21 01:49:59.706] [autoaim] [debug] [Outpost][IDENTITY_LOCK] t=30744.628 tracked=0 phase_best=0 height_candidate=1 tracked_err=+1.4deg new_phase_err=+1.4deg jump=0.4deg z=-0.738 z_err=0.040 margin=0.033
[2026-07-21 01:49:59.706] [autoaim] [debug] [Outpost][OBS_ASSOC] seq=8961 state=2 dt=0.0069s world=(2.806,-0.129,-0.738) yaw=52.5deg rho=0.360 radial_res=+0.085 raw_ang=-110.4deg pred=(-111.8,8.2,128.2)deg err=(+1.4,-118.6,+121.4)deg chosen=0 changed=0 corrected=-110.4deg residual=+0.0deg z=(-0.665,-0.778,-0.624) seen=(1,1,1)
[2026-07-21 01:49:59.707] [autoaim] [debug] [Outpost][SELECT_PHASE] current_angle=-1.927 target_v_yaw=-2.513 normalized_omega=-2.513 prediction_dt=0.228 future_angle=-2.501 current_plate=0 selected_plate=2 candidate_phase=-4.596 candidate_z=-0.624
[2026-07-21 01:49:59.708] [autoaim] [debug] [Outpost][SELECT] mode=ROTATING selected=0 observed=0 changed=true fresh=true unseen=0.000s phase=0.0deg model_ok=true fire=false diff=31.5deg cmd=(1.06,-9.00)
[2026-07-21 01:49:59.723] [autoaim] [debug] [Outpost][OBS_INPUT] seq=9171 candidates=1 confidence=0.997 image=(858.8,571.7) image_dist=115.4 camera=(0.155,0.059,2.603) gimbal=(2.737,-0.117,-0.715) world=(2.737,-0.117,-0.715) gimbal_ypr=(50.9,3.4,23.6)deg world_ypr=(50.9,3.4,23.6)deg
[2026-07-21 01:49:59.755] [autoaim] [debug] [Outpost][OBS_ASSOC] seq=8971 state=2 dt=0.0041s world=(2.784,-0.106,-0.725) yaw=45.4deg rho=0.348 radial_res=+0.073 raw_ang=-115.1deg pred=(-122.6,-2.6,117.4)deg err=(+7.5,-112.5,+127.5)deg chosen=0 changed=0 corrected=-115.1deg residual=+0.0deg z=(-0.665,-0.778,-0.624) seen=(1,1,1)
[2026-07-21 01:49:59.783] [autoaim] [debug] [Outpost][OBS_INPUT] seq=9181 candidates=1 confidence=1.000 image=(840.9,566.8) image_dist=96.9 camera=(0.129,0.052,2.587) gimbal=(2.724,-0.091,-0.703) world=(2.724,-0.091,-0.703) gimbal_ypr=(42.5,6.0,20.6)deg world_ypr=(42.5,6.0,20.6)deg
[2026-07-21 01:49:59.811] [autoaim] [debug] [Outpost][OBS_ASSOC] seq=8981 state=2 dt=0.0040s world=(2.726,-0.078,-0.701) yaw=38.3deg rho=0.353 radial_res=+0.078 raw_ang=-125.7deg pred=(-126.2,-6.2,113.8)deg err=(+0.5,-119.5,+120.5)deg chosen=0 changed=0 corrected=-125.7deg residual=+0.0deg z=(-0.665,-0.778,-0.624) seen=(1,1,1)
[2026-07-21 01:49:59.811] [autoaim] [debug] [Outpost][SELECT_PHASE] current_angle=-2.194 target_v_yaw=-2.513 normalized_omega=-2.513 prediction_dt=0.226 future_angle=-2.761 current_plate=0 selected_plate=0 candidate_phase=-2.761 candidate_z=-0.665
[2026-07-21 01:49:59.831] [autoaim] [debug] [Outpost][OBS_INPUT] seq=9191 candidates=1 confidence=1.000 image=(824.0,563.4) image_dist=80.0 camera=(0.103,0.046,2.554) gimbal=(2.693,-0.067,-0.689) world=(2.693,-0.067,-0.689) gimbal_ypr=(36.6,7.4,18.1)deg world_ypr=(36.6,7.4,18.1)deg
[2026-07-21 01:49:59.855] [autoaim] [debug] [Outpost][SELECT] mode=ROTATING selected=0 observed=0 changed=false fresh=true unseen=0.000s phase=0.0deg model_ok=true fire=false diff=12.5deg cmd=(2.89,-9.00)
[2026-07-21 01:49:59.859] [autoaim] [debug] [Outpost][OBS_ASSOC] seq=8991 state=2 dt=0.0041s world=(2.706,-0.052,-0.691) yaw=31.7deg rho=0.345 radial_res=+0.070 raw_ang=-131.0deg pred=(-131.4,-11.4,108.6)deg err=(+0.5,-119.5,+120.5)deg chosen=0 changed=0 corrected=-131.0deg residual=+0.0deg z=(-0.665,-0.778,-0.624) seen=(1,1,1)
[2026-07-21 01:49:59.887] [autoaim] [debug] [Outpost][OBS_INPUT] seq=9201 candidates=1 confidence=1.000 image=(801.5,559.8) image_dist=58.3 camera=(0.071,0.041,2.536) gimbal=(2.677,-0.035,-0.679) world=(2.677,-0.035,-0.679) gimbal_ypr=(29.3,10.2,14.7)deg world_ypr=(29.3,10.2,14.7)deg
[2026-07-21 01:49:59.903] [autoaim] [debug] [Outpost][GEOM_OK] state=2 rho=0.306 res=+0.031 yaw_radial=154.0deg model_center=(2.932,0.209) center_minus=(2.485,-0.138) center_plus=(2.987,0.087)
[2026-07-21 01:49:59.921] [autoaim] [debug] [Outpost][OBS_ASSOC] seq=9001 state=2 dt=0.0161s world=(2.710,-0.015,-0.686) yaw=23.4deg rho=0.316 radial_res=+0.041 raw_ang=-134.7deg pred=(-132.2,-12.2,107.8)deg err=(-2.6,-122.6,+117.4)deg chosen=0 changed=0 corrected=-134.7deg residual=+0.0deg z=(-0.665,-0.778,-0.624) seen=(1,1,1)
[2026-07-21 01:49:59.921] [autoaim] [debug] [Outpost][SELECT_PHASE] current_angle=-2.352 target_v_yaw=-2.513 normalized_omega=-2.513 prediction_dt=0.225 future_angle=-2.917 current_plate=0 selected_plate=0 candidate_phase=-2.917 candidate_z=-0.665
[2026-07-21 01:49:59.940] [autoaim] [debug] [Outpost][OBS_INPUT] seq=9211 candidates=1 confidence=0.997 image=(778.7,557.1) image_dist=38.4 camera=(0.040,0.038,2.576) gimbal=(2.715,-0.003,-0.687) world=(2.715,-0.003,-0.687) gimbal_ypr=(19.6,14.1,10.8)deg world_ypr=(19.6,14.1,10.8)deg
[2026-07-21 01:49:59.967] [autoaim] [debug] [Outpost][OBS_ASSOC] seq=9011 state=2 dt=0.0038s world=(2.722,0.016,-0.687) yaw=11.7deg rho=0.285 radial_res=+0.010 raw_ang=-137.4deg pred=(-142.8,-22.8,97.2)deg err=(+5.4,-114.6,+125.4)deg chosen=0 changed=0 corrected=-137.4deg residual=+0.0deg z=(-0.665,-0.778,-0.624) seen=(1,1,1)
[2026-07-21 01:49:59.996] [autoaim] [debug] [Outpost][OBS_INPUT] seq=9221 candidates=1 confidence=0.988 image=(752.3,554.8) image_dist=24.4 camera=(0.001,0.035,2.577) gimbal=(2.717,0.036,-0.684) world=(2.717,0.036,-0.684) gimbal_ypr=(178.2,160.9,-176.5)deg world_ypr=(178.2,160.9,-176.5)deg
[2026-07-21 01:50:00.026] [autoaim] [debug] [Outpost][OBS_ASSOC] seq=9021 state=2 dt=0.0122s world=(2.651,0.054,-0.664) yaw=171.9deg rho=0.321 radial_res=+0.046 raw_ang=-151.1deg pred=(-149.7,-29.7,90.3)deg err=(-1.4,-121.4,+118.6)deg chosen=0 changed=0 corrected=-151.1deg residual=+0.0deg z=(-0.665,-0.778,-0.624) seen=(1,1,1)
[2026-07-21 01:50:00.026] [autoaim] [debug] [Outpost][SELECT_PHASE] current_angle=-2.637 target_v_yaw=-2.513 normalized_omega=-2.513 prediction_dt=0.259 future_angle=-3.288 current_plate=0 selected_plate=0 candidate_phase=-3.288 candidate_z=-0.665
[2026-07-21 01:50:00.044] [autoaim] [debug] [Outpost][OBS_INPUT] seq=9231 candidates=1 confidence=1.000 image=(728.6,553.4) image_dist=32.1 camera=(-0.031,0.032,2.511) gimbal=(2.653,0.067,-0.663) world=(2.653,0.067,-0.663) gimbal_ypr=(179.1,168.8,-177.5)deg world_ypr=(179.1,168.8,-177.5)deg
[2026-07-21 01:50:00.076] [autoaim] [debug] [Outpost][OBS_ASSOC] seq=9031 state=2 dt=0.0040s world=(2.623,0.089,-0.654) yaw=178.1deg rho=0.331 radial_res=+0.056 raw_ang=-158.8deg pred=(-158.5,-38.5,81.5)deg err=(-0.3,-120.3,+119.7)deg chosen=0 changed=0 corrected=-158.8deg residual=+0.0deg z=(-0.665,-0.778,-0.624) seen=(1,1,1)
[2026-07-21 01:50:00.108] [autoaim] [debug] [Outpost][OBS_INPUT] seq=9241 candidates=1 confidence=1.000 image=(695.7,552.6) image_dist=59.7 camera=(-0.075,0.030,2.468) gimbal=(2.611,0.111,-0.650) world=(2.611,0.111,-0.650) gimbal_ypr=(176.7,172.2,179.7)deg world_ypr=(176.7,172.2,179.7)deg
[2026-07-21 01:50:00.137] [autoaim] [debug] [Outpost][OBS_ASSOC] seq=9041 state=2 dt=0.0038s world=(2.624,0.131,-0.654) yaw=3.0deg rho=0.318 radial_res=+0.043 raw_ang=-165.8deg pred=(-166.0,-46.0,74.0)deg err=(+0.2,-119.8,+120.2)deg chosen=0 changed=0 corrected=-165.8deg residual=+0.0deg z=(-0.665,-0.778,-0.624) seen=(1,1,1)
[2026-07-21 01:50:00.137] [autoaim] [debug] [Outpost][SELECT_PHASE] current_angle=-2.894 target_v_yaw=-2.513 normalized_omega=-2.513 prediction_dt=0.254 future_angle=-3.531 current_plate=0 selected_plate=0 candidate_phase=-3.531 candidate_z=-0.665
[2026-07-21 01:50:00.156] [autoaim] [debug] [Outpost][OBS_INPUT] seq=9251 candidates=1 confidence=0.999 image=(670.9,552.6) image_dist=83.1 camera=(-0.110,0.030,2.489) gimbal=(2.632,0.145,-0.656) world=(2.632,0.145,-0.656) gimbal_ypr=(179.9,153.3,179.1)deg world_ypr=(179.9,153.3,179.1)deg
[2026-07-21 01:50:00.185] [autoaim] [debug] [Outpost][OBS_ASSOC] seq=9051 state=2 dt=0.0041s world=(2.653,0.166,-0.663) yaw=2.4deg rho=0.282 radial_res=+0.007 raw_ang=-171.3deg pred=(-171.8,-51.8,68.2)deg err=(+0.5,-119.5,+120.5)deg chosen=0 changed=0 corrected=-171.3deg residual=+0.0deg z=(-0.665,-0.778,-0.624) seen=(1,1,1)
[2026-07-21 01:50:00.213] [autoaim] [debug] [Outpost][OBS_INPUT] seq=9261 candidates=1 confidence=0.991 image=(642.8,553.7) image_dist=110.8 camera=(-0.153,0.033,2.576) gimbal=(2.713,0.190,-0.682) world=(2.713,0.190,-0.682) gimbal_ypr=(179.8,148.3,177.1)deg world_ypr=(179.8,148.3,177.1)deg
[2026-07-21 01:50:00.245] [autoaim] [debug] [Outpost][SELECT_PHASE] current_angle=-3.131 target_v_yaw=-2.513 normalized_omega=-2.513 prediction_dt=0.248 future_angle=-3.755 current_plate=0 selected_plate=0 candidate_phase=-3.755 candidate_z=-0.665
[2026-07-21 01:50:00.337] [autoaim] [debug] [Outpost][SELECT_PHASE] current_angle=2.910 target_v_yaw=-2.513 normalized_omega=-2.513 prediction_dt=0.243 future_angle=2.301 current_plate=0 selected_plate=0 candidate_phase=2.301 candidate_z=-0.665
[2026-07-21 01:50:00.398] [autoaim] [debug] [Outpost][SELECT] mode=ROTATING selected=0 observed=0 changed=false fresh=false unseen=0.182s phase=0.0deg model_ok=false fire=false diff=-60.7deg cmd=(9.22,-8.28)
[2026-07-21 01:50:00.464] [autoaim] [debug] [Outpost][SELECT_PHASE] current_angle=2.597 target_v_yaw=-2.513 normalized_omega=-2.513 prediction_dt=0.236 future_angle=2.004 current_plate=0 selected_plate=0 candidate_phase=2.004 candidate_z=-0.665
[2026-07-21 01:50:00.571] [autoaim] [debug] [Outpost][SELECT] mode=ROTATING selected=1 observed=0 changed=true fresh=false unseen=0.353s phase=0.0deg model_ok=false fire=false diff=35.6deg cmd=(0.71,-11.22)
[2026-07-21 01:50:00.582] [autoaim] [debug] [Outpost][SELECT_PHASE] current_angle=2.295 target_v_yaw=-2.513 normalized_omega=-2.513 prediction_dt=0.231 future_angle=1.713 current_plate=0 selected_plate=1 candidate_phase=3.808 candidate_z=-0.778
[2026-07-21 01:50:00.614] [autoaim] [debug] [Outpost][SWITCH_COMMIT] t=30745.537 from=0 phase_best=1 height_plate=1 tracked_err=+126.2deg new_phase_err=+6.2deg jump=68.9deg z=-0.875 z_err=0.097 margin=0.113 z_confident=0
[2026-07-21 01:50:00.614] [autoaim] [debug] [Outpost][OBS_ASSOC] seq=9058 state=2 dt=0.3975s world=(2.834,-0.111,-0.875) yaw=41.8deg rho=0.334 radial_res=+0.059 raw_ang=-107.0deg pred=(126.9,-113.1,6.9)deg err=(+126.2,+6.2,-113.8)deg chosen=1 changed=1 corrected=-107.0deg residual=+0.0deg z=(-0.665,-0.778,-0.624) seen=(1,1,1)
[2026-07-21 01:50:00.626] [autoaim] [debug] [Outpost][OBS_ASSOC] seq=9061 state=2 dt=0.0041s world=(2.819,-0.104,-0.869) yaw=40.0deg rho=0.332 radial_res=+0.057 raw_ang=-109.8deg pred=(129.8,-110.2,9.8)deg err=(+120.5,+0.5,-119.5)deg chosen=1 changed=0 corrected=-109.8deg residual=+0.0deg z=(-0.665,-0.778,-0.624) seen=(1,1,1)
[2026-07-21 01:50:00.657] [autoaim] [debug] [Outpost][IMU] raw_deg=(0.00,0.00,0.00) solver_rad=(0.0000,-0.0000,0.0000)
[2026-07-21 01:50:00.658] [autoaim] [debug] [Outpost][OBS_INPUT] seq=9271 candidates=1 confidence=1.000 image=(834.1,651.5) image_dist=146.8 camera=(0.122,0.177,2.657) gimbal=(2.757,-0.085,-0.843) world=(2.757,-0.085,-0.843) gimbal_ypr=(36.3,8.1,18.6)deg world_ypr=(36.3,8.1,18.6)deg
[2026-07-21 01:50:00.687] [autoaim] [debug] [Outpost][OBS_ASSOC] seq=9071 state=2 dt=0.0042s world=(2.741,-0.068,-0.834) yaw=32.5deg rho=0.336 radial_res=+0.061 raw_ang=-124.5deg pred=(114.7,-125.3,-5.3)deg err=(+120.8,+0.8,-119.2)deg chosen=1 changed=0 corrected=-124.5deg residual=+0.0deg z=(-0.665,-0.778,-0.624) seen=(1,1,1)
[2026-07-21 01:50:00.694] [autoaim] [debug] [Outpost][SELECT_PHASE] current_angle=1.995 target_v_yaw=-2.513 normalized_omega=-2.513 prediction_dt=0.228 future_angle=1.421 current_plate=1 selected_plate=1 candidate_phase=3.516 candidate_z=-0.778
[2026-07-21 01:50:00.720] [autoaim] [debug] [Outpost][OBS_INPUT] seq=9281 candidates=1 confidence=0.999 image=(809.7,647.9) image_dist=131.3 camera=(0.086,0.170,2.633) gimbal=(2.735,-0.048,-0.830) world=(2.735,-0.048,-0.830) gimbal_ypr=(26.4,9.8,14.7)deg world_ypr=(26.4,9.8,14.7)deg
[2026-07-21 01:50:00.750] [autoaim] [debug] [Outpost][OBS_ASSOC] seq=9081 state=2 dt=0.0119s world=(2.707,-0.030,-0.818) yaw=23.0deg rho=0.328 radial_res=+0.053 raw_ang=-133.3deg pred=(108.2,-131.8,-11.8)deg err=(+118.6,-1.4,-121.4)deg chosen=1 changed=0 corrected=-133.3deg residual=+0.0deg z=(-0.665,-0.778,-0.624) seen=(1,1,1)
[2026-07-21 01:50:00.767] [autoaim] [debug] [Outpost][OBS_INPUT] seq=9291 candidates=1 confidence=0.999 image=(788.0,645.5) image_dist=120.8 camera=(0.053,0.163,2.571) gimbal=(2.677,-0.016,-0.806) world=(2.677,-0.016,-0.806) gimbal_ypr=(20.7,13.4,11.9)deg world_ypr=(20.7,13.4,11.9)deg
[2026-07-21 01:50:00.799] [autoaim] [debug] [Outpost][OBS_ASSOC] seq=9091 state=2 dt=0.0040s world=(2.682,0.006,-0.805) yaw=14.1deg rho=0.322 radial_res=+0.047 raw_ang=-140.9deg pred=(98.3,-141.7,-21.7)deg err=(+120.8,+0.8,-119.2)deg chosen=1 changed=0 corrected=-140.9deg residual=+0.0deg z=(-0.665,-0.778,-0.624) seen=(1,1,1)
[2026-07-21 01:50:00.807] [autoaim] [debug] [Outpost][SELECT_PHASE] current_angle=1.691 target_v_yaw=-2.513 normalized_omega=-2.513 prediction_dt=0.259 future_angle=1.041 current_plate=1 selected_plate=1 candidate_phase=3.135 candidate_z=-0.778
[2026-07-21 01:50:00.827] [autoaim] [debug] [Outpost][OBS_INPUT] seq=9301 candidates=1 confidence=0.999 image=(758.7,643.1) image_dist=112.9 camera=(0.011,0.158,2.554) gimbal=(2.661,0.025,-0.796) world=(2.661,0.025,-0.796) gimbal_ypr=(8.8,28.4,6.4)deg world_ypr=(8.8,28.4,6.4)deg
[2026-07-21 01:50:00.843] [autoaim] [debug] [Outpost][GEOM_OK] state=2 rho=0.335 res=+0.060 yaw_radial=152.1deg model_center=(2.932,0.209) center_minus=(2.370,0.022) center_plus=(2.919,0.051)
[2026-07-21 01:50:00.859] [autoaim] [debug] [Outpost][OBS_ASSOC] seq=9101 state=2 dt=0.0122s world=(2.612,0.044,-0.778) yaw=9.5deg rho=0.360 radial_res=+0.085 raw_ang=-152.7deg pred=(89.2,-150.8,-30.8)deg err=(+118.1,-1.9,-121.9)deg chosen=1 changed=0 corrected=-152.7deg residual=+0.0deg z=(-0.665,-0.778,-0.624) seen=(1,1,1)
[2026-07-21 01:50:00.875] [autoaim] [debug] [Outpost][OBS_INPUT] seq=9311 candidates=1 confidence=0.997 image=(734.2,642.0) image_dist=112.8 camera=(-0.023,0.153,2.491) gimbal=(2.602,0.058,-0.774) world=(2.602,0.058,-0.774) gimbal_ypr=(4.0,3.4,3.6)deg world_ypr=(4.0,3.4,3.6)deg
[2026-07-21 01:50:00.907] [autoaim] [debug] [Outpost][OBS_ASSOC] seq=9111 state=2 dt=0.0040s world=(2.575,0.080,-0.765) yaw=4.0deg rho=0.379 radial_res=+0.104 raw_ang=-160.2deg pred=(79.9,-160.1,-40.1)deg err=(+120.0,-0.0,-120.0)deg chosen=1 changed=0 corrected=-160.2deg residual=+0.0deg z=(-0.665,-0.778,-0.624) seen=(1,1,1)
[2026-07-21 01:50:00.915] [autoaim] [debug] [Outpost][SELECT_PHASE] current_angle=1.375 target_v_yaw=-2.513 normalized_omega=-2.513 prediction_dt=0.252 future_angle=0.741 current_plate=1 selected_plate=1 candidate_phase=2.835 candidate_z=-0.778
[2026-07-21 01:50:00.939] [autoaim] [debug] [Outpost][OBS_INPUT] seq=9321 candidates=1 confidence=0.998 image=(700.5,640.7) image_dist=121.3 camera=(-0.068,0.149,2.449) gimbal=(2.561,0.103,-0.759) world=(2.561,0.103,-0.759) gimbal_ypr=(7.2,38.9,3.4)deg world_ypr=(7.2,38.9,3.4)deg
[2026-07-21 01:50:00.973] [autoaim] [debug] [Outpost][OBS_ASSOC] seq=9121 state=2 dt=0.0079s world=(2.553,0.125,-0.756) yaw=5.7deg rho=0.388 radial_res=+0.113 raw_ang=-167.5deg pred=(72.5,-167.5,-47.5)deg err=(+120.0,-0.0,-120.0)deg chosen=1 changed=0 corrected=-167.5deg residual=+0.0deg z=(-0.665,-0.778,-0.624) seen=(1,1,1)
[2026-07-21 01:50:00.980] [autoaim] [debug] [Outpost][SELECT] mode=ROTATING selected=1 observed=1 changed=false fresh=true unseen=0.000s phase=0.0deg model_ok=true fire=false diff=-28.1deg cmd=(7.01,-11.42)
[2026-07-21 01:50:01.002] [autoaim] [debug] [Outpost][OBS_INPUT] seq=9331 candidates=1 confidence=0.997 image=(668.6,640.8) image_dist=137.7 camera=(-0.113,0.150,2.479) gimbal=(2.589,0.148,-0.769) world=(2.589,0.148,-0.769) gimbal_ypr=(4.3,4.2,0.8)deg world_ypr=(4.3,4.2,0.8)deg
[2026-07-21 01:50:01.020] [autoaim] [debug] [Outpost][OBS_ASSOC] seq=9131 state=2 dt=0.0045s world=(2.586,0.161,-0.769) yaw=6.7deg rho=0.349 radial_res=+0.074 raw_ang=-172.2deg pred=(67.6,-172.4,-52.4)deg err=(+120.2,+0.2,-119.8)deg chosen=1 changed=0 corrected=-172.2deg residual=+0.0deg z=(-0.665,-0.778,-0.624) seen=(1,1,1)
[2026-07-21 01:50:01.044] [autoaim] [debug] [Outpost][SELECT_PHASE] current_angle=1.145 target_v_yaw=-2.513 normalized_omega=-2.513 prediction_dt=0.248 future_angle=0.521 current_plate=1 selected_plate=1 candidate_phase=2.615 candidate_z=-0.778
[2026-07-21 01:50:01.052] [autoaim] [debug] [Outpost][OBS_INPUT] seq=9341 candidates=1 confidence=0.999 image=(641.5,641.6) image_dist=156.1 camera=(-0.153,0.155,2.535) gimbal=(2.641,0.189,-0.788) world=(2.641,0.189,-0.788) gimbal_ypr=(9.4,0.2,1.0)deg world_ypr=(9.4,0.2,1.0)deg
[2026-07-21 01:50:01.152] [autoaim] [debug] [Outpost][SELECT_PHASE] current_angle=0.865 target_v_yaw=-2.513 normalized_omega=-2.513 prediction_dt=0.240 future_angle=0.261 current_plate=1 selected_plate=1 candidate_phase=2.355 candidate_z=-0.778
[2026-07-21 01:50:01.258] [autoaim] [debug] [Outpost][SELECT_PHASE] current_angle=0.597 target_v_yaw=-2.513 normalized_omega=-2.513 prediction_dt=0.235 future_angle=0.008 current_plate=1 selected_plate=1 candidate_phase=2.102 candidate_z=-0.778
[2026-07-21 01:50:01.364] [autoaim] [debug] [Outpost][SELECT_PHASE] current_angle=0.340 target_v_yaw=-2.513 normalized_omega=-2.513 prediction_dt=0.230 future_angle=-0.238 current_plate=1 selected_plate=1 candidate_phase=1.856 candidate_z=-0.778
[2026-07-21 01:50:01.405] [autoaim] [debug] [Outpost][SELECT] mode=ROTATING selected=2 observed=1 changed=true fresh=false unseen=0.349s phase=0.0deg model_ok=false fire=false diff=36.0deg cmd=(0.68,-7.85)
[2026-07-21 01:50:01.421] [autoaim] [debug] [Outpost][SWITCH_COMMIT] t=30746.344 from=1 phase_best=2 height_plate=0 tracked_err=+156.2deg new_phase_err=+36.2deg jump=103.6deg z=-0.684 z_err=0.018 margin=0.041 z_confident=1
[2026-07-21 01:50:01.421] [autoaim] [debug] [Outpost][OBS_ASSOC] seq=9138 state=2 dt=0.3654s world=(3.032,-0.120,-0.684) yaw=43.9deg rho=0.344 radial_res=+0.069 raw_ang=-73.0deg pred=(10.8,130.8,-109.2)deg err=(-83.8,+156.2,+36.2)deg chosen=2 changed=1 corrected=-73.0deg residual=+0.0deg z=(-0.665,-0.778,-0.624) seen=(1,1,1)
[2026-07-21 01:50:01.441] [autoaim] [debug] [Outpost][OBS_ASSOC] seq=9141 state=2 dt=0.0041s world=(2.954,-0.108,-0.659) yaw=42.2deg rho=0.318 radial_res=+0.043 raw_ang=-86.0deg pred=(37.6,157.6,-82.4)deg err=(-123.6,+116.4,-3.6)deg chosen=2 changed=0 corrected=-86.0deg residual=+0.0deg z=(-0.665,-0.778,-0.624) seen=(1,1,1)
[2026-07-21 01:50:01.472] [autoaim] [debug] [Outpost][OBS_INPUT] seq=9351 candidates=1 confidence=0.998 image=(838.3,493.1) image_dist=94.9 camera=(0.132,-0.056,2.731) gimbal=(2.891,-0.092,-0.639) world=(2.891,-0.092,-0.639) gimbal_ypr=(39.4,8.8,19.1)deg world_ypr=(39.4,8.8,19.1)deg
[2026-07-21 01:50:01.472] [autoaim] [debug] [Outpost][SELECT_PHASE] current_angle=0.388 target_v_yaw=-2.513 normalized_omega=-2.513 prediction_dt=0.231 future_angle=-0.192 current_plate=2 selected_plate=2 candidate_phase=-2.286 candidate_z=-0.624
[2026-07-21 01:50:01.489] [autoaim] [debug] [Outpost][OBS_ASSOC] seq=9151 state=2 dt=0.0040s world=(2.896,-0.082,-0.639) yaw=35.3deg rho=0.293 radial_res=+0.018 raw_ang=-97.0deg pred=(21.8,141.8,-98.2)deg err=(-118.8,+121.2,+1.2)deg chosen=2 changed=0 corrected=-97.0deg residual=+0.0deg z=(-0.665,-0.778,-0.624) seen=(1,1,1)
[2026-07-21 01:50:01.517] [autoaim] [debug] [Outpost][OBS_INPUT] seq=9361 candidates=1 confidence=0.999 image=(821.2,489.6) image_dist=81.1 camera=(0.104,-0.060,2.678) gimbal=(2.840,-0.065,-0.621) world=(2.840,-0.065,-0.621) gimbal_ypr=(32.7,9.9,16.3)deg world_ypr=(32.7,9.9,16.3)deg
[2026-07-21 01:50:01.522] [autoaim] [debug] [Outpost][SELECT] mode=ROTATING selected=2 observed=2 changed=false fresh=true unseen=0.000s phase=0.0deg model_ok=true fire=false diff=34.3deg cmd=(0.80,-7.84)
[2026-07-21 01:50:01.546] [autoaim] [debug] [Outpost][OBS_ASSOC] seq=9161 state=2 dt=0.0039s world=(2.785,-0.048,-0.603) yaw=29.8deg rho=0.296 radial_res=+0.021 raw_ang=-119.8deg pred=(6.8,126.8,-113.2)deg err=(-126.5,+113.5,-6.5)deg chosen=2 changed=0 corrected=-119.8deg residual=+0.0deg z=(-0.665,-0.778,-0.624) seen=(1,1,1)
[2026-07-21 01:50:01.566] [autoaim] [debug] [Outpost][OBS_INPUT] seq=9371 candidates=1 confidence=0.984 image=(801.8,486.5) image_dist=67.1 camera=(0.075,-0.065,2.679) gimbal=(2.843,-0.036,-0.616) world=(2.843,-0.036,-0.616) gimbal_ypr=(24.5,14.6,13.6)deg world_ypr=(24.5,14.6,13.6)deg
[2026-07-21 01:50:01.566] [autoaim] [debug] [Outpost][SELECT_PHASE] current_angle=0.177 target_v_yaw=-2.513 normalized_omega=-2.513 prediction_dt=0.228 future_angle=-0.395 current_plate=2 selected_plate=2 candidate_phase=-2.490 candidate_z=-0.624
[2026-07-21 01:50:01.598] [autoaim] [debug] [Outpost][OBS_ASSOC] seq=9171 state=2 dt=0.0040s world=(2.816,-0.014,-0.606) yaw=160.3deg rho=0.252 radial_res=-0.023 raw_ang=-117.5deg pred=(-3.2,116.8,-123.2)deg err=(-114.3,+125.7,+5.7)deg chosen=2 changed=0 corrected=-117.5deg residual=+0.0deg z=(-0.665,-0.778,-0.624) seen=(1,1,1)
[2026-07-21 01:50:01.630] [autoaim] [debug] [Outpost][OBS_INPUT] seq=9381 candidates=1 confidence=0.998 image=(772.8,482.6) image_dist=52.5 camera=(0.032,-0.069,2.621) gimbal=(2.788,0.006,-0.597) world=(2.788,0.006,-0.597) gimbal_ypr=(13.8,14.8,8.5)deg world_ypr=(13.8,14.8,8.5)deg
[2026-07-21 01:50:01.662] [autoaim] [debug] [Outpost][OBS_ASSOC] seq=9181 state=2 dt=0.0042s world=(2.747,0.029,-0.585) yaw=171.4deg rho=0.258 radial_res=-0.017 raw_ang=-135.7deg pred=(-10.8,109.2,-130.8)deg err=(-124.9,+115.1,-4.9)deg chosen=2 changed=0 corrected=-135.7deg residual=+0.0deg z=(-0.665,-0.778,-0.624) seen=(1,1,1)
[2026-07-21 01:50:01.690] [autoaim] [debug] [Outpost][OBS_INPUT] seq=9391 candidates=1 confidence=0.989 image=(743.3,480.2) image_dist=50.8 camera=(-0.011,-0.071,2.564) gimbal=(2.732,0.048,-0.579) world=(2.732,0.048,-0.579) gimbal_ypr=(178.0,178.8,-177.3)deg world_ypr=(178.0,178.8,-177.3)deg
[2026-07-21 01:50:01.690] [autoaim] [debug] [Outpost][SELECT_PHASE] current_angle=-0.370 target_v_yaw=-2.513 normalized_omega=-2.513 prediction_dt=0.260 future_angle=-1.024 current_plate=2 selected_plate=2 candid